customer_id,transactions,total_spending,average_transaction,maximum_transaction,fraud_transactions,average_ip_risk,average_failed_attempts,fraud_rate
CUST10001,10,33365.26,3336.5260000000003,11162.35,0,18.938,0.1,0.0
CUST10002,10,39030.72,3903.072,18383.73,0,24.038999999999998,0.0,0.0
CUST10003,10,52849.94,5284.994000000001,14681.16,0,16.286,0.1,0.0
CUST10004,10,27434.4,2743.44,7464.07,1,15.776,0.2,10.0
CUST10005,10,36952.15,3695.215,14017.88,0,22.66,0.1,0.0
CUST10006,10,58285.79,5828.579,13172.85,0,19.848,0.3,0.0
CUST10007,10,30945.61,3094.561,9827.61,1,24.433,0.3,10.0
CUST10008,10,47468.5,4746.85,17369.59,0,28.269,1.0,0.0
CUST10009,10,59121.84,5912.183999999999,17880.11,1,17.669,0.5,10.0
CUST10010,10,39983.939999999995,3998.3939999999993,16282.05,0,23.275,0.2,0.0
CUST10011,10,69636.29,6963.628999999999,25327.77,0,21.131,0.6,0.0
CUST10012,10,60593.89,6059.389,14006.86,0,15.983,0.3,0.0
CUST10013,10,61016.87,6101.687,16058.74,0,21.567,0.2,0.0
CUST10014,10,60173.240000000005,6017.3240000000005,16462.29,0,26.335,0.2,0.0
CUST10015,10,48698.770000000004,4869.877,9667.93,0,25.137999999999998,0.4,0.0
CUST10016,10,37747.58,3774.7580000000003,10582.6,1,22.734,0.7,10.0
CUST10017,10,49669.729999999996,4966.973,15962.7,0,23.374000000000002,0.5,0.0
CUST10018,10,18519.16,1851.916,4484.83,0,16.722,0.5,0.0
CUST10019,10,45335.28,4533.528,20414.53,0,15.163,0.5,0.0
CUST10020,10,41262.31,4126.231,10572.62,1,29.954,0.6,10.0
CUST10021,10,41251.49,4125.148999999999,16370.58,0,26.672000000000004,0.6,0.0
CUST10022,10,42271.54,4227.154,8438.73,0,21.73,0.4,0.0
CUST10023,10,51003.4,5100.34,13803.56,1,19.579,0.6,10.0
CUST10024,10,37094.42,3709.442,14243.44,0,19.086000000000002,0.4,0.0
CUST10025,10,34914.65,3491.465,14231.5,0,18.630000000000003,0.3,0.0
CUST10026,10,71754.39,7175.439,28776.63,0,15.114,0.3,0.0
CUST10027,10,17222.79,1722.279,5854.67,0,21.093,0.9,0.0
CUST10028,10,29454.989999999998,2945.499,10631.38,1,22.36,0.5,10.0
CUST10029,10,37106.12,3710.612,10778.2,1,18.175,0.1,10.0
CUST10030,10,57423.97,5742.397,22058.96,1,25.261,0.6,10.0
CUST10031,10,48874.91,4887.491,17083.22,2,11.745999999999999,0.3,20.0
CUST10032,10,32317.739999999998,3231.774,9621.71,0,18.815,0.1,0.0
CUST10033,10,23348.73,2334.873,7018.25,0,19.378999999999998,0.4,0.0
CUST10034,10,28709.829999999998,2870.9829999999997,6550.9,0,16.93,0.4,0.0
CUST10035,10,22546.17,2254.6169999999997,5845.92,0,18.348,0.6,0.0
CUST10036,10,50390.28,5039.028,14500.14,0,33.875,0.1,0.0
CUST10037,10,64960.43,6496.043,23496.09,0,18.716,0.4,0.0
CUST10038,10,44729.840000000004,4472.984,12463.36,0,18.231,0.2,0.0
CUST10039,10,119462.2,11946.22,89265.25,0,17.322,0.2,0.0
CUST10040,10,27495.67,2749.567,9487.3,1,26.806,0.5,10.0
CUST10041,10,21047.39,2104.739,7596.83,0,20.778,0.0,0.0
CUST10042,10,42776.66,4277.666,16660.38,0,29.375,0.4,0.0
CUST10043,10,17964.81,1796.4810000000002,3383.53,0,16.279,0.4,0.0
CUST10044,10,39617.38,3961.738,12450.29,0,20.082,0.4,0.0
CUST10045,10,45940.01,4594.001,20196.46,0,21.86,0.1,0.0
CUST10046,10,40788.41,4078.8410000000003,10443.11,0,20.637999999999998,0.3,0.0
CUST10047,10,29418.870000000003,2941.887,10947.89,0,20.521,0.2,0.0
CUST10048,10,27612.39,2761.239,7106.66,0,15.824000000000002,0.7,0.0
CUST10049,10,164157.62,16415.762,123402.95,0,13.265,0.5,0.0
CUST10050,10,59730.59,5973.058999999999,15296.14,0,13.515,0.3,0.0
CUST10051,10,33276.59,3327.6589999999997,9586.39,0,18.163,0.2,0.0
CUST10052,10,31727.68,3172.768,7980.26,0,16.755,0.2,0.0
CUST10053,10,26148.68,2614.868,10414.94,0,19.363,0.2,0.0
CUST10054,10,23064.79,2306.4790000000003,5318.25,0,24.958000000000002,0.8,0.0
CUST10055,10,20631.34,2063.134,3665.97,1,26.490999999999996,0.7,10.0
CUST10056,10,65184.48,6518.448,13440.2,0,18.128999999999998,0.5,0.0
CUST10057,10,47893.12,4789.312,10278.47,0,22.779000000000003,0.3,0.0
CUST10058,10,42169.68,4216.968,10907.71,0,13.290000000000001,0.5,0.0
CUST10059,10,31156.469999999998,3115.647,16553.73,0,23.389,0.4,0.0
CUST10060,10,54191.0,5419.1,28094.32,0,21.709,0.0,0.0
CUST10061,10,41753.98,4175.398,7364.55,0,18.062,0.7,0.0
CUST10062,10,31316.670000000002,3131.6670000000004,9049.1,0,22.41,0.4,0.0
CUST10063,10,47221.729999999996,4722.173,15729.52,0,22.663999999999998,0.5,0.0
CUST10064,10,56172.38,5617.237999999999,25807.8,1,30.1,0.9,10.0
CUST10065,10,29385.82,2938.582,11936.99,1,16.853,0.2,10.0
CUST10066,10,18481.8,1848.1799999999998,4217.84,0,18.728,0.1,0.0
CUST10067,10,38310.87,3831.0870000000004,12274.54,0,23.012999999999998,0.2,0.0
CUST10068,10,98889.22,9888.922,57065.67,0,21.364,0.3,0.0
CUST10069,10,43651.020000000004,4365.102000000001,9774.53,1,31.525,0.6,10.0
CUST10070,10,43149.09,4314.909,15907.02,0,22.244,0.1,0.0
CUST10071,10,95593.91,9559.391,51405.66,0,19.415,0.5,0.0
CUST10072,10,32283.859999999997,3228.3859999999995,8772.97,0,16.691,0.2,0.0
CUST10073,10,34356.74,3435.674,10198.02,0,25.4,0.4,0.0
CUST10074,10,23944.239999999998,2394.424,4333.54,1,14.459999999999999,0.6,10.0
CUST10075,10,41887.52,4188.7519999999995,7919.73,0,19.611,0.2,0.0
CUST10076,10,37950.64,3795.064,8221.38,0,21.06,0.3,0.0
CUST10077,10,34116.5,3411.65,13211.2,0,14.272,0.2,0.0
CUST10078,10,15332.58,1533.258,4296.76,0,20.24,0.5,0.0
CUST10079,10,26577.11,2657.7110000000002,7452.74,0,20.261,0.2,0.0
CUST10080,10,31711.67,3171.167,12331.92,0,20.066,0.0,0.0
CUST10081,10,27803.56,2780.356,5085.38,0,19.962,0.7,0.0
CUST10082,10,58490.19,5849.019,33393.22,1,17.555,0.2,10.0
CUST10083,10,35086.159999999996,3508.6159999999995,11113.3,0,17.925,0.7,0.0
CUST10084,10,34236.0,3423.6,8403.63,0,15.884,0.1,0.0
CUST10085,10,72991.09,7299.1089999999995,38656.0,1,19.855,0.6,10.0
CUST10086,10,27947.14,2794.714,4952.61,0,18.805,0.7,0.0
CUST10087,10,29948.84,2994.884,10748.34,0,15.202000000000002,0.2,0.0
CUST10088,10,22950.510000000002,2295.0510000000004,6050.68,0,17.808,0.2,0.0
CUST10089,10,36413.94,3641.3940000000002,12477.0,1,19.051,0.7,10.0
CUST10090,10,40992.51,4099.251,13590.81,0,20.294999999999998,0.5,0.0
CUST10091,10,42550.46,4255.046,15158.14,0,19.84,0.2,0.0
CUST10092,10,40826.759999999995,4082.6759999999995,8092.4,0,16.081,0.0,0.0
CUST10093,10,52958.340000000004,5295.834000000001,22711.72,0,21.994,0.3,0.0
CUST10094,10,22121.93,2212.193,9372.28,0,18.427,0.5,0.0
CUST10095,10,71418.23,7141.822999999999,22785.49,0,25.247,0.4,0.0
CUST10096,10,29411.0,2941.1,9906.21,0,16.713,0.1,0.0
CUST10097,10,33991.77,3399.1769999999997,6981.82,1,20.196,0.3,10.0
CUST10098,10,27708.059999999998,2770.8059999999996,7015.88,0,20.965,0.4,0.0
CUST10099,10,36241.79,3624.179,10398.73,0,22.453,0.4,0.0
CUST10100,10,47498.62,4749.862,19707.63,0,17.179,0.4,0.0
CUST10101,10,37972.75,3797.275,9406.48,0,21.202,0.7,0.0
CUST10102,10,61033.36,6103.336,15124.4,1,15.288999999999998,0.1,10.0
CUST10103,10,46098.729999999996,4609.873,11838.46,0,21.666999999999998,0.3,0.0
CUST10104,10,28402.06,2840.206,8131.51,0,15.825999999999999,0.1,0.0
CUST10105,10,32385.75,3238.575,9920.43,0,23.749000000000002,0.7,0.0
CUST10106,10,37090.13,3709.013,11069.88,0,20.369999999999997,0.5,0.0
CUST10107,10,28672.84,2867.284,7853.54,0,22.500999999999998,0.5,0.0
CUST10108,10,33250.77,3325.0769999999998,13716.9,1,20.161,0.4,10.0
CUST10109,10,25930.71,2593.071,8077.55,0,24.718,0.4,0.0
CUST10110,10,26907.18,2690.718,7360.27,0,14.820000000000002,0.6,0.0
CUST10111,10,44701.67,4470.1669999999995,10415.96,0,14.547999999999998,0.3,0.0
CUST10112,10,22729.18,2272.918,7267.69,0,26.110000000000003,0.1,0.0
CUST10113,10,37510.88,3751.0879999999997,10593.59,0,19.173000000000002,0.2,0.0
CUST10114,10,26710.69,2671.069,8528.06,1,30.928999999999995,0.9,10.0
CUST10115,10,65881.06,6588.106,16612.51,0,23.16,0.5,0.0
CUST10116,10,35238.3,3523.8300000000004,16323.83,0,20.444,0.1,0.0
CUST10117,10,33564.35,3356.435,9473.43,0,17.637,0.5,0.0
CUST10118,10,27585.2,2758.52,11890.0,0,23.685000000000002,0.6,0.0
CUST10119,10,35804.18,3580.418,8490.91,0,14.602,0.4,0.0
CUST10120,10,45756.56,4575.656,14866.57,1,21.552,0.5,10.0
CUST10121,10,57209.92,5720.992,20386.07,0,20.219,0.4,0.0
CUST10122,10,34299.44,3429.9440000000004,12954.32,2,22.597,0.2,20.0
CUST10123,10,29230.61,2923.061,10827.42,0,23.083000000000002,0.4,0.0
CUST10124,10,71021.34999999999,7102.134999999999,44153.75,0,22.708000000000002,0.4,0.0
CUST10125,10,38155.63,3815.5629999999996,8768.14,0,23.23,0.4,0.0
CUST10126,10,61696.71000000001,6169.671,18184.56,0,24.506,0.3,0.0
CUST10127,10,41904.42,4190.442,15057.47,0,19.017,0.4,0.0
CUST10128,10,29710.66,2971.066,9872.98,0,31.112000000000002,0.2,0.0
CUST10129,10,25596.28,2559.6279999999997,7446.1,1,21.378,0.4,10.0
CUST10130,10,33819.78,3381.978,10183.01,0,25.284,0.8,0.0
CUST10131,10,47817.92,4781.7919999999995,11344.86,0,17.721,1.0,0.0
CUST10132,10,53154.97,5315.497,29005.82,0,17.717,0.2,0.0
CUST10133,10,29356.07,2935.607,10431.39,0,18.927,0.3,0.0
CUST10134,10,36230.119999999995,3623.0119999999997,9596.17,1,24.312,0.9,10.0
CUST10135,10,21178.59,2117.859,6355.29,0,19.181,0.4,0.0
CUST10136,10,78152.93,7815.293,38070.04,1,22.776,0.3,10.0
CUST10137,10,30462.559999999998,3046.256,7906.71,1,21.362000000000002,0.5,10.0
CUST10138,10,44601.9,4460.1900000000005,13053.88,0,15.248,0.5,0.0
CUST10139,10,27709.48,2770.948,8355.32,1,29.663,0.2,10.0
CUST10140,10,46123.42,4612.342,12274.12,0,21.6,0.2,0.0
CUST10141,10,41912.05,4191.205,8332.2,0,16.823,0.3,0.0
CUST10142,10,38840.67,3884.067,13576.32,0,20.243000000000002,0.4,0.0
CUST10143,10,37052.16,3705.2160000000003,11275.77,0,16.676,0.4,0.0
CUST10144,10,30728.84,3072.884,15326.37,0,16.387999999999998,0.5,0.0
CUST10145,10,42863.79,4286.379,9312.02,0,26.264999999999997,0.1,0.0
CUST10146,10,45175.64,4517.564,11074.06,1,12.206999999999999,0.3,10.0
CUST10147,10,51244.54,5124.454,16328.19,1,15.958000000000002,0.2,10.0
CUST10148,10,50983.87,5098.387000000001,22380.81,0,25.958,0.2,0.0
CUST10149,10,35892.15,3589.215,21634.49,0,17.416,0.0,0.0
CUST10150,10,39751.75,3975.175,10905.53,0,22.072,0.2,0.0
CUST10151,10,35627.43,3562.743,10335.37,0,26.621000000000002,0.6,0.0
CUST10152,10,66248.64,6624.864,29412.34,0,21.131,0.3,0.0
CUST10153,10,120224.56,12022.456,76831.02,1,21.271,0.8,10.0
CUST10154,10,77384.61,7738.461,44648.33,0,15.684000000000001,0.1,0.0
CUST10155,10,57313.47,5731.347,15328.92,0,19.586000000000002,0.0,0.0
CUST10156,10,30572.75,3057.275,15911.09,0,22.261000000000003,0.5,0.0
CUST10157,10,25523.79,2552.379,5327.34,1,19.836000000000002,0.3,10.0
CUST10158,10,58482.409999999996,5848.241,20646.15,0,18.173,0.3,0.0
CUST10159,10,44865.340000000004,4486.534000000001,12460.53,1,17.848000000000003,0.4,10.0
CUST10160,10,19082.86,1908.286,4017.33,0,18.167,0.4,0.0
CUST10161,10,24829.65,2482.965,6014.88,1,12.744,0.2,10.0
CUST10162,10,22905.25,2290.525,6736.3,0,15.381,0.2,0.0
CUST10163,10,46723.81,4672.380999999999,9297.17,0,17.250999999999998,0.4,0.0
CUST10164,10,31950.37,3195.037,11530.96,0,21.853,0.1,0.0
CUST10165,10,73017.45,7301.745,21347.25,0,17.43,0.5,0.0
CUST10166,10,20390.18,2039.018,7224.42,1,23.328,0.2,10.0
CUST10167,10,62550.55,6255.055,37931.04,0,17.69,0.4,0.0
CUST10168,10,38330.6,3833.06,14667.96,0,23.544999999999998,0.3,0.0
CUST10169,10,41285.14,4128.514,7385.77,0,17.682,0.4,0.0
CUST10170,10,62893.729999999996,6289.373,20327.88,0,19.285,0.6,0.0
CUST10171,10,36695.3,3669.53,11655.44,0,20.893,0.4,0.0
CUST10172,10,49772.53,4977.253,12264.36,0,18.205000000000002,0.4,0.0
CUST10173,10,66400.45999999999,6640.045999999999,25868.52,1,22.122999999999998,0.5,10.0
CUST10174,10,34756.2,3475.62,7361.6,1,16.881,0.2,10.0
CUST10175,10,58703.020000000004,5870.302000000001,12775.77,0,16.891,0.3,0.0
CUST10176,10,25628.68,2562.868,5125.72,0,20.335,0.1,0.0
CUST10177,10,61877.66,6187.7660000000005,31618.21,0,18.942,0.7,0.0
CUST10178,10,28978.97,2897.897,9269.93,0,24.897,0.4,0.0
CUST10179,10,61158.82,6115.882,31823.11,0,23.137,0.4,0.0
CUST10180,10,16978.68,1697.868,6183.65,0,23.830000000000002,0.3,0.0
CUST10181,10,35859.82,3585.982,7319.68,0,19.296,0.0,0.0
CUST10182,10,50766.72,5076.6720000000005,15682.32,0,20.226999999999997,0.0,0.0
CUST10183,10,47860.68,4786.068,13650.4,0,21.913,0.3,0.0
CUST10184,10,53193.799999999996,5319.379999999999,16395.37,0,17.853,0.4,0.0
CUST10185,10,31354.21,3135.421,9909.96,0,18.808,0.6,0.0
CUST10186,10,30355.359999999997,3035.5359999999996,8968.75,0,22.728,0.4,0.0
CUST10187,10,31654.23,3165.423,10501.72,0,21.867,0.4,0.0
CUST10188,10,36602.75,3660.275,12116.29,0,25.305,0.1,0.0
CUST10189,10,52388.979999999996,5238.897999999999,21756.87,1,20.825,0.1,10.0
CUST10190,10,43846.770000000004,4384.677000000001,16026.87,1,19.131999999999998,0.4,10.0
CUST10191,10,27566.34,2756.634,7948.65,1,19.645,0.5,10.0
CUST10192,10,30234.71,3023.471,6391.0,0,12.905000000000001,0.2,0.0
CUST10193,10,121093.34,12109.333999999999,75674.5,1,15.172,0.3,10.0
CUST10194,10,94615.79000000001,9461.579000000002,33251.16,0,18.275,0.2,0.0
CUST10195,10,36808.79,3680.879,14253.33,0,17.356,0.0,0.0
CUST10196,10,60298.85,6029.885,30458.44,0,18.14,0.4,0.0
CUST10197,10,18792.91,1879.291,3877.2,2,19.145,0.2,20.0
CUST10198,10,27860.5,2786.05,13818.17,0,25.886000000000003,0.2,0.0
CUST10199,10,54540.29,5454.029,14157.78,0,19.981,0.1,0.0
CUST10200,10,36516.53,3651.653,10465.67,0,23.857999999999997,0.3,0.0
CUST10201,10,19809.4,1980.94,4212.88,0,12.01,0.2,0.0
CUST10202,10,43644.57,4364.457,19442.12,1,15.657999999999998,0.7,10.0
CUST10203,10,21658.62,2165.862,8966.59,0,21.469,0.3,0.0
CUST10204,10,22817.71,2281.7709999999997,8741.33,0,22.075,0.2,0.0
CUST10205,10,54797.32,5479.732,17256.36,0,25.968,0.4,0.0
CUST10206,10,22851.33,2285.1330000000003,6839.49,0,20.934,0.2,0.0
CUST10207,10,42807.19,4280.719,10617.98,1,14.838,0.1,10.0
CUST10208,10,21823.370000000003,2182.3370000000004,5799.1,0,26.296,0.1,0.0
CUST10209,10,11242.5,1124.25,2188.55,1,24.553,0.2,10.0
CUST10210,10,19891.6,1989.1599999999999,5984.42,0,24.786,0.6,0.0
CUST10211,10,40902.33,4090.233,10821.16,1,18.818,0.4,10.0
CUST10212,10,21321.46,2132.1459999999997,5331.82,0,28.205000000000002,0.7,0.0
CUST10213,10,28385.4,2838.54,5852.07,0,15.64,0.2,0.0
CUST10214,10,41253.21,4125.321,10120.21,0,17.09,0.3,0.0
CUST10215,10,44971.53,4497.153,13264.63,0,18.445,0.6,0.0
CUST10216,10,43686.95,4368.695,13232.47,0,19.419,0.5,0.0
CUST10217,10,34836.56,3483.656,15523.61,1,18.156,0.3,10.0
CUST10218,10,47340.27,4734.027,13898.1,0,17.943,0.3,0.0
CUST10219,10,23380.82,2338.082,8522.22,0,19.23,0.5,0.0
CUST10220,10,34427.46,3442.746,19894.59,1,23.445,0.4,10.0
CUST10221,10,45481.119999999995,4548.111999999999,25000.78,0,16.907,0.4,0.0
CUST10222,10,14274.25,1427.425,3574.46,0,21.457,0.1,0.0
CUST10223,10,23641.61,2364.161,6424.92,0,19.407,0.3,0.0
CUST10224,10,40779.05,4077.905,11694.05,1,19.208000000000002,0.0,10.0
CUST10225,10,12461.81,1246.181,4120.78,0,20.895,0.2,0.0
CUST10226,10,64181.70999999999,6418.170999999999,18705.66,1,17.618000000000002,0.2,10.0
CUST10227,10,27404.07,2740.407,5174.44,0,18.528,0.2,0.0
CUST10228,10,27865.649999999998,2786.5649999999996,5944.15,1,18.475,0.3,10.0
CUST10229,10,115415.07,11541.507000000001,83520.55,0,11.582,0.4,0.0
CUST10230,10,27457.48,2745.748,9108.34,0,23.544,0.2,0.0
CUST10231,10,45050.41,4505.041,10453.54,0,22.016,0.3,0.0
CUST10232,10,41734.06,4173.406,13527.94,0,19.913,0.0,0.0
CUST10233,10,53685.81,5368.581,24724.65,0,22.836000000000002,0.2,0.0
CUST10234,10,43407.05,4340.705,25752.81,0,19.945,0.3,0.0
CUST10235,10,23025.79,2302.579,6650.15,0,17.018,0.3,0.0
CUST10236,10,25206.29,2520.629,11005.12,0,17.979,0.5,0.0
CUST10237,10,42747.229999999996,4274.723,8692.32,1,15.617,0.2,10.0
CUST10238,10,41521.090000000004,4152.109,9830.62,0,16.968,0.4,0.0
CUST10239,10,36934.74,3693.4739999999997,11419.89,0,14.014,0.5,0.0
CUST10240,10,40248.6,4024.8599999999997,9466.0,0,29.964,0.1,0.0
CUST10241,10,43919.840000000004,4391.984,14240.06,0,24.324,0.4,0.0
CUST10242,10,24744.53,2474.453,5089.64,0,27.302,0.7,0.0
CUST10243,10,26758.32,2675.832,10868.56,0,24.926,0.2,0.0
CUST10244,10,26210.68,2621.068,8246.74,1,26.139999999999997,0.7,10.0
CUST10245,10,23427.41,2342.741,5269.14,0,16.894,0.1,0.0
CUST10246,10,35526.3,3552.63,11091.69,0,20.419999999999998,0.1,0.0
CUST10247,10,40595.08,4059.5080000000003,23017.25,0,25.881999999999998,0.4,0.0
CUST10248,10,17724.54,1772.4540000000002,3524.17,0,18.201,0.3,0.0
CUST10249,10,30963.48,3096.348,11243.67,0,15.099,0.3,0.0
CUST10250,10,27156.84,2715.684,4848.97,0,21.077,0.3,0.0
CUST10251,10,32248.29,3224.829,6963.58,0,25.449,0.6,0.0
CUST10252,10,55508.9,5550.89,24555.12,0,27.436,0.5,0.0
CUST10253,10,24487.91,2448.791,7261.23,0,16.621000000000002,0.2,0.0
CUST10254,10,34152.15,3415.215,11452.11,0,20.078,0.3,0.0
CUST10255,10,31424.35,3142.435,11553.99,0,24.052,0.6,0.0
CUST10256,10,33012.46,3301.246,9479.32,0,19.19,0.5,0.0
CUST10257,10,21381.420000000002,2138.1420000000003,6256.1,0,19.262,0.1,0.0
CUST10258,10,47917.47,4791.747,22532.26,0,16.298000000000002,0.4,0.0
CUST10259,10,32459.99,3245.9990000000003,14825.12,0,17.406,0.3,0.0
CUST10260,10,30505.79,3050.579,6836.67,0,17.484,0.3,0.0
CUST10261,10,29591.8,2959.18,7483.49,0,19.982999999999997,0.3,0.0
CUST10262,10,42671.89,4267.189,10739.37,0,16.302,0.3,0.0
CUST10263,10,62591.27,6259.1269999999995,14334.68,1,22.975,0.5,10.0
CUST10264,10,34010.78,3401.078,10470.4,1,17.915,0.1,10.0
CUST10265,10,68944.98,6894.498,27586.58,0,15.4,0.2,0.0
CUST10266,10,38511.020000000004,3851.1020000000003,18122.81,0,19.258000000000003,0.0,0.0
CUST10267,10,44121.99,4412.199,11219.39,0,20.546,0.6,0.0
CUST10268,10,32686.73,3268.673,9577.56,0,13.247,0.4,0.0
CUST10269,10,40201.54,4020.154,20268.92,1,17.758,0.1,10.0
CUST10270,10,30157.579999999998,3015.758,5556.91,1,19.877000000000002,0.6,10.0
CUST10271,10,33399.06,3339.906,9504.64,1,23.926,0.2,10.0
CUST10272,10,35703.49,3570.3489999999997,7324.73,0,19.237000000000002,0.6,0.0
CUST10273,10,67270.07,6727.0070000000005,25617.82,0,27.093,0.1,0.0
CUST10274,10,21127.47,2112.7470000000003,4533.93,0,16.862000000000002,0.6,0.0
CUST10275,10,60334.15,6033.415,17938.46,0,16.918,0.1,0.0
CUST10276,10,127635.79000000001,12763.579000000002,100566.03,0,20.842000000000002,0.5,0.0
CUST10277,10,27226.260000000002,2722.626,5517.86,1,25.807,0.7,10.0
CUST10278,10,40865.979999999996,4086.5979999999995,10321.96,0,21.768,0.5,0.0
CUST10279,10,39520.700000000004,3952.0700000000006,18461.4,0,18.991999999999997,0.1,0.0
CUST10280,10,42199.61,4219.961,12579.82,0,22.134,0.4,0.0
CUST10281,10,35868.09,3586.8089999999997,7721.55,0,18.821,0.2,0.0
CUST10282,10,45062.01,4506.201,11976.66,1,13.871,0.3,10.0
CUST10283,10,28801.99,2880.199,6326.61,1,12.669,0.8,10.0
CUST10284,10,25711.69,2571.169,7343.77,1,20.666,0.5,10.0
CUST10285,10,37386.72,3738.672,7324.14,0,25.161,0.1,0.0
CUST10286,10,54402.520000000004,5440.252,14026.27,0,17.315,0.4,0.0
CUST10287,10,26202.25,2620.225,8736.14,0,18.747,0.3,0.0
CUST10288,10,59610.38,5961.038,14232.65,1,19.349,0.3,10.0
CUST10289,10,45616.83,4561.683,17366.95,0,29.412,0.3,0.0
CUST10290,10,30218.47,3021.847,15424.49,1,33.874,0.8,10.0
CUST10291,10,47352.36,4735.236,13207.06,1,24.741,0.3,10.0
CUST10292,10,22860.88,2286.088,5750.41,2,29.848000000000003,0.4,20.0
CUST10293,10,26709.84,2670.984,5980.19,0,19.707,0.2,0.0
CUST10294,10,46523.520000000004,4652.352000000001,12424.26,0,21.576,0.3,0.0
CUST10295,10,26835.02,2683.502,4661.44,0,21.826999999999998,0.3,0.0
CUST10296,10,25088.21,2508.821,5779.05,0,23.519,0.4,0.0
CUST10297,10,30702.760000000002,3070.2760000000003,9381.73,0,18.621000000000002,0.3,0.0
CUST10298,10,56121.76,5612.176,41647.85,0,18.622999999999998,0.8,0.0
CUST10299,10,29623.03,2962.303,9530.16,0,17.772,0.2,0.0
CUST10300,10,32157.47,3215.7470000000003,5461.45,0,25.636000000000003,0.3,0.0
CUST10301,10,35829.75,3582.975,11215.08,0,26.253000000000004,0.7,0.0
CUST10302,10,147780.78,14778.078,114525.34,1,17.656,0.2,10.0
CUST10303,10,30037.379999999997,3003.738,7804.03,0,21.639000000000003,0.2,0.0
CUST10304,10,60855.02,6085.5019999999995,20950.46,1,17.813,0.3,10.0
CUST10305,10,15602.69,1560.269,2573.15,0,22.744,0.4,0.0
CUST10306,10,42822.38,4282.237999999999,23234.48,0,24.761,0.6,0.0
CUST10307,10,45148.5,4514.85,16498.53,0,20.45,0.5,0.0
CUST10308,10,38236.59,3823.6589999999997,8823.07,0,23.368000000000002,0.1,0.0
CUST10309,10,33628.18,3362.818,13647.84,0,23.646,0.2,0.0
CUST10310,10,42069.71,4206.971,18260.93,0,23.731,0.1,0.0
CUST10311,10,24022.41,2402.241,7407.34,0,26.043,0.3,0.0
CUST10312,10,435730.8,43573.08,400377.36,0,13.591999999999999,0.4,0.0
CUST10313,10,23721.01,2372.1009999999997,4291.49,0,15.929000000000002,0.3,0.0
CUST10314,10,110879.46,11087.946,78369.35,1,33.307,1.4,10.0
CUST10315,10,32766.38,3276.638,17818.7,0,22.637999999999998,0.0,0.0
CUST10316,10,54840.85,5484.085,27231.7,0,25.514,0.0,0.0
CUST10317,10,46911.71,4691.171,15458.49,0,21.569,0.0,0.0
CUST10318,10,46096.54,4609.654,14100.14,0,23.881,0.1,0.0
CUST10319,10,28045.27,2804.527,9824.49,0,18.631999999999998,0.7,0.0
CUST10320,10,23117.53,2311.7529999999997,6135.23,0,27.385,0.2,0.0
CUST10321,10,41081.1,4108.11,31092.08,0,19.062,0.4,0.0
CUST10322,10,45637.33,4563.733,15511.24,0,23.309,1.2,0.0
CUST10323,10,34262.340000000004,3426.2340000000004,10974.85,0,15.791999999999998,0.9,0.0
CUST10324,10,19980.85,1998.0849999999998,4519.59,0,22.782999999999998,0.2,0.0
CUST10325,10,47401.19,4740.119000000001,13501.65,0,23.803,0.4,0.0
CUST10326,10,29430.29,2943.029,6327.6,0,15.822999999999999,0.6,0.0
CUST10327,10,48906.03,4890.603,10726.58,0,26.843,0.3,0.0
CUST10328,10,39286.96,3928.696,9696.15,1,28.412,0.8,10.0
CUST10329,10,42157.020000000004,4215.702,14131.6,0,16.275,0.2,0.0
CUST10330,10,41096.44,4109.644,14355.23,1,18.037,0.3,10.0
CUST10331,10,47460.0,4746.0,14292.95,0,14.616,0.6,0.0
CUST10332,10,21850.85,2185.085,4138.87,1,21.907999999999998,0.3,10.0
CUST10333,10,15694.77,1569.477,2834.67,1,18.204,0.0,10.0
CUST10334,10,54360.0,5436.0,21196.89,0,21.438,0.7,0.0
CUST10335,10,45567.770000000004,4556.777,8643.54,0,19.006999999999998,0.2,0.0
CUST10336,10,24026.45,2402.645,11698.54,1,23.156,0.5,10.0
CUST10337,10,39280.86,3928.0860000000002,12959.44,0,24.283,0.1,0.0
CUST10338,10,89446.68000000001,8944.668000000001,38761.48,0,12.893,0.1,0.0
CUST10339,10,37003.86,3700.386,7086.84,0,21.994,0.3,0.0
CUST10340,10,46967.47,4696.747,13168.15,1,19.793,0.2,10.0
CUST10341,10,34654.29,3465.429,7441.13,0,19.494999999999997,0.4,0.0
CUST10342,10,93344.71,9334.471000000001,59250.44,0,25.962,0.5,0.0
CUST10343,10,44623.83,4462.383,8927.69,2,24.084,0.5,20.0
CUST10344,10,28856.53,2885.653,9528.54,0,21.004,0.6,0.0
CUST10345,10,34259.2,3425.9199999999996,14116.24,0,18.226,0.2,0.0
CUST10346,10,101936.73999999999,10193.673999999999,34459.56,0,22.374000000000002,0.4,0.0
CUST10347,10,34314.86,3431.486,7854.0,0,18.453,0.5,0.0
CUST10348,10,73678.1,7367.81,49080.89,0,20.266,0.2,0.0
CUST10349,10,38716.26,3871.626,19341.88,0,14.879,0.7,0.0
CUST10350,10,23570.35,2357.035,6510.44,0,20.748,0.4,0.0
CUST10351,10,50761.840000000004,5076.184,10097.19,1,29.452999999999996,0.5,10.0
CUST10352,10,32167.65,3216.7650000000003,6042.18,0,28.416000000000004,0.2,0.0
CUST10353,10,37266.97,3726.697,15999.21,0,27.345,0.6,0.0
CUST10354,10,45945.520000000004,4594.552000000001,18940.73,0,15.328,0.1,0.0
CUST10355,10,44705.49,4470.549,14316.56,0,30.504,0.5,0.0
CUST10356,10,57620.03,5762.003,27639.36,1,19.955000000000002,0.5,10.0
CUST10357,10,32601.02,3260.102,6645.65,0,21.694,0.1,0.0
CUST10358,10,34383.08,3438.308,11622.85,0,20.603,0.2,0.0
CUST10359,10,55251.94,5525.194,20934.44,0,15.341,0.3,0.0
CUST10360,10,35344.24,3534.424,7774.87,0,17.387,0.4,0.0
CUST10361,10,38383.15,3838.315,17859.76,0,21.009999999999998,0.7,0.0
CUST10362,10,89214.35,8921.435000000001,43594.28,1,24.217000000000002,0.6,10.0
CUST10363,10,51919.94,5191.994000000001,13921.89,0,24.689,0.6,0.0
CUST10364,10,71588.62,7158.861999999999,27891.86,0,15.25,0.1,0.0
CUST10365,10,53356.04,5335.604,24146.43,0,26.46,0.4,0.0
CUST10366,10,33250.55,3325.0550000000003,7558.53,0,20.984,0.2,0.0
CUST10367,10,39567.26,3956.726,11173.51,0,19.883,0.2,0.0
CUST10368,10,49872.15,4987.215,25075.13,0,20.064,0.9,0.0
CUST10369,10,91891.84,9189.184,23293.24,0,19.931,0.2,0.0
CUST10370,10,39727.76,3972.7760000000003,21405.65,1,11.248000000000001,0.3,10.0
CUST10371,10,53651.18,5365.118,18826.14,0,12.878,0.3,0.0
CUST10372,10,30182.29,3018.2290000000003,9618.57,0,23.316,0.3,0.0
CUST10373,10,36709.58,3670.958,7302.9,0,14.553999999999998,0.2,0.0
CUST10374,10,29674.03,2967.403,4697.28,0,20.95,0.0,0.0
CUST10375,10,34238.49,3423.8489999999997,16501.44,1,25.628000000000004,0.2,10.0
CUST10376,10,28712.32,2871.232,7396.93,0,27.139,0.3,0.0
CUST10377,10,31157.1,3115.71,6697.93,0,27.380000000000003,0.4,0.0
CUST10378,10,39006.38,3900.638,12069.12,0,22.333000000000002,0.3,0.0
CUST10379,10,28868.230000000003,2886.8230000000003,10147.28,0,23.740000000000002,0.6,0.0
CUST10380,10,37654.93,3765.493,9745.47,0,17.06,0.3,0.0
CUST10381,10,35890.47,3589.047,10287.25,1,18.311,0.4,10.0
CUST10382,10,58853.23,5885.323,32038.04,1,22.637,0.6,10.0
CUST10383,10,39300.64,3930.064,10284.92,0,17.099,0.3,0.0
CUST10384,10,34580.0,3458.0,7790.65,1,20.95,0.2,10.0
CUST10385,10,18792.21,1879.221,3936.98,0,20.203,0.2,0.0
CUST10386,10,32082.87,3208.287,6471.16,0,19.987000000000002,0.4,0.0
CUST10387,10,23148.71,2314.871,7763.36,0,17.921,0.5,0.0
CUST10388,10,18003.61,1800.361,6242.59,0,25.387,0.4,0.0
CUST10389,10,32300.67,3230.067,13380.55,0,18.856,0.2,0.0
CUST10390,10,59113.439999999995,5911.343999999999,17009.03,1,24.954,0.2,10.0
CUST10391,10,45214.24,4521.424,28130.49,0,15.529999999999998,0.6,0.0
CUST10392,10,82490.54,8249.054,38432.49,0,17.971,0.2,0.0
CUST10393,10,20804.07,2080.407,3762.49,0,17.121000000000002,0.8,0.0
CUST10394,10,32195.91,3219.591,6440.48,0,27.341,0.7,0.0
CUST10395,10,27755.59,2775.559,7370.1,0,22.908,0.6,0.0
CUST10396,10,18024.44,1802.444,3997.18,0,20.101,0.1,0.0
CUST10397,10,82012.06,8201.206,30864.41,0,21.962,0.5,0.0
CUST10398,10,32845.06,3284.506,11181.49,0,22.378999999999998,0.1,0.0
CUST10399,10,21352.64,2135.264,4123.66,0,26.083999999999996,0.3,0.0
CUST10400,10,34812.44,3481.244,6656.01,0,30.125999999999998,0.2,0.0
CUST10401,10,18205.28,1820.5279999999998,3564.27,0,19.166,0.1,0.0
CUST10402,10,26768.56,2676.856,7336.36,0,20.271,0.2,0.0
CUST10403,10,55078.25,5507.825,16033.17,0,22.515,0.1,0.0
CUST10404,10,22218.12,2221.812,4507.36,0,16.288,0.3,0.0
CUST10405,10,45640.09,4564.009,13821.62,0,20.660999999999998,0.7,0.0
CUST10406,10,55137.14,5513.714,13718.0,0,20.063,0.2,0.0
CUST10407,10,55678.95,5567.8949999999995,12006.5,0,14.603,0.2,0.0
CUST10408,10,38306.85,3830.685,10197.36,0,20.943,0.2,0.0
CUST10409,10,52131.56,5213.156,29203.68,0,27.142000000000003,0.2,0.0
CUST10410,10,65216.67,6521.6669999999995,18872.8,1,18.744999999999997,0.2,10.0
CUST10411,10,44299.68,4429.968,10772.61,1,27.915,0.6,10.0
CUST10412,10,50701.1,5070.11,15107.5,0,18.823,0.2,0.0
CUST10413,10,56363.41,5636.341,19847.51,0,21.913999999999998,0.1,0.0
CUST10414,10,40006.95,4000.6949999999997,11056.39,0,10.709,0.3,0.0
CUST10415,10,46122.72,4612.272,17104.55,0,24.616999999999997,0.2,0.0
CUST10416,10,105600.98,10560.098,34782.95,1,17.788,0.3,10.0
CUST10417,10,51737.5,5173.75,14994.85,0,20.096,0.6,0.0
CUST10418,10,30432.87,3043.287,5435.7,0,16.502000000000002,0.5,0.0
CUST10419,10,34648.79,3464.879,5690.78,0,15.512,0.4,0.0
CUST10420,10,24365.5,2436.55,7096.71,0,21.872,0.2,0.0
CUST10421,10,60656.09,6065.6089999999995,22905.1,1,18.71,0.6,10.0
CUST10422,10,35690.58,3569.058,12453.01,0,21.336000000000002,0.2,0.0
CUST10423,10,63505.64,6350.564,15463.79,0,19.685,0.2,0.0
CUST10424,10,26567.86,2656.786,6943.74,0,21.163999999999998,0.1,0.0
CUST10425,10,31000.48,3100.048,8215.91,0,18.95,0.3,0.0
CUST10426,10,49465.079999999994,4946.508,16516.16,0,14.9,0.4,0.0
CUST10427,10,41438.79,4143.879,18421.6,1,18.741,0.2,10.0
CUST10428,10,35733.24,3573.3239999999996,11892.13,1,27.731,0.2,10.0
CUST10429,10,17825.35,1782.5349999999999,5227.69,0,27.483999999999998,0.3,0.0
CUST10430,10,55364.520000000004,5536.452,24624.83,0,23.059,0.3,0.0
CUST10431,10,51557.93,5155.793,13507.22,0,22.863999999999997,0.6,0.0
CUST10432,10,47279.090000000004,4727.909000000001,11367.45,1,21.294999999999998,0.5,10.0
CUST10433,10,49106.64,4910.664,20157.0,0,19.512,0.1,0.0
CUST10434,10,57715.94,5771.594,26322.32,1,28.072000000000003,0.6,10.0
CUST10435,10,49114.89,4911.489,11419.67,0,17.717,0.0,0.0
CUST10436,10,28992.77,2899.277,10659.21,0,18.631,0.4,0.0
CUST10437,10,52249.219999999994,5224.922,20932.3,1,19.037,0.6,10.0
CUST10438,10,28191.28,2819.1279999999997,8525.98,0,20.28,0.1,0.0
CUST10439,10,30239.94,3023.9939999999997,5692.24,0,26.024,0.4,0.0
CUST10440,10,17005.44,1700.5439999999999,2881.39,0,19.881,0.0,0.0
CUST10441,10,40785.23,4078.523,23183.36,0,19.112000000000002,0.4,0.0
CUST10442,10,63200.740000000005,6320.0740000000005,35497.71,0,19.219,0.3,0.0
CUST10443,10,37289.04,3728.904,9746.06,0,18.098999999999997,0.2,0.0
CUST10444,10,47786.53,4778.653,13878.28,0,18.122999999999998,0.4,0.0
CUST10445,10,61674.17999999999,6167.418,17329.17,0,19.759,0.1,0.0
CUST10446,10,34811.89,3481.189,13777.75,1,22.493000000000002,0.4,10.0
CUST10447,10,127676.92000000001,12767.692000000001,87802.47,0,21.709,0.4,0.0
CUST10448,10,37668.53,3766.853,11517.78,0,17.407,0.2,0.0
CUST10449,10,51528.67,5152.867,13778.3,0,22.470999999999997,0.5,0.0
CUST10450,10,24199.0,2419.9,10723.53,0,23.781,0.1,0.0
CUST10451,10,47179.979999999996,4717.998,23990.03,0,19.381,0.5,0.0
CUST10452,10,24914.87,2491.487,4868.28,1,24.849,0.7,10.0
CUST10453,10,41499.4,4149.9400000000005,9793.66,0,25.396,0.1,0.0
CUST10454,10,35114.6,3511.46,10819.53,0,21.806,0.3,0.0
CUST10455,10,43898.770000000004,4389.877,11343.93,0,18.955,0.5,0.0
CUST10456,10,42070.06,4207.005999999999,24969.93,2,23.411,0.8,20.0
CUST10457,10,85691.73999999999,8569.173999999999,47458.36,0,22.242,0.5,0.0
CUST10458,10,40328.5,4032.85,10954.53,0,17.461,0.1,0.0
CUST10459,10,27704.47,2770.447,7019.94,0,19.246000000000002,0.2,0.0
CUST10460,10,32702.1,3270.21,10123.55,0,23.003999999999998,0.5,0.0
CUST10461,10,64046.87,6404.687,29062.99,1,18.922,0.4,10.0
CUST10462,10,34410.48,3441.0480000000002,8971.37,0,26.994999999999997,0.6,0.0
CUST10463,10,30253.73,3025.373,8228.67,0,24.308,0.3,0.0
CUST10464,10,45150.159999999996,4515.016,10077.31,1,16.834,0.7,10.0
CUST10465,10,25919.61,2591.9610000000002,6115.88,0,14.547999999999998,0.1,0.0
CUST10466,10,26044.23,2604.423,6057.73,0,12.614,0.6,0.0
CUST10467,10,53198.61,5319.861,15098.56,0,22.153,0.4,0.0
CUST10468,10,52241.33,5224.133,13332.16,0,16.194,0.4,0.0
CUST10469,10,43709.87,4370.987,18052.22,1,16.024,0.6,10.0
CUST10470,10,53461.92,5346.192,15224.21,1,30.824,0.3,10.0
CUST10471,10,73332.58,7333.258,35181.55,0,21.067,0.1,0.0
CUST10472,10,85701.91,8570.191,40449.22,0,16.442,0.6,0.0
CUST10473,10,57108.35,5710.835,16880.86,0,27.049,0.1,0.0
CUST10474,10,21464.32,2146.432,5675.11,1,23.857999999999997,0.6,10.0
CUST10475,10,31304.989999999998,3130.499,8128.07,0,22.028,0.3,0.0
CUST10476,10,19362.83,1936.2830000000001,4340.34,0,19.576,0.5,0.0
CUST10477,10,45361.03,4536.103,22668.05,0,16.169,0.4,0.0
CUST10478,10,37633.979999999996,3763.3979999999997,9230.18,0,18.067,0.7,0.0
CUST10479,10,25360.41,2536.041,4765.81,0,24.814999999999998,0.1,0.0
CUST10480,10,57426.72,5742.6720000000005,12078.51,0,21.399,0.5,0.0
CUST10481,10,33793.96,3379.3959999999997,12115.37,0,22.352,0.1,0.0
CUST10482,10,39146.65,3914.665,15335.9,1,20.344,0.3,10.0
CUST10483,10,44844.65,4484.465,12516.17,0,17.009999999999998,0.3,0.0
CUST10484,10,27308.52,2730.852,5626.45,0,13.848000000000003,0.4,0.0
CUST10485,10,33838.37,3383.8370000000004,8627.06,0,38.031,0.8,0.0
CUST10486,10,23680.21,2368.0209999999997,5744.58,0,15.525,0.2,0.0
CUST10487,10,60750.71,6075.071,15364.02,0,19.053,0.1,0.0
CUST10488,10,16675.4,1667.5400000000002,5803.12,0,16.608,0.3,0.0
CUST10489,10,30502.53,3050.2529999999997,6552.01,0,21.606,0.1,0.0
CUST10490,10,41374.74,4137.474,7116.23,0,24.639000000000003,0.4,0.0
CUST10491,10,37133.06,3713.3059999999996,10822.31,0,18.692,0.2,0.0
CUST10492,10,13403.94,1340.394,3905.53,1,24.148000000000003,0.6,10.0
CUST10493,10,62662.75,6266.275,33746.73,0,22.451,0.6,0.0
CUST10494,10,45392.45,4539.245,19173.94,0,26.758,0.4,0.0
CUST10495,10,21425.73,2142.573,8549.93,0,24.141,0.5,0.0
CUST10496,10,63472.78,6347.278,20016.1,0,17.532,0.3,0.0
CUST10497,10,79072.19,7907.219,29513.84,1,19.665,0.4,10.0
CUST10498,10,23760.49,2376.049,5311.68,0,23.604,0.1,0.0
CUST10499,10,44435.59,4443.558999999999,15908.67,0,21.273,0.4,0.0
CUST10500,10,28524.62,2852.462,9034.13,0,24.166,0.2,0.0
CUST10501,10,77649.59999999999,7764.959999999999,41957.81,0,27.681,0.4,0.0
CUST10502,10,27553.74,2755.3740000000003,6421.52,0,14.160999999999998,0.1,0.0
CUST10503,10,31332.07,3133.207,8294.02,0,23.357,0.4,0.0
CUST10504,10,29298.74,2929.8740000000003,10002.79,0,18.429,0.2,0.0
CUST10505,10,56597.64,5659.764,18836.34,0,18.576,0.4,0.0
CUST10506,10,38371.380000000005,3837.1380000000004,12059.29,0,20.422,0.2,0.0
CUST10507,10,53551.21,5355.121,22238.14,0,16.163,0.1,0.0
CUST10508,10,67118.83,6711.883,23454.64,0,17.86,0.4,0.0
CUST10509,10,54968.91,5496.8910000000005,18202.83,0,21.318,0.4,0.0
CUST10510,10,31467.04,3146.704,10436.89,1,17.603,0.4,10.0
CUST10511,10,44359.880000000005,4435.988,11334.04,0,19.475,0.4,0.0
CUST10512,10,67967.18,6796.717999999999,25711.52,0,22.444,0.8,0.0
CUST10513,10,34187.270000000004,3418.7270000000003,12925.03,0,20.287,0.1,0.0
CUST10514,10,56460.53,5646.053,22500.51,0,23.843,0.3,0.0
CUST10515,10,28134.84,2813.484,10014.95,0,13.999,0.4,0.0
CUST10516,10,52241.78,5224.178,11792.08,0,18.859,0.5,0.0
CUST10517,10,56883.07,5688.307,20287.2,0,13.119,0.3,0.0
CUST10518,10,23155.08,2315.5080000000003,6230.67,0,17.434,0.5,0.0
CUST10519,10,57802.54,5780.254,21489.1,0,20.515,0.1,0.0
CUST10520,10,41412.15,4141.215,14270.23,0,21.212,0.5,0.0
CUST10521,10,39714.549999999996,3971.4549999999995,11853.76,0,25.726,0.5,0.0
CUST10522,10,43015.95,4301.594999999999,13376.85,0,24.482000000000003,0.2,0.0
CUST10523,10,33591.4,3359.1400000000003,7080.11,0,24.109,0.6,0.0
CUST10524,10,24822.52,2482.252,5967.13,0,23.801000000000002,0.0,0.0
CUST10525,10,40068.06,4006.8059999999996,10711.02,0,13.035,0.1,0.0
CUST10526,10,43337.13,4333.713,13880.08,0,16.996000000000002,0.3,0.0
CUST10527,10,35429.08,3542.9080000000004,9280.96,0,22.121,0.5,0.0
CUST10528,10,72942.13,7294.213000000001,50466.1,0,22.767,0.5,0.0
CUST10529,10,40553.52,4055.352,14644.21,0,23.128,0.1,0.0
CUST10530,10,24087.02,2408.702,6899.36,0,16.647,0.5,0.0
CUST10531,10,42977.19,4297.719,9291.97,1,21.173000000000002,0.4,10.0
CUST10532,10,28345.65,2834.565,7007.66,1,26.285000000000004,0.2,10.0
CUST10533,10,23850.19,2385.019,7837.75,0,12.541,0.8,0.0
CUST10534,10,81309.32999999999,8130.932999999999,28595.89,0,15.363,0.6,0.0
CUST10535,10,23683.83,2368.3830000000003,5972.93,0,21.705,0.2,0.0
CUST10536,10,37608.020000000004,3760.8020000000006,6469.64,1,22.326,0.3,10.0
CUST10537,10,37695.44,3769.5440000000003,8648.5,0,20.112000000000002,0.4,0.0
CUST10538,10,47828.54,4782.854,13242.59,2,17.488999999999997,0.8,20.0
CUST10539,10,37695.270000000004,3769.5270000000005,10431.29,0,25.025,0.7,0.0
CUST10540,10,42451.22,4245.122,13751.4,0,12.868,1.0,0.0
CUST10541,10,24051.64,2405.1639999999998,5474.57,0,22.253999999999998,0.3,0.0
CUST10542,10,91376.54000000001,9137.654,65393.91,0,19.423,0.6,0.0
CUST10543,10,34997.39,3499.739,10101.0,0,22.529,0.4,0.0
CUST10544,10,34442.479999999996,3444.2479999999996,10490.83,0,23.314,0.2,0.0
CUST10545,10,32896.31,3289.631,11577.17,0,18.206,0.9,0.0
CUST10546,10,34964.15,3496.415,18266.34,0,22.898,0.1,0.0
CUST10547,10,34082.97,3408.297,6586.33,0,11.050999999999998,0.4,0.0
CUST10548,10,30122.739999999998,3012.274,9295.89,0,21.578,0.4,0.0
CUST10549,10,25922.99,2592.299,6749.72,0,23.163999999999998,0.4,0.0
CUST10550,10,214118.15,21411.815,72044.8,0,15.261000000000001,0.1,0.0
CUST10551,10,15981.79,1598.179,5092.07,0,14.514,0.6,0.0
CUST10552,10,82691.78,8269.178,35113.3,0,19.272,0.6,0.0
CUST10553,10,38614.5,3861.45,10590.8,1,18.654,0.1,10.0
CUST10554,10,98998.02,9899.802,51796.08,0,18.929,0.4,0.0
CUST10555,10,27536.199999999997,2753.62,8538.18,0,15.635,0.4,0.0
CUST10556,10,29107.399999999998,2910.74,10073.13,0,22.103,0.3,0.0
CUST10557,10,49757.05,4975.705,25338.73,0,24.966,0.4,0.0
CUST10558,10,39056.04,3905.6040000000003,9282.88,1,18.666,0.3,10.0
CUST10559,10,34798.35,3479.835,7346.35,0,16.55,0.1,0.0
CUST10560,10,56089.64,5608.964,24069.22,0,21.166,0.1,0.0
CUST10561,10,44204.13,4420.413,20996.09,0,23.428,1.1,0.0
CUST10562,10,50153.15,5015.3150000000005,30122.3,0,22.863,0.3,0.0
CUST10563,10,49784.549999999996,4978.455,13130.48,0,19.824,0.8,0.0
CUST10564,10,56352.69,5635.269,18572.99,0,13.769,0.1,0.0
CUST10565,10,41026.18,4102.618,11972.05,0,18.196,0.4,0.0
CUST10566,10,35571.02,3557.102,8455.01,1,28.53,0.5,10.0
CUST10567,10,39605.72,3960.572,15448.76,0,21.491,0.5,0.0
CUST10568,10,25065.8,2506.58,6221.59,1,22.073,0.7,10.0
CUST10569,10,27249.92,2724.9919999999997,5714.07,0,15.752,0.2,0.0
CUST10570,10,17383.81,1738.381,4725.25,0,23.308,0.2,0.0
CUST10571,10,32280.77,3228.077,8383.79,1,17.262999999999998,0.5,10.0
CUST10572,10,103128.1,10312.810000000001,55602.01,0,31.926,0.1,0.0
CUST10573,10,36391.02,3639.102,8197.42,0,23.839,0.3,0.0
CUST10574,10,40598.43,4059.843,20097.04,0,15.105,0.2,0.0
CUST10575,10,43169.64,4316.964,9749.45,1,19.534,0.2,10.0
CUST10576,10,46560.54,4656.054,9046.68,2,22.619999999999997,0.2,20.0
CUST10577,10,37694.42,3769.442,14012.34,1,23.434,0.1,10.0
CUST10578,10,76621.57999999999,7662.1579999999985,42237.2,0,27.211000000000002,0.5,0.0
CUST10579,10,19349.58,1934.958,5746.93,0,20.696,0.2,0.0
CUST10580,10,58267.72,5826.772,14572.7,0,18.116999999999997,0.4,0.0
CUST10581,10,35951.75,3595.175,7812.24,0,17.881999999999998,0.4,0.0
CUST10582,10,46234.43,4623.443,10139.13,0,21.387999999999998,0.4,0.0
CUST10583,10,14741.31,1474.1309999999999,2574.42,0,21.853,0.5,0.0
CUST10584,10,22362.19,2236.219,5947.7,0,26.235000000000003,0.6,0.0
CUST10585,10,79030.57,7903.057000000001,49170.16,1,22.269,0.2,10.0
CUST10586,10,121383.06,12138.306,86378.51,0,24.684,0.4,0.0
CUST10587,10,31714.010000000002,3171.4010000000003,13272.09,0,27.522000000000002,0.4,0.0
CUST10588,10,31688.32,3168.832,6288.79,0,24.122,0.3,0.0
CUST10589,10,30890.92,3089.0919999999996,11909.51,0,19.259,0.3,0.0
CUST10590,10,33514.43,3351.443,13796.42,0,19.326,0.5,0.0
CUST10591,10,38589.18,3858.918,10620.29,0,17.714,0.2,0.0
CUST10592,10,53048.38,5304.838,16839.52,1,17.093,0.2,10.0
CUST10593,10,82025.72,8202.572,31034.62,0,19.226,0.4,0.0
CUST10594,10,33759.79,3375.9790000000003,8921.8,0,22.005000000000003,0.1,0.0
CUST10595,10,37719.35,3771.935,9025.88,0,27.362000000000002,0.9,0.0
CUST10596,10,29619.98,2961.998,8662.53,0,18.607,0.1,0.0
CUST10597,10,37092.31,3709.2309999999998,6319.0,0,14.411000000000001,0.5,0.0
CUST10598,10,21974.84,2197.484,4863.69,0,24.052,0.3,0.0
CUST10599,10,19217.120000000003,1921.7120000000002,7406.52,0,22.091,0.2,0.0
CUST10600,10,37291.39,3729.139,8166.06,0,18.153,0.3,0.0
CUST10601,10,30553.33,3055.333,11204.77,0,16.445,0.3,0.0
CUST10602,10,20983.96,2098.3959999999997,4435.67,0,19.519,0.1,0.0
CUST10603,10,25338.75,2533.875,4454.7,0,14.565999999999999,0.2,0.0
CUST10604,10,91836.13,9183.613000000001,32174.93,1,26.05,0.4,10.0
CUST10605,10,38700.54,3870.054,18524.34,0,19.984,0.5,0.0
CUST10606,10,44409.52,4440.951999999999,8600.66,0,19.773,0.2,0.0
CUST10607,10,31018.66,3101.866,9223.16,0,14.207999999999998,0.0,0.0
CUST10608,10,36787.49,3678.749,16684.94,0,22.222,0.2,0.0
CUST10609,10,41356.44,4135.644,11391.73,0,21.368000000000002,0.1,0.0
CUST10610,10,92631.68000000001,9263.168000000001,22203.46,0,17.842000000000002,0.3,0.0
CUST10611,10,25898.6,2589.8599999999997,7277.7,0,16.98,0.8,0.0
CUST10612,10,44845.67,4484.567,22005.79,0,17.786,0.1,0.0
CUST10613,10,28647.33,2864.733,9026.8,0,18.085,0.3,0.0
CUST10614,10,32052.06,3205.206,9714.68,0,17.826,0.5,0.0
CUST10615,10,79785.68,7978.567999999999,58467.34,0,18.353,0.3,0.0
CUST10616,10,61943.9,6194.39,18364.34,0,22.443,0.3,0.0
CUST10617,10,30603.23,3060.323,6874.93,0,18.306,0.3,0.0
CUST10618,10,129124.5,12912.45,85569.55,0,21.701999999999998,0.3,0.0
CUST10619,10,65632.22,6563.222,16707.8,0,21.937,0.3,0.0
CUST10620,10,34652.42,3465.2419999999997,10129.21,0,21.173000000000002,0.0,0.0
CUST10621,10,48123.159999999996,4812.316,24449.6,0,21.631999999999998,0.6,0.0
CUST10622,10,25215.39,2521.5389999999998,4938.21,0,17.393,0.1,0.0
CUST10623,10,38022.41,3802.2410000000004,18240.86,0,18.341,0.4,0.0
CUST10624,10,33332.33,3333.233,8365.05,0,23.661,0.6,0.0
CUST10625,10,34092.35,3409.2349999999997,10124.73,0,18.477,0.3,0.0
CUST10626,10,68541.69,6854.169,33135.83,0,20.56,0.5,0.0
CUST10627,10,37429.87,3742.987,11360.75,0,18.481,0.2,0.0
CUST10628,10,36542.89,3654.2889999999998,9137.16,1,16.363,0.1,10.0
CUST10629,10,19772.7,1977.27,5775.47,0,23.931,0.3,0.0
CUST10630,10,61271.36,6127.136,20787.28,0,15.683000000000002,0.1,0.0
CUST10631,10,41109.740000000005,4110.974,10262.57,1,18.578,0.3,10.0
CUST10632,10,50597.91,5059.791,11970.5,0,21.881,0.7,0.0
CUST10633,10,44427.33,4442.733,8483.55,0,18.693,0.5,0.0
CUST10634,10,34009.91,3400.9910000000004,9885.43,1,23.57,0.2,10.0
CUST10635,10,35955.01,3595.501,10203.6,0,23.676,0.2,0.0
CUST10636,10,60832.56,6083.255999999999,25126.12,0,17.496000000000002,0.5,0.0
CUST10637,10,80523.08,8052.308,24869.91,0,23.101,0.3,0.0
CUST10638,10,19466.239999999998,1946.6239999999998,4774.19,0,19.728,0.5,0.0
CUST10639,10,42462.47,4246.247,8324.75,0,13.347,0.3,0.0
CUST10640,10,28191.25,2819.125,8219.36,0,19.551000000000002,0.2,0.0
CUST10641,10,30034.3,3003.43,8869.98,1,16.307,0.5,10.0
CUST10642,10,39634.67,3963.4669999999996,12320.91,0,19.529,0.2,0.0
CUST10643,10,26107.32,2610.732,9711.48,2,21.265,0.3,20.0
CUST10644,10,48105.840000000004,4810.584000000001,14731.62,0,20.037,0.4,0.0
CUST10645,10,61915.04,6191.504,26966.22,1,22.966,0.6,10.0
CUST10646,10,34899.86,3489.986,6715.18,0,21.2,0.1,0.0
CUST10647,10,671793.15,67179.315,648312.77,1,16.112000000000002,0.1,10.0
CUST10648,10,18293.07,1829.307,4388.2,0,11.84,0.3,0.0
CUST10649,10,57556.119999999995,5755.611999999999,19366.75,0,23.471,0.4,0.0
CUST10650,10,74617.44,7461.744000000001,43662.14,0,20.145,0.2,0.0
CUST10651,10,31882.4,3188.2400000000002,8116.19,1,23.611,0.3,10.0
CUST10652,10,55849.91,5584.991,22891.9,0,14.038,0.1,0.0
CUST10653,10,41383.9,4138.39,14345.99,0,19.606,0.1,0.0
CUST10654,10,39430.479999999996,3943.048,14058.73,1,17.815,0.5,10.0
CUST10655,10,47302.75,4730.275,10081.09,0,22.219,0.6,0.0
CUST10656,10,57699.22,5769.9220000000005,15805.4,1,27.238,0.9,10.0
CUST10657,10,106796.73,10679.672999999999,91901.16,0,18.71,0.2,0.0
CUST10658,10,42522.63,4252.263,11865.74,1,30.453999999999997,1.3,10.0
CUST10659,10,52296.45,5229.6449999999995,16353.24,0,20.784,0.6,0.0
CUST10660,10,41884.94,4188.494000000001,13552.72,0,24.384,0.8,0.0
CUST10661,10,27020.19,2702.019,6424.74,2,25.791000000000004,0.5,20.0
CUST10662,10,42960.44,4296.044,14129.08,0,16.249000000000002,0.0,0.0
CUST10663,10,32355.03,3235.5029999999997,10154.83,0,26.066000000000003,0.3,0.0
CUST10664,10,46007.44,4600.744000000001,12252.79,0,20.068,0.2,0.0
CUST10665,10,28942.079999999998,2894.2079999999996,8699.39,0,16.998,0.4,0.0
CUST10666,10,35681.23,3568.1230000000005,8372.1,0,19.976999999999997,0.5,0.0
CUST10667,10,25497.989999999998,2549.799,4727.73,0,19.878999999999998,0.4,0.0
CUST10668,10,32056.93,3205.693,5904.32,0,21.285,0.3,0.0
CUST10669,10,23406.43,2340.643,6506.06,0,25.431,0.7,0.0
CUST10670,10,58277.19,5827.719,25145.11,0,23.360999999999997,0.2,0.0
CUST10671,10,56204.67,5620.467,17338.56,1,21.443,0.4,10.0
CUST10672,10,18161.55,1816.155,4038.5,0,21.172,0.3,0.0
CUST10673,10,41361.58,4136.158,15600.92,0,21.418,0.4,0.0
CUST10674,10,16810.28,1681.0279999999998,5103.36,0,25.343,0.5,0.0
CUST10675,10,96412.8,9641.28,43911.13,1,19.415,0.7,10.0
CUST10676,10,24122.02,2412.202,4988.29,1,25.342000000000002,0.5,10.0
CUST10677,10,30490.25,3049.025,6497.05,0,25.2,0.2,0.0
CUST10678,10,34947.25,3494.725,6928.33,0,22.12,0.4,0.0
CUST10679,10,42631.87,4263.187,12280.88,0,19.753,0.2,0.0
CUST10680,10,38270.43,3827.043,10797.1,0,19.668,0.8,0.0
CUST10681,10,31010.8,3101.08,9552.78,0,22.019,0.4,0.0
CUST10682,10,43770.24,4377.023999999999,18712.66,0,21.092,0.4,0.0
CUST10683,10,32547.94,3254.794,6277.24,0,19.436,0.3,0.0
CUST10684,10,24562.22,2456.222,6836.41,0,20.293,0.7,0.0
CUST10685,10,75879.52,7587.952,41600.01,0,12.449000000000002,0.5,0.0
CUST10686,10,30240.89,3024.089,6102.19,0,21.471,0.8,0.0
CUST10687,10,27666.71,2766.671,12945.06,0,19.183,0.5,0.0
CUST10688,10,57312.34,5731.2339999999995,13023.89,0,25.335,0.2,0.0
CUST10689,10,82213.13,8221.313,43994.59,0,19.784,0.4,0.0
CUST10690,10,27422.02,2742.202,6991.17,0,29.782999999999998,0.4,0.0
CUST10691,10,31374.3,3137.43,9340.96,0,25.726,0.2,0.0
CUST10692,10,30267.03,3026.703,6546.59,1,19.186,0.3,10.0
CUST10693,10,40920.06,4092.006,19113.72,0,19.744999999999997,0.5,0.0
CUST10694,10,63935.57,6393.557,42422.67,0,14.813999999999998,0.4,0.0
CUST10695,10,27103.79,2710.379,7180.06,1,28.029000000000003,1.1,10.0
CUST10696,10,43426.17,4342.617,16838.54,0,16.744999999999997,0.5,0.0
CUST10697,10,57079.03,5707.903,19761.52,1,19.895999999999997,0.2,10.0
CUST10698,10,81366.57,8136.657000000001,32302.56,0,20.131,0.9,0.0
CUST10699,10,43643.64,4364.364,15685.57,0,18.311,0.4,0.0
CUST10700,10,36736.42,3673.642,7388.39,0,19.929000000000002,0.3,0.0
CUST10701,10,33419.07,3341.907,7242.99,1,19.972,0.3,10.0
CUST10702,10,20327.11,2032.711,3338.23,0,12.824000000000002,0.4,0.0
CUST10703,10,37792.35,3779.2349999999997,9254.88,0,17.188,0.2,0.0
CUST10704,10,47057.98,4705.798000000001,13505.31,0,17.447,0.2,0.0
CUST10705,10,69637.45,6963.745,25785.97,0,20.351,0.4,0.0
CUST10706,10,53334.74,5333.474,13003.35,0,18.472,0.4,0.0
CUST10707,10,59333.850000000006,5933.385,19750.5,0,19.128,0.5,0.0
CUST10708,10,35005.93,3500.593,16280.87,1,19.777,0.3,10.0
CUST10709,10,33389.75,3338.975,6373.0,0,28.472,0.5,0.0
CUST10710,10,30731.16,3073.116,11289.3,0,18.656,0.1,0.0
CUST10711,10,127699.74,12769.974,58402.72,0,22.688,0.3,0.0
CUST10712,10,20545.22,2054.522,3723.95,0,17.039,0.6,0.0
CUST10713,10,34059.06,3405.906,8122.12,0,16.384,0.3,0.0
CUST10714,10,51042.549999999996,5104.254999999999,15998.08,1,24.275,0.3,10.0
CUST10715,10,25439.24,2543.924,5648.1,2,20.722,0.2,20.0
CUST10716,10,36932.23,3693.2230000000004,12581.7,0,24.558,0.2,0.0
CUST10717,10,50933.46,5093.346,15041.13,0,19.081,0.6,0.0
CUST10718,10,52685.47,5268.5470000000005,23458.03,2,26.085,0.8,20.0
CUST10719,10,112680.70999999999,11268.071,34126.35,0,23.2,0.4,0.0
CUST10720,10,31418.53,3141.853,10306.68,0,21.836000000000002,0.4,0.0
CUST10721,10,27951.65,2795.165,5531.96,0,18.665,0.5,0.0
CUST10722,10,31482.45,3148.245,6852.39,0,20.032,0.3,0.0
CUST10723,10,30541.460000000003,3054.146,10510.29,0,26.689999999999998,0.4,0.0
CUST10724,10,41693.45,4169.344999999999,19801.41,1,15.075999999999999,0.3,10.0
CUST10725,10,25711.63,2571.163,4604.39,0,19.974,0.1,0.0
CUST10726,10,64046.37,6404.637000000001,15063.79,0,26.538999999999998,0.2,0.0
CUST10727,10,49359.14,4935.914,22931.62,1,20.990000000000002,0.1,10.0
CUST10728,10,30118.92,3011.892,6533.64,0,17.172,0.5,0.0
CUST10729,10,42877.37,4287.737,10838.28,0,19.516,0.5,0.0
CUST10730,10,67498.94,6749.894,19145.26,0,23.097,0.1,0.0
CUST10731,10,31803.98,3180.398,8973.44,0,13.438999999999998,0.6,0.0
CUST10732,10,34233.58,3423.358,12467.9,0,18.29,0.3,0.0
CUST10733,10,78348.52,7834.852000000001,19320.22,0,18.734,0.3,0.0
CUST10734,10,56434.149999999994,5643.414999999999,15873.22,0,26.641000000000002,0.4,0.0
CUST10735,10,24904.19,2490.419,6586.89,0,17.702,0.7,0.0
CUST10736,10,103026.6,10302.66,50168.01,0,30.32,0.1,0.0
CUST10737,10,34638.44,3463.844,12342.14,0,21.958,0.3,0.0
CUST10738,10,76990.3,7699.030000000001,26857.03,0,17.939,0.5,0.0
CUST10739,10,72138.76,7213.875999999999,20544.01,0,25.363,0.2,0.0
CUST10740,10,27263.14,2726.314,9760.56,0,20.634999999999998,0.7,0.0
CUST10741,10,38602.33,3860.233,9322.05,2,14.959999999999999,0.2,20.0
CUST10742,10,37251.270000000004,3725.1270000000004,16339.15,0,14.769,0.4,0.0
CUST10743,10,48456.380000000005,4845.638000000001,9932.16,2,21.044999999999998,0.2,20.0
CUST10744,10,18862.82,1886.282,7096.11,0,12.322999999999999,0.2,0.0
CUST10745,10,49366.47,4936.647,13377.56,0,18.557,0.1,0.0
CUST10746,10,34734.25,3473.425,11829.87,1,19.518,0.2,10.0
CUST10747,10,67922.97,6792.2970000000005,19338.9,0,18.134,0.1,0.0
CUST10748,10,30956.82,3095.682,10301.6,0,15.693999999999999,0.3,0.0
CUST10749,10,35397.840000000004,3539.7840000000006,6091.5,1,16.435,0.9,10.0
CUST10750,10,17293.48,1729.348,6659.05,0,19.137,0.2,0.0
CUST10751,10,57938.689999999995,5793.869,22252.39,0,23.437,0.1,0.0
CUST10752,10,38785.38,3878.5379999999996,10757.41,0,17.894,0.3,0.0
CUST10753,10,51540.78,5154.0779999999995,19020.28,0,15.931999999999999,0.5,0.0
CUST10754,10,52287.79,5228.779,10305.6,0,23.491999999999997,0.3,0.0
CUST10755,10,24422.03,2442.203,7914.45,0,27.794,0.3,0.0
CUST10756,10,27622.19,2762.219,6517.59,1,22.721,0.3,10.0
CUST10757,10,66561.81999999999,6656.181999999999,29731.92,0,30.490999999999996,0.7,0.0
CUST10758,10,25898.65,2589.8650000000002,14044.37,1,18.788999999999998,0.3,10.0
CUST10759,10,41947.9,4194.79,12523.13,0,21.455000000000002,0.1,0.0
CUST10760,10,28471.74,2847.174,6116.25,0,19.802,0.8,0.0
CUST10761,10,54001.990000000005,5400.1990000000005,14145.59,0,18.478,0.2,0.0
CUST10762,10,31623.34,3162.334,7485.28,0,21.116,0.2,0.0
CUST10763,10,36771.67,3677.167,12912.38,1,23.823,0.2,10.0
CUST10764,10,40436.8,4043.6800000000003,10739.56,0,21.655,0.2,0.0
CUST10765,10,40068.24,4006.8239999999996,8597.48,0,18.394,0.3,0.0
CUST10766,10,35669.9,3566.9900000000002,7146.22,0,26.266000000000002,0.2,0.0
CUST10767,10,40223.69,4022.369,8805.87,0,12.866,0.2,0.0
CUST10768,10,35799.1,3579.91,13790.61,0,16.554,0.5,0.0
CUST10769,10,34692.99,3469.299,9731.91,0,21.836000000000002,0.4,0.0
CUST10770,10,82610.18,8261.018,58569.49,0,19.936,0.5,0.0
CUST10771,10,25087.53,2508.7529999999997,7124.91,0,22.13,0.5,0.0
CUST10772,10,59344.549999999996,5934.455,20570.81,0,18.142,0.1,0.0
CUST10773,10,29609.760000000002,2960.976,7341.79,0,11.806999999999999,0.2,0.0
CUST10774,10,30678.199999999997,3067.8199999999997,9099.5,0,21.354999999999997,0.5,0.0
CUST10775,10,105449.13,10544.913,55005.09,0,19.602,0.5,0.0
CUST10776,10,57217.020000000004,5721.702,33955.12,0,17.192,0.3,0.0
CUST10777,10,14535.8,1453.58,2675.45,0,17.049,0.2,0.0
CUST10778,10,46091.24,4609.124,22083.63,0,13.081,0.7,0.0
CUST10779,10,123138.21,12313.821,80918.52,0,18.236,0.3,0.0
CUST10780,10,31454.36,3145.436,9729.44,0,25.275,0.5,0.0
CUST10781,10,39434.15,3943.415,17741.62,2,29.978999999999996,0.5,20.0
CUST10782,10,29121.75,2912.175,7394.94,0,20.44,0.2,0.0
CUST10783,10,33690.32,3369.032,12436.47,0,25.374000000000002,0.2,0.0
CUST10784,10,37088.259999999995,3708.8259999999996,10014.47,1,15.288999999999998,0.3,10.0
CUST10785,10,27794.01,2779.401,9899.14,0,16.461000000000002,0.2,0.0
CUST10786,10,32370.219999999998,3237.022,6607.22,0,20.582,0.2,0.0
CUST10787,10,26476.18,2647.618,8116.11,0,14.035,0.4,0.0
CUST10788,10,21534.300000000003,2153.4300000000003,9252.0,0,27.475,0.6,0.0
CUST10789,10,38464.909999999996,3846.4909999999995,8969.77,0,19.386000000000003,0.4,0.0
CUST10790,10,59180.1,5918.01,19948.05,0,12.169,0.3,0.0
CUST10791,10,39587.09,3958.709,11226.61,0,30.481,0.6,0.0
CUST10792,10,36669.41,3666.9410000000003,18934.22,0,17.276,0.3,0.0
CUST10793,10,36773.240000000005,3677.3240000000005,19353.2,0,15.428,0.5,0.0
CUST10794,10,31469.989999999998,3146.999,8979.11,0,17.809,0.2,0.0
CUST10795,10,31787.18,3178.718,10661.93,1,27.144,1.2,10.0
CUST10796,10,49632.68,4963.268,13233.49,1,21.061,0.4,10.0
CUST10797,10,29166.66,2916.666,9227.1,0,18.913999999999998,0.3,0.0
CUST10798,10,45809.66,4580.966,18526.47,0,17.482999999999997,0.2,0.0
CUST10799,10,45819.119999999995,4581.911999999999,11469.36,0,17.299,0.7,0.0
CUST10800,10,48951.89,4895.189,12779.13,0,18.502000000000002,0.3,0.0
CUST10801,10,39043.63,3904.363,13010.09,1,21.105,0.2,10.0
CUST10802,10,42065.6,4206.5599999999995,13214.47,0,27.069,0.1,0.0
CUST10803,10,40078.45,4007.845,12024.92,1,22.910000000000004,0.4,10.0
CUST10804,10,35380.59,3538.0589999999997,9503.57,1,18.154,0.6,10.0
CUST10805,10,31212.23,3121.223,6710.34,1,23.674,0.4,10.0
CUST10806,10,36381.13,3638.113,10605.93,0,16.41,0.1,0.0
CUST10807,10,48243.490000000005,4824.349,24330.61,0,23.41,0.1,0.0
CUST10808,10,32756.579999999998,3275.658,8896.64,0,11.209,0.7,0.0
CUST10809,10,31363.489999999998,3136.3489999999997,10785.71,0,13.1,0.4,0.0
CUST10810,10,23675.44,2367.544,10336.93,1,27.273000000000003,0.6,10.0
CUST10811,10,17940.92,1794.0919999999999,3052.49,0,23.909,0.3,0.0
CUST10812,10,47197.16,4719.716,13885.83,0,22.94,0.2,0.0
CUST10813,10,37312.6,3731.2599999999998,8209.25,0,24.181,0.4,0.0
CUST10814,10,45219.16,4521.916,10154.11,0,23.281,0.2,0.0
CUST10815,10,33108.43,3310.843,10840.22,0,18.225,0.2,0.0
CUST10816,10,32348.8,3234.88,8659.67,0,20.708000000000002,0.5,0.0
CUST10817,10,52603.5,5260.35,21432.55,0,22.759999999999998,0.4,0.0
CUST10818,10,120877.31999999999,12087.732,66131.14,0,29.153,0.3,0.0
CUST10819,10,38661.01,3866.101,10148.29,1,19.594,0.2,10.0
CUST10820,10,33546.76,3354.6760000000004,8987.12,0,26.839999999999996,0.7,0.0
CUST10821,10,34203.47,3420.347,8018.05,0,20.422,0.6,0.0
CUST10822,10,108864.23,10886.422999999999,64773.93,1,15.337,0.2,10.0
CUST10823,10,54013.689999999995,5401.369,16139.32,0,18.481,0.5,0.0
CUST10824,10,50371.35,5037.135,14389.85,0,24.602,0.3,0.0
CUST10825,10,64634.61,6463.461,23383.55,0,14.988,0.6,0.0
CUST10826,10,17230.92,1723.0919999999999,3989.32,0,17.727,0.6,0.0
CUST10827,10,82491.47,8249.147,22809.1,1,16.362000000000002,0.3,10.0
CUST10828,10,31440.09,3144.009,7363.24,0,15.822999999999999,0.1,0.0
CUST10829,10,38202.07,3820.207,9980.99,0,18.169,0.3,0.0
CUST10830,10,20877.010000000002,2087.701,9015.69,1,25.034999999999997,0.4,10.0
CUST10831,10,63009.88999999999,6300.989,33736.38,0,15.644,0.4,0.0
CUST10832,10,26278.55,2627.855,6671.82,0,19.9,0.4,0.0
CUST10833,10,45440.72,4544.072,23371.73,0,18.976,0.8,0.0
CUST10834,10,36747.39,3674.739,9144.69,1,23.265,0.6,10.0
CUST10835,10,38299.08,3829.9080000000004,7533.86,0,16.744,0.4,0.0
CUST10836,10,82798.06,8279.806,41970.46,0,12.276,0.4,0.0
CUST10837,10,39364.18,3936.418,8675.53,0,26.818,0.4,0.0
CUST10838,10,30333.35,3033.335,6076.82,1,10.841,0.3,10.0
CUST10839,10,33602.31,3360.2309999999998,8607.94,0,17.401,0.1,0.0
CUST10840,10,17386.01,1738.6009999999999,5251.01,0,16.282999999999998,0.6,0.0
CUST10841,10,71315.03,7131.503,36180.0,0,23.102,0.4,0.0
CUST10842,10,41522.11,4152.211,13462.04,0,20.316,0.3,0.0
CUST10843,10,93229.2,9322.92,22155.84,1,17.781,0.1,10.0
CUST10844,10,38588.2,3858.8199999999997,18179.09,0,16.502,0.3,0.0
CUST10845,10,84964.19,8496.419,47632.41,0,12.357,0.7,0.0
CUST10846,10,31467.920000000002,3146.7920000000004,8784.11,0,15.334,0.3,0.0
CUST10847,10,28752.629999999997,2875.263,8007.11,0,19.871000000000002,0.3,0.0
CUST10848,10,40288.770000000004,4028.8770000000004,11181.44,0,21.494999999999997,0.3,0.0
CUST10849,10,61099.36,6109.936,25700.79,0,21.198,0.3,0.0
CUST10850,10,29640.5,2964.05,5588.33,0,14.331999999999999,0.3,0.0
CUST10851,10,26351.88,2635.188,7346.19,1,18.54,0.3,10.0
CUST10852,10,33935.07,3393.507,12168.45,0,21.916999999999998,0.5,0.0
CUST10853,10,59555.06,5955.505999999999,23744.93,0,20.436,0.1,0.0
CUST10854,10,23951.829999999998,2395.183,6063.99,0,18.5,0.0,0.0
CUST10855,10,49059.85,4905.985,10955.8,0,17.432,0.4,0.0
CUST10856,10,37896.61,3789.661,10596.34,0,13.322,0.4,0.0
CUST10857,10,50747.82,5074.782,10843.69,0,30.701,0.7,0.0
CUST10858,10,69834.35,6983.435,19830.61,0,26.046,0.8,0.0
CUST10859,10,22568.809999999998,2256.881,4037.9,0,14.469999999999999,0.4,0.0
CUST10860,10,52245.29,5224.529,23379.75,0,20.922,0.3,0.0
CUST10861,10,42434.54,4243.454,10551.27,1,30.082,0.6,10.0
CUST10862,10,41787.51,4178.751,12562.54,0,16.699,0.3,0.0
CUST10863,10,47533.58,4753.358,14764.64,0,24.383000000000003,0.6,0.0
CUST10864,10,70808.58,7080.858,19814.24,0,27.234999999999996,0.3,0.0
CUST10865,10,38260.29,3826.029,9554.11,0,25.301,0.3,0.0
CUST10866,10,36512.340000000004,3651.2340000000004,10654.4,0,23.044999999999998,0.5,0.0
CUST10867,10,86544.47,8654.447,29327.5,0,17.611,0.1,0.0
CUST10868,10,72655.88,7265.588000000001,40670.93,0,18.431,0.2,0.0
CUST10869,10,25941.0,2594.1,9058.16,0,19.922,0.6,0.0
CUST10870,10,62339.15,6233.915,18276.44,0,27.528,0.1,0.0
CUST10871,10,33697.9,3369.79,13522.48,0,14.843,0.5,0.0
CUST10872,10,58745.3,5874.530000000001,23354.32,0,17.997999999999998,0.1,0.0
CUST10873,10,21253.010000000002,2125.3010000000004,4244.67,0,21.035,0.3,0.0
CUST10874,10,52454.55,5245.455,13131.84,1,25.363999999999997,0.5,10.0
CUST10875,10,25612.47,2561.2470000000003,4633.97,0,22.966,0.0,0.0
CUST10876,10,39724.17,3972.417,17984.67,0,21.054,0.4,0.0
CUST10877,10,52462.89,5246.289,23211.71,0,24.296,0.4,0.0
CUST10878,10,39990.8,3999.0800000000004,8599.76,0,21.345,0.3,0.0
CUST10879,10,28789.27,2878.927,9908.16,0,19.433,0.2,0.0
CUST10880,10,31127.64,3112.764,9886.09,0,12.802000000000001,0.1,0.0
CUST10881,10,37735.79,3773.579,12112.41,0,23.924,0.5,0.0
CUST10882,10,38263.29,3826.329,14146.03,0,16.359,0.1,0.0
CUST10883,10,33533.2,3353.3199999999997,10519.5,0,19.692999999999998,0.1,0.0
CUST10884,10,15257.06,1525.706,2640.13,0,18.672,0.4,0.0
CUST10885,10,32661.629999999997,3266.1629999999996,9572.13,0,16.689,0.3,0.0
CUST10886,10,24445.989999999998,2444.5989999999997,5870.24,1,19.765,0.2,10.0
CUST10887,10,57261.700000000004,5726.17,28790.74,1,21.580000000000002,0.5,10.0
CUST10888,10,37046.41,3704.6410000000005,9562.9,0,14.402000000000001,0.2,0.0
CUST10889,10,51550.66,5155.066000000001,17176.05,1,19.580000000000002,0.5,10.0
CUST10890,10,19746.510000000002,1974.6510000000003,3483.92,0,21.264,0.2,0.0
CUST10891,10,50033.12,5003.312,13946.66,0,22.136,0.2,0.0
CUST10892,10,39720.81,3972.0809999999997,15556.34,0,25.396,0.3,0.0
CUST10893,10,31740.989999999998,3174.0989999999997,10223.72,0,23.950000000000003,0.5,0.0
CUST10894,10,19598.5,1959.85,4937.16,0,18.907,0.5,0.0
CUST10895,10,65011.78,6501.178,41494.3,0,14.41,0.6,0.0
CUST10896,10,84757.92,8475.792,31811.29,1,16.027,0.1,10.0
CUST10897,10,61808.57,6180.857,22780.25,1,19.514000000000003,0.3,10.0
CUST10898,10,32541.600000000002,3254.1600000000003,8304.45,0,16.990000000000002,0.5,0.0
CUST10899,10,52610.48,5261.048000000001,14972.58,0,22.314,0.4,0.0
CUST10900,10,34121.45,3412.1449999999995,16275.64,0,17.855,0.7,0.0
CUST10901,10,48579.81,4857.981,21144.5,0,14.571000000000002,0.5,0.0
CUST10902,10,48714.58,4871.4580000000005,18642.38,1,15.029999999999998,0.1,10.0
CUST10903,10,39911.89,3991.189,10627.52,0,18.788999999999998,0.4,0.0
CUST10904,10,89772.97,8977.297,37951.6,0,24.645,0.1,0.0
CUST10905,10,50980.68,5098.068,15959.24,0,21.901,0.6,0.0
CUST10906,10,31134.2,3113.42,7686.3,0,17.441,0.3,0.0
CUST10907,10,47955.79,4795.579,16712.16,0,18.765,0.4,0.0
CUST10908,10,34746.54,3474.654,7288.12,0,25.181,0.8,0.0
CUST10909,10,37148.48,3714.8480000000004,20907.95,0,22.754,0.3,0.0
CUST10910,10,28841.89,2884.189,6190.73,0,21.779,0.4,0.0
CUST10911,10,40456.65,4045.665,9212.82,2,22.362000000000002,0.3,20.0
CUST10912,10,52216.799999999996,5221.679999999999,16045.56,0,17.904,0.4,0.0
CUST10913,10,34209.58,3420.958,13137.28,0,17.305,0.6,0.0
CUST10914,10,20660.719999999998,2066.0719999999997,4922.53,0,19.949,0.3,0.0
CUST10915,10,28724.33,2872.433,9163.02,1,22.748,0.6,10.0
CUST10916,10,71974.76000000001,7197.476000000001,37050.71,0,21.769,1.0,0.0
CUST10917,10,35570.95,3557.095,10745.68,1,23.009999999999998,0.6,10.0
CUST10918,10,30604.66,3060.466,8860.4,0,26.207,0.5,0.0
CUST10919,10,21045.68,2104.568,7597.59,0,25.639,0.4,0.0
CUST10920,10,68334.97,6833.497,21940.7,1,14.450999999999999,0.3,10.0
CUST10921,10,55641.079999999994,5564.107999999999,21154.42,0,13.100999999999999,0.2,0.0
CUST10922,10,26495.3,2649.5299999999997,9576.77,0,15.738,0.9,0.0
CUST10923,10,47811.409999999996,4781.141,16921.74,0,18.461000000000002,0.2,0.0
CUST10924,10,52427.1,5242.71,34815.75,0,19.824,0.5,0.0
CUST10925,10,33525.11,3352.511,12399.52,0,19.384,0.4,0.0
CUST10926,10,40459.36,4045.936,25832.19,0,18.07,0.5,0.0
CUST10927,10,36578.38,3657.8379999999997,13405.79,0,17.064,0.5,0.0
CUST10928,10,39637.01,3963.701,13451.12,0,19.576,0.1,0.0
CUST10929,10,34883.24,3488.3239999999996,6454.96,0,13.591,0.4,0.0
CUST10930,10,28779.47,2877.947,8154.28,0,20.954,0.4,0.0
CUST10931,10,71897.14,7189.714,24926.36,1,15.834999999999999,0.2,10.0
CUST10932,10,23018.4,2301.84,7312.88,0,18.838,0.7,0.0
CUST10933,10,14089.48,1408.9479999999999,3284.53,0,16.886,0.6,0.0
CUST10934,10,71419.29,7141.928999999999,29000.71,0,20.292,0.2,0.0
CUST10935,10,23130.47,2313.047,6517.95,1,30.109,0.3,10.0
CUST10936,10,39905.44,3990.5440000000003,11250.18,0,20.532999999999998,0.3,0.0
CUST10937,10,55708.36,5570.836,20112.84,0,24.281,0.1,0.0
CUST10938,10,28192.5,2819.25,7823.21,0,30.451,0.3,0.0
CUST10939,10,67678.35,6767.835000000001,26407.45,0,17.056,0.2,0.0
CUST10940,10,35936.88,3593.6879999999996,8179.17,1,17.753,0.2,10.0
CUST10941,10,23589.35,2358.935,6489.83,0,22.928,0.7,0.0
CUST10942,10,34485.26,3448.5260000000003,5481.92,0,20.971,0.2,0.0
CUST10943,10,20754.72,2075.472,6861.63,0,22.538,0.5,0.0
CUST10944,10,56991.53999999999,5699.1539999999995,35832.84,0,23.958000000000002,0.3,0.0
CUST10945,10,31452.13,3145.213,7772.21,0,20.98,0.4,0.0
CUST10946,10,25534.57,2553.457,6356.62,0,16.605,0.2,0.0
CUST10947,10,43642.64,4364.264,14572.12,0,16.526999999999997,0.2,0.0
CUST10948,10,27851.09,2785.109,7714.48,0,18.601,0.3,0.0
CUST10949,10,42133.049999999996,4213.304999999999,12187.57,0,22.066,0.2,0.0
CUST10950,10,24948.5,2494.85,9434.78,2,25.355,0.7,20.0
CUST10951,10,37773.68,3777.368,14177.32,0,13.565000000000001,0.4,0.0
CUST10952,10,102438.13,10243.813,44444.82,0,19.779999999999998,0.1,0.0
CUST10953,10,48684.28,4868.428,16662.45,0,22.954,0.3,0.0
CUST10954,10,29748.32,2974.832,5591.04,0,9.077,0.1,0.0
CUST10955,10,29793.39,2979.339,6867.98,0,13.398,0.5,0.0
CUST10956,10,32665.16,3266.516,9430.48,0,20.884,0.4,0.0
CUST10957,10,12248.93,1224.893,2238.77,1,20.56,0.0,10.0
CUST10958,10,23607.39,2360.739,4724.95,0,19.047,0.1,0.0
CUST10959,10,54359.23,5435.923000000001,18450.99,1,19.578,0.3,10.0
CUST10960,10,23739.44,2373.944,10732.48,1,20.752000000000002,0.0,10.0
CUST10961,10,47592.54,4759.254,9786.33,0,18.744999999999997,0.4,0.0
CUST10962,10,40888.61,4088.861,8393.19,0,22.971,0.2,0.0
CUST10963,10,63092.64,6309.264,13314.87,0,14.495000000000001,0.5,0.0
CUST10964,10,23998.78,2399.8779999999997,6351.32,0,23.78,0.1,0.0
CUST10965,10,56709.75,5670.975,18169.76,0,25.663999999999998,0.2,0.0
CUST10966,10,36615.3,3661.53,8726.6,0,18.848,0.3,0.0
CUST10967,10,49554.549999999996,4955.455,16494.01,1,20.843,0.7,10.0
CUST10968,10,45930.49,4593.049,29449.82,0,26.637,0.4,0.0
CUST10969,10,104240.6,10424.060000000001,72097.24,0,19.628,0.4,0.0
CUST10970,10,16599.45,1659.9450000000002,2710.41,0,29.57,0.4,0.0
CUST10971,10,28563.440000000002,2856.344,8638.35,0,21.312,0.6,0.0
CUST10972,10,53840.11,5384.011,33173.25,0,20.996,0.3,0.0
CUST10973,10,33583.18,3358.318,10245.6,0,18.547,0.1,0.0
CUST10974,10,38601.899999999994,3860.1899999999996,16924.94,0,20.107,0.4,0.0
CUST10975,10,32561.460000000003,3256.146,6421.39,1,19.89,0.1,10.0
CUST10976,10,301756.77,30175.677000000003,250000.0,1,37.905,0.8,10.0
CUST10977,10,20055.87,2005.587,8796.42,0,22.377,0.8,0.0
CUST10978,10,36536.28,3653.6279999999997,13727.1,0,22.003,0.5,0.0
CUST10979,10,35064.69,3506.469,9782.04,0,20.601999999999997,0.5,0.0
CUST10980,10,33532.62,3353.262,7460.64,1,20.705000000000002,0.4,10.0
CUST10981,10,34895.75,3489.575,8126.02,1,14.392,0.2,10.0
CUST10982,10,64884.29,6488.429,26235.44,0,19.532999999999998,0.1,0.0
CUST10983,10,23659.42,2365.942,6011.57,0,18.042,0.3,0.0
CUST10984,10,28136.21,2813.621,12519.31,0,20.708,0.4,0.0
CUST10985,10,66062.54,6606.253999999999,16429.64,1,22.661,0.2,10.0
CUST10986,10,30311.46,3031.1459999999997,9033.55,0,14.411000000000001,0.5,0.0
CUST10987,10,45362.98,4536.298000000001,13048.38,1,11.124,0.4,10.0
CUST10988,10,17687.83,1768.7830000000001,8022.4,2,20.122999999999998,0.6,20.0
CUST10989,10,45048.14,4504.814,13357.31,0,18.124000000000002,0.5,0.0
CUST10990,10,48481.8,4848.18,28110.69,0,24.913,0.3,0.0
CUST10991,10,42461.14,4246.114,11846.99,0,23.099,0.1,0.0
CUST10992,10,24118.83,2411.8830000000003,7728.5,0,14.081,0.5,0.0
CUST10993,10,42317.67,4231.767,8766.08,0,23.069,0.1,0.0
CUST10994,10,19610.31,1961.0310000000002,5031.14,0,25.542,0.6,0.0
CUST10995,10,36269.98,3626.9980000000005,8255.12,0,14.622,0.7,0.0
CUST10996,10,40134.04,4013.404,12841.67,0,29.447000000000003,0.6,0.0
CUST10997,10,34395.82,3439.582,8509.79,0,17.619,0.4,0.0
CUST10998,10,42407.97,4240.7970000000005,15760.03,0,23.718,0.6,0.0
CUST10999,10,57258.44,5725.844,34073.15,1,23.361,0.7,10.0
CUST11000,10,51670.06,5167.005999999999,18055.53,0,21.596,0.4,0.0
CUST11001,10,38814.020000000004,3881.4020000000005,8773.76,0,18.384999999999998,0.1,0.0
CUST11002,10,43052.7,4305.2699999999995,14633.98,0,25.274,0.2,0.0
CUST11003,10,40026.05,4002.6050000000005,21030.67,0,26.633,0.0,0.0
CUST11004,10,32881.06,3288.1059999999998,8335.31,0,18.348000000000003,0.4,0.0
CUST11005,10,38030.69,3803.0690000000004,12539.12,0,15.581,0.1,0.0
CUST11006,10,50241.94,5024.194,18268.31,0,22.613999999999997,0.3,0.0
CUST11007,10,60902.0,6090.2,32864.45,1,27.447000000000003,0.5,10.0
CUST11008,10,48173.94,4817.394,22261.15,1,20.608,0.6,10.0
CUST11009,10,76093.07,7609.307000000001,42628.96,0,20.842000000000002,0.5,0.0
CUST11010,10,37627.99,3762.799,8885.17,0,18.15,0.5,0.0
CUST11011,10,57262.54,5726.254,13694.19,0,14.309000000000001,0.3,0.0
CUST11012,10,59823.54,5982.354,14391.37,0,31.576999999999998,0.9,0.0
CUST11013,10,32268.37,3226.837,5407.34,1,18.94,0.3,10.0
CUST11014,10,56237.68,5623.768,20214.61,1,17.462,0.3,10.0
CUST11015,10,62332.19,6233.219,36785.12,2,20.787,0.6,20.0
CUST11016,10,19996.670000000002,1999.6670000000001,6964.85,0,23.523,0.4,0.0
CUST11017,10,39697.85,3969.785,11246.84,1,15.334,0.2,10.0
CUST11018,10,53076.95,5307.695,20821.35,1,17.051,0.4,10.0
CUST11019,10,23695.760000000002,2369.576,5549.47,0,18.575,0.1,0.0
CUST11020,10,68612.67,6861.267,22444.76,0,19.982999999999997,0.3,0.0
CUST11021,10,50760.479999999996,5076.048,12161.74,0,19.064,0.4,0.0
CUST11022,10,24653.22,2465.322,16527.73,1,24.119,1.1,10.0
CUST11023,10,22099.58,2209.958,5645.08,0,18.924,0.5,0.0
CUST11024,10,47179.53,4717.9529999999995,12314.1,0,16.738999999999997,0.2,0.0
CUST11025,10,38428.32,3842.832,11646.42,0,21.153,0.3,0.0
CUST11026,10,43462.200000000004,4346.22,13653.79,0,14.859,0.3,0.0
CUST11027,10,58542.42,5854.242,37828.77,0,27.677999999999997,0.1,0.0
CUST11028,10,18703.33,1870.333,3458.66,0,22.134,0.0,0.0
CUST11029,10,34771.88,3477.1879999999996,6797.43,1,13.830000000000002,0.5,10.0
CUST11030,10,40248.17,4024.817,9189.71,1,18.335,0.5,10.0
CUST11031,10,49592.13,4959.213,10449.34,1,22.272,0.6,10.0
CUST11032,10,25859.989999999998,2585.999,14259.26,1,21.697,0.2,10.0
CUST11033,10,20972.25,2097.225,3915.69,0,18.261000000000003,0.3,0.0
CUST11034,10,17308.329999999998,1730.8329999999999,3155.66,0,10.428999999999998,0.1,0.0
CUST11035,10,24051.59,2405.159,4239.26,0,19.781,0.4,0.0
CUST11036,10,49559.21,4955.921,10683.75,0,27.856,0.2,0.0
CUST11037,10,28458.65,2845.8650000000002,11361.28,0,28.375999999999998,0.5,0.0
CUST11038,10,53951.659999999996,5395.165999999999,17510.01,0,12.012,1.0,0.0
CUST11039,10,36935.08,3693.5080000000003,8819.85,1,19.813,0.3,10.0
CUST11040,10,36328.909999999996,3632.8909999999996,13179.9,0,18.756,0.1,0.0
CUST11041,10,39044.64,3904.464,14225.82,0,15.642000000000001,0.4,0.0
CUST11042,10,52552.22,5255.222,17573.44,1,21.699,0.3,10.0
CUST11043,10,38989.53,3898.953,12714.06,1,17.788999999999998,0.2,10.0
CUST11044,10,19668.510000000002,1966.851,5230.65,0,31.968,0.5,0.0
CUST11045,10,47285.59,4728.558999999999,11479.36,1,28.485000000000003,0.4,10.0
CUST11046,10,155729.34000000003,15572.934000000003,108805.32,0,26.673000000000002,0.7,0.0
CUST11047,10,42173.56,4217.356,7715.73,1,17.232999999999997,0.2,10.0
CUST11048,10,54096.86,5409.686,27534.06,0,21.083000000000002,0.4,0.0
CUST11049,10,61170.31,6117.031,26907.35,0,14.389,0.5,0.0
CUST11050,10,22739.510000000002,2273.951,7686.08,0,23.255000000000003,0.3,0.0
CUST11051,10,38032.24,3803.2239999999997,16424.89,0,23.93,0.4,0.0
CUST11052,10,20917.89,2091.7889999999998,7001.63,0,20.204,0.3,0.0
CUST11053,10,98529.36,9852.936,49502.36,0,20.56,0.4,0.0
CUST11054,10,51248.77,5124.8769999999995,13834.69,0,17.433,0.2,0.0
CUST11055,10,43443.04,4344.304,13112.77,0,15.666,0.5,0.0
CUST11056,10,57528.78,5752.878,29583.99,0,14.187000000000001,0.2,0.0
CUST11057,10,20282.4,2028.2400000000002,3319.56,0,19.499000000000002,0.2,0.0
CUST11058,10,49847.46,4984.746,20298.19,0,17.666999999999998,0.4,0.0
CUST11059,10,53868.65,5386.865,12001.09,0,20.391,0.9,0.0
CUST11060,10,34270.15,3427.0150000000003,15614.39,0,16.271,0.3,0.0
CUST11061,10,47495.86,4749.586,10738.49,0,16.092000000000002,0.0,0.0
CUST11062,10,42084.619999999995,4208.4619999999995,7376.21,1,22.066,0.7,10.0
CUST11063,10,62439.880000000005,6243.988,10404.51,0,21.506999999999998,0.1,0.0
CUST11064,10,29647.75,2964.775,7624.08,0,18.005000000000003,0.3,0.0
CUST11065,10,52719.380000000005,5271.938,25039.45,0,24.101,0.3,0.0
CUST11066,10,30767.94,3076.794,9706.28,0,22.038,0.4,0.0
CUST11067,10,18082.920000000002,1808.2920000000001,5705.06,0,16.637,0.3,0.0
CUST11068,10,29328.89,2932.889,6193.31,1,30.410000000000004,0.9,10.0
CUST11069,10,23333.7,2333.37,5253.84,1,26.97,0.7,10.0
CUST11070,10,52412.94,5241.294,18031.73,0,22.865,0.1,0.0
CUST11071,10,18113.91,1811.391,3309.78,1,21.842000000000002,0.9,10.0
CUST11072,10,55810.28,5581.028,17970.22,0,18.9,0.2,0.0
CUST11073,10,10929.39,1092.9389999999999,1801.18,0,19.083,0.1,0.0
CUST11074,10,102920.98,10292.098,57565.97,0,16.972,0.2,0.0
CUST11075,10,42422.2,4242.219999999999,18700.75,1,20.062,0.3,10.0
CUST11076,10,42884.49,4288.449,12613.73,0,13.147,0.2,0.0
CUST11077,10,31365.3,3136.5299999999997,10870.65,1,25.866000000000003,0.8,10.0
CUST11078,10,25558.14,2555.814,9277.15,0,19.192,0.5,0.0
CUST11079,10,32866.07,3286.607,5468.4,0,18.66,0.2,0.0
CUST11080,10,67174.07,6717.407000000001,28149.43,1,23.502000000000002,0.6,10.0
CUST11081,10,33861.93,3386.193,7118.62,0,12.974,0.4,0.0
CUST11082,10,26975.65,2697.565,6593.95,0,13.044,0.3,0.0
CUST11083,10,51868.49,5186.849,12235.91,0,18.505,0.4,0.0
CUST11084,10,44961.53,4496.153,15204.26,0,22.322,0.3,0.0
CUST11085,10,53075.8,5307.58,14629.55,1,26.752999999999997,0.2,10.0
CUST11086,10,27209.010000000002,2720.9010000000003,6674.64,1,27.341999999999995,0.7,10.0
CUST11087,10,34965.31,3496.531,9795.35,0,14.274000000000001,0.4,0.0
CUST11088,10,45794.35,4579.4349999999995,17086.67,0,20.778,0.4,0.0
CUST11089,10,61398.87,6139.887000000001,21392.07,0,20.581,0.1,0.0
CUST11090,10,43378.1,4337.8099999999995,17347.85,1,17.616,0.6,10.0
CUST11091,10,29887.79,2988.779,5626.75,0,23.227,0.5,0.0
CUST11092,10,27243.66,2724.366,8485.87,0,27.886000000000003,0.1,0.0
CUST11093,10,32979.51,3297.951,11217.83,0,13.499,0.6,0.0
CUST11094,10,28724.550000000003,2872.4550000000004,6193.68,0,17.706,0.1,0.0
CUST11095,10,31232.33,3123.233,12072.27,0,17.111,0.1,0.0
CUST11096,10,28119.67,2811.9669999999996,8257.87,0,26.841,0.3,0.0
CUST11097,10,25350.83,2535.083,4915.43,0,22.5,0.5,0.0
CUST11098,10,45280.71,4528.071,15011.13,1,28.305,0.6,10.0
CUST11099,10,41177.84,4117.784,15695.94,0,15.085999999999999,0.7,0.0
CUST11100,10,59046.25,5904.625,22387.5,0,29.1,0.9,0.0
CUST11101,10,36974.53,3697.453,11795.24,0,23.747,0.1,0.0
CUST11102,10,24710.170000000002,2471.0170000000003,8579.07,0,19.311,0.3,0.0
CUST11103,10,51402.91,5140.291,21965.66,0,22.779000000000003,0.9,0.0
CUST11104,10,39733.51,3973.351,8455.29,1,18.169,0.6,10.0
CUST11105,10,38845.32,3884.532,8313.76,0,15.975999999999999,0.3,0.0
CUST11106,10,62207.61,6220.761,14275.14,1,20.244,0.4,10.0
CUST11107,10,34072.17,3407.2169999999996,5963.98,0,19.597,0.7,0.0
CUST11108,10,30874.33,3087.433,11138.7,0,20.362000000000002,0.2,0.0
CUST11109,10,50315.37,5031.537,14456.15,0,16.505000000000003,0.1,0.0
CUST11110,10,63611.09,6361.1089999999995,30091.55,0,24.779,0.2,0.0
CUST11111,10,44301.39,4430.139,8060.07,0,19.033,0.7,0.0
CUST11112,10,35905.14,3590.514,9757.15,0,18.048,0.1,0.0
CUST11113,10,41776.22,4177.622,13185.41,0,23.709,0.3,0.0
CUST11114,10,47409.909999999996,4740.991,20565.78,0,26.663,0.1,0.0
CUST11115,10,73004.53,7300.4529999999995,24104.99,0,16.351,0.4,0.0
CUST11116,10,15761.619999999999,1576.1619999999998,3392.35,0,22.630000000000003,0.5,0.0
CUST11117,10,45986.23,4598.6230000000005,9572.59,0,20.641,0.4,0.0
CUST11118,10,37367.34,3736.7339999999995,7268.41,0,16.937,0.3,0.0
CUST11119,10,65048.259999999995,6504.825999999999,31050.0,1,17.695,0.2,10.0
CUST11120,10,29106.82,2910.682,10274.26,0,17.369,0.3,0.0
CUST11121,10,43894.71,4389.471,12349.71,0,17.878999999999998,0.2,0.0
CUST11122,10,24052.0,2405.2,7563.65,0,17.133,0.7,0.0
CUST11123,10,45086.38,4508.638,7496.0,0,22.549,0.2,0.0
CUST11124,10,35322.92,3532.292,10336.69,0,16.45,0.4,0.0
CUST11125,10,65921.71,6592.171,19456.2,0,14.338999999999999,0.4,0.0
CUST11126,10,40626.7,4062.6699999999996,7083.28,0,25.431,0.8,0.0
CUST11127,10,26389.87,2638.987,6502.19,0,22.552,0.6,0.0
CUST11128,10,56463.06,5646.306,17933.19,1,24.29,0.1,10.0
CUST11129,10,36686.29,3668.629,13886.39,0,16.676,0.6,0.0
CUST11130,10,45897.259999999995,4589.726,18705.01,0,22.744,0.3,0.0
CUST11131,10,50190.29,5019.029,20956.93,0,13.23,0.5,0.0
CUST11132,10,38051.18,3805.118,7547.43,1,25.526,0.2,10.0
CUST11133,10,48952.98,4895.298000000001,14404.99,0,22.006999999999998,0.3,0.0
CUST11134,10,45463.13,4546.313,16615.38,0,18.029,0.3,0.0
CUST11135,10,44330.83,4433.0830000000005,9564.98,0,19.43,0.2,0.0
CUST11136,10,30727.93,3072.793,6634.55,0,25.5,0.3,0.0
CUST11137,10,34724.29,3472.429,6380.08,0,21.814,0.4,0.0
CUST11138,10,56173.51,5617.351000000001,13266.79,0,25.631999999999998,0.5,0.0
CUST11139,10,31817.19,3181.719,15720.81,0,15.036000000000001,0.4,0.0
CUST11140,10,50456.619999999995,5045.661999999999,19544.41,0,27.981,0.5,0.0
CUST11141,10,25554.149999999998,2555.415,6428.75,0,17.158,0.4,0.0
CUST11142,10,59961.659999999996,5996.165999999999,30606.05,0,15.982,0.4,0.0
CUST11143,10,31980.82,3198.082,15539.68,0,21.916,0.5,0.0
CUST11144,10,27907.65,2790.7650000000003,6003.57,1,20.490000000000002,0.3,10.0
CUST11145,10,74099.77,7409.977000000001,18940.87,0,21.549,0.5,0.0
CUST11146,10,67064.05,6706.405000000001,21351.38,0,30.381,0.6,0.0
CUST11147,10,25328.15,2532.815,5425.77,0,21.092,0.1,0.0
CUST11148,10,37446.31,3744.631,10549.48,0,25.085,0.5,0.0
CUST11149,10,38352.23,3835.2230000000004,8538.07,1,21.328,0.3,10.0
CUST11150,10,23309.42,2330.942,6013.6,0,19.765,0.2,0.0
CUST11151,10,60710.38,6071.038,18213.02,1,18.901999999999997,0.3,10.0
CUST11152,10,50239.4,5023.9400000000005,8562.84,0,20.046,0.3,0.0
CUST11153,10,33640.79,3364.079,8344.63,0,24.034,0.4,0.0
CUST11154,10,47937.56,4793.755999999999,12356.36,1,18.791999999999998,0.5,10.0
CUST11155,10,30271.62,3027.162,9659.19,0,18.512999999999998,0.3,0.0
CUST11156,10,37025.14,3702.514,8050.29,0,28.999000000000002,0.8,0.0
CUST11157,10,53420.3,5342.030000000001,22699.84,0,24.174,0.4,0.0
CUST11158,10,28080.09,2808.009,4720.3,1,15.200999999999999,0.4,10.0
CUST11159,10,57145.630000000005,5714.563,24416.34,0,27.697000000000003,0.5,0.0
CUST11160,10,46540.65,4654.0650000000005,15327.63,0,19.984,0.5,0.0
CUST11161,10,26660.010000000002,2666.001,6119.84,0,25.417,0.4,0.0
CUST11162,10,18766.13,1876.613,3579.73,0,18.198,0.5,0.0
CUST11163,10,28206.22,2820.6220000000003,5312.04,0,24.217,0.2,0.0
CUST11164,10,35483.479999999996,3548.3479999999995,9706.5,0,23.523,0.4,0.0
CUST11165,10,59202.350000000006,5920.235000000001,16545.68,0,19.247,0.5,0.0
CUST11166,10,19785.870000000003,1978.5870000000002,4024.63,0,11.105,0.4,0.0
CUST11167,10,28730.63,2873.063,9063.32,0,17.933,0.2,0.0
CUST11168,10,32222.190000000002,3222.219,12575.93,0,16.359,0.5,0.0
CUST11169,10,38939.79,3893.9790000000003,13712.09,0,19.764000000000003,0.2,0.0
CUST11170,10,16740.85,1674.0849999999998,3041.09,1,28.008,0.5,10.0
CUST11171,10,35069.17,3506.917,8233.11,0,23.403,0.5,0.0
CUST11172,10,53698.55,5369.8550000000005,22130.49,0,26.309000000000005,0.3,0.0
CUST11173,10,32874.11,3287.411,11406.71,0,16.581,0.3,0.0
CUST11174,10,31095.870000000003,3109.5870000000004,8606.86,0,23.456,0.0,0.0
CUST11175,10,30354.29,3035.429,5398.18,1,21.945,0.9,10.0
CUST11176,10,50163.51,5016.351000000001,17786.18,0,18.494,0.2,0.0
CUST11177,10,46981.86,4698.186,11536.44,0,22.478,0.2,0.0
CUST11178,10,37107.94,3710.7940000000003,15238.8,0,21.889999999999997,0.4,0.0
CUST11179,10,30183.53,3018.353,11523.08,0,19.018,0.3,0.0
CUST11180,10,30887.77,3088.777,6789.02,0,18.944,0.2,0.0
CUST11181,10,22308.57,2230.857,6238.48,0,19.954,0.3,0.0
CUST11182,10,42270.89,4227.089,15107.17,0,20.264,0.3,0.0
CUST11183,10,48647.96,4864.796,24701.92,0,15.645,0.2,0.0
CUST11184,10,48172.93,4817.293,18859.39,0,15.688999999999998,0.5,0.0
CUST11185,10,27861.670000000002,2786.1670000000004,11538.26,0,18.203,0.6,0.0
CUST11186,10,36389.54,3638.954,7405.19,0,19.740000000000002,0.5,0.0
CUST11187,10,43399.83,4339.983,20655.39,1,14.91,0.6,10.0
CUST11188,10,18095.64,1809.5639999999999,4204.82,0,21.073,0.5,0.0
CUST11189,10,29077.87,2907.787,5120.07,0,23.539,0.2,0.0
CUST11190,10,36508.84,3650.8839999999996,11937.82,0,20.124000000000002,0.3,0.0
CUST11191,10,38428.060000000005,3842.8060000000005,20782.15,0,18.461000000000002,0.6,0.0
CUST11192,10,39426.84,3942.6839999999997,8541.91,0,23.057,0.7,0.0
CUST11193,10,28307.41,2830.741,6359.73,0,18.093,0.3,0.0
CUST11194,10,34559.42,3455.942,13434.69,1,21.104000000000003,0.4,10.0
CUST11195,10,31815.16,3181.516,10897.92,1,23.988999999999997,0.6,10.0
CUST11196,10,45397.22,4539.722,15714.1,0,13.278,0.4,0.0
CUST11197,10,33171.49,3317.149,14363.88,0,25.738,0.5,0.0
CUST11198,10,53508.52,5350.852,20561.45,0,26.427,0.2,0.0
CUST11199,10,179384.78,17938.478,125811.42,0,17.746,0.3,0.0
CUST11200,10,25411.81,2541.181,6731.04,0,18.165,0.4,0.0
CUST11201,10,32626.2,3262.62,6366.34,1,21.915,0.9,10.0
CUST11202,10,24002.68,2400.268,8378.41,1,22.653,0.4,10.0
CUST11203,10,41953.06,4195.306,19702.32,1,26.893,0.3,10.0
CUST11204,10,39310.81,3931.0809999999997,9933.55,1,27.639999999999997,0.4,10.0
CUST11205,10,46063.76,4606.376,29882.61,1,23.797,0.8,10.0
CUST11206,10,28116.29,2811.629,7658.21,0,14.253,0.2,0.0
CUST11207,10,60208.450000000004,6020.845,36116.65,0,18.149,0.4,0.0
CUST11208,10,28024.72,2802.472,5642.76,0,16.31,0.3,0.0
CUST11209,10,29299.59,2929.959,9142.14,0,18.717000000000002,0.5,0.0
CUST11210,10,24620.32,2462.032,4180.58,0,26.568,0.9,0.0
CUST11211,10,43401.74,4340.174,12028.52,0,14.691999999999998,0.4,0.0
CUST11212,10,76818.21,7681.821000000001,30420.63,1,18.872999999999998,0.4,10.0
CUST11213,10,28766.55,2876.6549999999997,7617.21,0,23.066,0.3,0.0
CUST11214,10,39534.01,3953.4010000000003,16141.99,0,26.212,0.2,0.0
CUST11215,10,63370.01000000001,6337.001000000001,32994.41,0,23.262,0.4,0.0
CUST11216,10,34247.159999999996,3424.7159999999994,14735.89,0,18.059,0.3,0.0
CUST11217,10,39107.4,3910.7400000000002,6199.71,0,19.648,0.1,0.0
CUST11218,10,73657.96,7365.796,30945.66,0,19.756999999999998,0.2,0.0
CUST11219,10,20517.07,2051.707,4836.55,0,21.093,0.1,0.0
CUST11220,10,32244.280000000002,3224.4280000000003,9437.68,0,22.549,0.4,0.0
CUST11221,10,36657.26,3665.726,14076.77,0,18.72,0.3,0.0
CUST11222,10,33751.07,3375.107,6295.9,1,29.142000000000003,0.9,10.0
CUST11223,10,63146.14,6314.614,41859.46,0,17.43,0.2,0.0
CUST11224,10,67675.62,6767.562,15882.78,2,23.307,0.1,20.0
CUST11225,10,38676.55,3867.655,11446.45,0,18.166999999999998,0.3,0.0
CUST11226,10,48411.19,4841.119000000001,14288.67,0,27.299,0.5,0.0
CUST11227,10,33356.94,3335.6940000000004,6990.88,0,15.419,0.6,0.0
CUST11228,10,72436.0,7243.6,28702.35,0,19.386,0.1,0.0
CUST11229,10,49352.56,4935.255999999999,16959.71,0,21.187,0.0,0.0
CUST11230,10,28434.63,2843.463,9459.36,0,23.984,0.7,0.0
CUST11231,10,38456.86,3845.686,7578.43,1,23.288,0.4,10.0
CUST11232,10,157030.1,15703.01,116614.6,0,15.883,0.7,0.0
CUST11233,10,37407.619999999995,3740.7619999999997,19931.73,1,27.921000000000003,0.4,10.0
CUST11234,10,20297.78,2029.7779999999998,6633.91,0,28.692,0.0,0.0
CUST11235,10,41575.840000000004,4157.584000000001,12098.61,0,22.06,0.3,0.0
CUST11236,10,126021.35,12602.135,86340.83,0,19.485,0.5,0.0
CUST11237,10,54968.76,5496.876,35290.88,0,18.118000000000002,0.2,0.0
CUST11238,10,164098.33000000002,16409.833000000002,107148.92,1,19.15,0.7,10.0
CUST11239,10,32604.0,3260.4,7344.88,0,15.981,0.2,0.0
CUST11240,10,44255.17,4425.517,15196.31,0,20.832,0.1,0.0
CUST11241,10,47235.05,4723.505,12921.95,0,23.953,0.4,0.0
CUST11242,10,23685.78,2368.578,7406.59,0,13.834,0.6,0.0
CUST11243,10,68634.93,6863.4929999999995,20036.74,0,17.085,0.0,0.0
CUST11244,10,27997.6,2799.7599999999998,10523.04,1,18.93,0.1,10.0
CUST11245,10,21375.6,2137.56,3965.56,0,18.19,0.4,0.0
CUST11246,10,31374.559999999998,3137.4559999999997,7506.15,0,24.952,0.2,0.0
CUST11247,10,37052.78,3705.278,9868.87,0,25.32,0.3,0.0
CUST11248,10,34625.75,3462.575,13131.66,0,15.425,0.1,0.0
CUST11249,10,51380.95,5138.094999999999,10412.07,0,16.113999999999997,0.2,0.0
CUST11250,10,46131.98,4613.198,20464.15,0,14.056999999999999,0.0,0.0
CUST11251,10,28770.12,2877.0119999999997,5596.37,0,18.906,0.2,0.0
CUST11252,10,45264.93,4526.493,10381.64,0,14.727,0.2,0.0
CUST11253,10,13669.23,1366.923,3178.54,1,20.116,0.0,10.0
CUST11254,10,41088.66,4108.866,11809.23,0,23.942,0.3,0.0
CUST11255,10,62951.15,6295.115,11003.96,1,21.284,0.5,10.0
CUST11256,10,51806.72,5180.6720000000005,27403.05,0,23.015,0.3,0.0
CUST11257,10,18169.27,1816.9270000000001,6134.45,0,20.972,0.7,0.0
CUST11258,10,25483.440000000002,2548.344,7625.78,0,14.921000000000001,0.2,0.0
CUST11259,10,25984.64,2598.464,5858.08,0,27.442,1.0,0.0
CUST11260,10,41026.01,4102.601000000001,18678.64,0,18.32,0.4,0.0
CUST11261,10,49932.45,4993.245,17942.79,0,14.975,0.2,0.0
CUST11262,10,24832.54,2483.254,6047.47,0,18.631,0.2,0.0
CUST11263,10,53877.55,5387.755,16189.67,0,23.92,0.4,0.0
CUST11264,10,52407.81,5240.781,21626.08,0,19.084,0.3,0.0
CUST11265,10,45387.86,4538.786,14755.64,0,15.171000000000001,0.5,0.0
CUST11266,10,38494.16,3849.416,11087.54,0,17.378,0.8,0.0
CUST11267,10,39023.6,3902.3599999999997,10220.15,0,20.903,0.2,0.0
CUST11268,10,37422.99,3742.299,7433.35,0,22.907999999999998,0.4,0.0
CUST11269,10,64577.81,6457.781,12848.0,0,23.996,0.6,0.0
CUST11270,10,41933.13,4193.313,12913.01,0,15.608,0.6,0.0
CUST11271,10,26874.309999999998,2687.4309999999996,10336.91,0,25.657999999999998,0.4,0.0
CUST11272,10,56923.92,5692.392,17987.35,0,25.399,0.5,0.0
CUST11273,10,18711.56,1871.1560000000002,7648.43,0,19.985,0.2,0.0
CUST11274,10,80030.95000000001,8003.095000000001,45557.05,0,24.975,0.1,0.0
CUST11275,10,37614.64,3761.464,9464.3,0,11.243,0.4,0.0
CUST11276,10,34831.08,3483.108,11488.36,1,18.605,0.4,10.0
CUST11277,10,33783.92,3378.392,9624.65,0,20.288,0.0,0.0
CUST11278,10,30551.03,3055.103,8011.89,1,21.459,0.6,10.0
CUST11279,10,40416.68,4041.668,11521.35,0,29.089999999999996,0.6,0.0
CUST11280,10,42346.24,4234.624,10357.05,1,23.537,0.4,10.0
CUST11281,10,34295.8,3429.5800000000004,6975.54,1,17.574,0.2,10.0
CUST11282,10,34281.13,3428.113,7209.88,2,33.429,0.7,20.0
CUST11283,10,34265.41,3426.541,10239.99,0,20.612000000000002,0.3,0.0
CUST11284,10,27352.88,2735.288,5603.38,0,19.276000000000003,0.0,0.0
CUST11285,10,24253.47,2425.347,4340.92,0,16.512,0.1,0.0
CUST11286,10,40258.74,4025.874,11548.11,0,25.259999999999998,0.1,0.0
CUST11287,10,66429.99,6642.999000000001,14622.12,1,24.747999999999998,1.0,10.0
CUST11288,10,25320.12,2532.0119999999997,7298.23,0,24.285,0.2,0.0
CUST11289,10,31639.8,3163.98,6407.88,0,22.503,0.3,0.0
CUST11290,10,22018.49,2201.849,7803.57,0,19.558,0.2,0.0
CUST11291,10,41636.73,4163.673000000001,17846.93,0,19.444,0.5,0.0
CUST11292,10,55773.56,5577.356,30262.38,0,15.236,0.2,0.0
CUST11293,10,37134.1,3713.41,7289.67,0,23.289,0.1,0.0
CUST11294,10,72323.41,7232.341,21401.75,1,19.425,0.2,10.0
CUST11295,10,31381.66,3138.166,7122.93,0,16.711000000000002,0.4,0.0
CUST11296,10,35206.729999999996,3520.673,13558.67,0,22.0,0.5,0.0
CUST11297,10,30506.98,3050.698,8527.58,0,19.405,0.3,0.0
CUST11298,10,27833.37,2783.337,6716.69,0,14.551999999999998,0.5,0.0
CUST11299,10,191352.63999999996,19135.263999999996,131784.83,1,18.607,0.1,10.0
CUST11300,10,22051.219999999998,2205.122,6135.33,0,22.895,0.1,0.0
CUST11301,10,37464.380000000005,3746.4380000000006,15041.37,0,17.587,0.3,0.0
CUST11302,10,22609.4,2260.94,5496.13,0,18.0,0.4,0.0
CUST11303,10,46811.81,4681.181,22841.16,0,25.592000000000002,0.2,0.0
CUST11304,10,64611.06999999999,6461.106999999999,34475.28,0,18.689,0.4,0.0
CUST11305,10,51615.32,5161.532,16390.27,0,13.056999999999999,0.1,0.0
CUST11306,10,16813.510000000002,1681.351,4608.39,1,15.886000000000001,0.5,10.0
CUST11307,10,23556.66,2355.666,9729.13,0,26.916000000000004,0.5,0.0
CUST11308,10,49846.4,4984.64,32575.61,1,14.425,0.2,10.0
CUST11309,10,21023.82,2102.382,5895.93,0,21.758000000000003,0.2,0.0
CUST11310,10,66080.91,6608.091,13537.0,0,19.79,0.5,0.0
CUST11311,10,72188.93,7218.892999999999,20141.3,0,14.36,0.6,0.0
CUST11312,10,83657.26,8365.725999999999,38741.01,0,11.806999999999999,0.2,0.0
CUST11313,10,48269.36,4826.936,9821.2,1,25.923000000000002,0.9,10.0
CUST11314,10,28540.12,2854.0119999999997,10398.47,0,27.282,0.4,0.0
CUST11315,10,38562.33,3856.233,14448.61,0,18.338,0.3,0.0
CUST11316,10,28264.38,2826.438,10164.04,2,35.069,0.7,20.0
CUST11317,10,29617.329999999998,2961.7329999999997,6667.55,0,19.593,0.1,0.0
CUST11318,10,31426.86,3142.686,7123.59,0,17.354,0.6,0.0
CUST11319,10,20248.43,2024.843,4985.09,0,18.46,0.2,0.0
CUST11320,10,29739.43,2973.943,7137.96,0,22.878,0.1,0.0
CUST11321,10,50828.060000000005,5082.8060000000005,12972.17,0,17.468,0.5,0.0
CUST11322,10,21510.97,2151.097,4946.95,0,19.869,0.3,0.0
CUST11323,10,26875.33,2687.5330000000004,12558.7,1,26.764999999999997,0.3,10.0
CUST11324,10,46354.56,4635.456,14175.52,0,23.782999999999998,0.4,0.0
CUST11325,10,46225.659999999996,4622.566,19013.01,0,21.115,0.3,0.0
CUST11326,10,38658.41,3865.8410000000003,7177.84,0,17.733,0.5,0.0
CUST11327,10,83563.26,8356.326,38905.7,0,16.642,0.7,0.0
CUST11328,10,50882.81,5088.281,17058.06,1,26.055,0.6,10.0
CUST11329,10,30374.0,3037.4,5184.13,0,18.133000000000003,0.3,0.0
CUST11330,10,71891.01,7189.101,27308.84,0,17.23,0.1,0.0
CUST11331,10,23956.949999999997,2395.6949999999997,8446.23,0,21.41,0.2,0.0
CUST11332,10,44007.95,4400.795,9208.78,0,21.018,0.6,0.0
CUST11333,10,41455.68,4145.568,8315.08,0,20.269,0.6,0.0
CUST11334,10,39443.0,3944.3,25204.35,0,18.518,0.1,0.0
CUST11335,10,57863.35,5786.335,18162.85,0,22.294999999999998,0.2,0.0
CUST11336,10,19922.23,1992.223,6539.11,0,16.967,0.2,0.0
CUST11337,10,16378.49,1637.849,3357.8,0,21.953,0.2,0.0
CUST11338,10,43659.45,4365.945,11091.89,0,18.947,0.4,0.0
CUST11339,10,34296.54,3429.654,11115.97,0,28.986,0.3,0.0
CUST11340,10,50138.74,5013.874,18155.96,0,15.922,0.4,0.0
CUST11341,10,36788.770000000004,3678.8770000000004,15388.62,0,13.550999999999998,0.3,0.0
CUST11342,10,52096.18,5209.618,14368.7,0,27.249000000000002,0.8,0.0
CUST11343,10,24999.42,2499.942,6236.18,0,23.05,0.2,0.0
CUST11344,10,19329.69,1932.9689999999998,3555.96,1,27.898000000000003,0.7,10.0
CUST11345,10,35613.09,3561.3089999999997,6764.48,1,18.519,0.5,10.0
CUST11346,10,36316.42,3631.642,11348.4,1,22.454,0.4,10.0
CUST11347,10,21575.25,2157.525,9887.51,0,20.488999999999997,0.3,0.0
CUST11348,10,38452.0,3845.2,6621.67,0,26.168,0.8,0.0
CUST11349,10,38794.58,3879.458,10869.37,0,24.565,0.3,0.0
CUST11350,10,48032.22,4803.222,17907.38,0,23.901,0.3,0.0
CUST11351,10,23699.53,2369.953,5414.48,1,24.8,0.8,10.0
CUST11352,10,27067.64,2706.764,10991.69,0,21.869,0.5,0.0
CUST11353,10,52336.0,5233.6,18828.53,0,22.240000000000002,0.2,0.0
CUST11354,10,66822.04,6682.204,20298.17,1,20.231,0.5,10.0
CUST11355,10,30217.16,3021.716,14456.5,0,13.619,0.2,0.0
CUST11356,10,35021.520000000004,3502.1520000000005,11218.31,0,18.374000000000002,0.3,0.0
CUST11357,10,35719.06,3571.906,13307.6,0,19.932,0.1,0.0
CUST11358,10,46585.53,4658.553,14705.35,0,25.187,0.7,0.0
CUST11359,10,16971.45,1697.145,6554.71,1,15.187999999999999,0.7,10.0
CUST11360,10,43650.44,4365.044,10964.49,0,18.372,0.1,0.0
CUST11361,10,69312.12000000001,6931.212000000001,32751.49,0,18.994,0.5,0.0
CUST11362,10,22221.989999999998,2222.1989999999996,3991.1,0,16.77,0.2,0.0
CUST11363,10,25517.75,2551.775,5285.15,1,23.147,0.4,10.0
CUST11364,10,33205.369999999995,3320.5369999999994,11809.33,0,14.529,0.5,0.0
CUST11365,10,39873.65,3987.3650000000002,12487.18,0,17.689,0.4,0.0
CUST11366,10,35995.9,3599.59,10776.81,1,29.314,0.7,10.0
CUST11367,10,24530.77,2453.077,4425.74,1,26.878000000000004,0.7,10.0
CUST11368,10,47713.11,4771.311,9707.8,0,23.872,0.4,0.0
CUST11369,10,13037.75,1303.775,3494.24,0,14.467000000000002,0.4,0.0
CUST11370,10,24476.9,2447.69,7477.82,0,19.806,0.3,0.0
CUST11371,10,30546.14,3054.614,7819.15,0,22.695,0.4,0.0
CUST11372,10,36809.04,3680.904,11611.73,0,20.169,0.5,0.0
CUST11373,10,36846.05,3684.6050000000005,10852.01,1,13.350999999999999,0.5,10.0
CUST11374,10,31337.12,3133.712,7964.04,0,21.192,0.4,0.0
CUST11375,10,36715.05,3671.505,10922.56,1,17.171,0.3,10.0
CUST11376,10,34477.46,3447.746,8807.09,0,16.95,0.2,0.0
CUST11377,10,15528.66,1552.866,3762.81,0,16.611,0.3,0.0
CUST11378,10,26059.98,2605.998,6954.25,0,21.938,0.6,0.0
CUST11379,10,23307.77,2330.777,7854.3,1,20.069,0.4,10.0
CUST11380,10,45252.520000000004,4525.252,23185.93,0,28.595,0.3,0.0
CUST11381,10,28862.23,2886.223,6434.36,0,22.149,0.3,0.0
CUST11382,10,36775.810000000005,3677.5810000000006,13040.37,0,28.720999999999997,0.5,0.0
CUST11383,10,30753.61,3075.361,15993.31,0,27.285000000000004,0.4,0.0
CUST11384,10,34379.43,3437.943,8721.99,0,18.847,0.2,0.0
CUST11385,10,22319.58,2231.958,4156.53,0,17.651,0.3,0.0
CUST11386,10,27078.73,2707.873,6497.64,0,13.7,0.3,0.0
CUST11387,10,34456.27,3445.6269999999995,9142.56,1,16.174,0.2,10.0
CUST11388,10,38642.850000000006,3864.2850000000008,13373.02,0,22.207,0.5,0.0
CUST11389,10,30732.17,3073.2169999999996,8393.89,0,20.802,0.2,0.0
CUST11390,10,77087.79000000001,7708.779,24619.02,2,16.033,0.1,20.0
CUST11391,10,45967.33,4596.733,13941.39,1,17.447,0.4,10.0
CUST11392,10,84939.56999999999,8493.956999999999,44535.44,0,24.866,0.5,0.0
CUST11393,10,40376.22,4037.6220000000003,11940.48,1,15.701999999999998,0.3,10.0
CUST11394,10,41936.32,4193.632,7768.52,0,13.87,0.4,0.0
CUST11395,10,55443.08,5544.308,18742.74,0,26.375,0.2,0.0
CUST11396,10,45533.090000000004,4553.309,12534.07,0,23.516,0.0,0.0
CUST11397,10,51011.880000000005,5101.188,34280.17,0,23.018,0.2,0.0
CUST11398,10,37596.06,3759.6059999999998,16190.63,0,14.611,0.2,0.0
CUST11399,10,54919.84,5491.9839999999995,24221.28,0,17.130000000000003,0.5,0.0
CUST11400,10,30815.14,3081.514,7393.53,0,17.506,0.5,0.0
CUST11401,10,49224.11,4922.411,22057.37,0,16.309,0.5,0.0
CUST11402,10,33413.53,3341.353,6557.71,0,15.899000000000001,0.2,0.0
CUST11403,10,24602.8,2460.2799999999997,5949.71,0,15.354,0.4,0.0
CUST11404,10,35759.58,3575.958,9062.32,0,20.206,0.5,0.0
CUST11405,10,50630.67,5063.067,21240.42,0,19.531,0.3,0.0
CUST11406,10,57170.630000000005,5717.063,26279.5,0,20.110999999999997,0.1,0.0
CUST11407,10,46584.369999999995,4658.437,13120.74,0,19.046,0.4,0.0
CUST11408,10,51669.49,5166.949,28446.43,1,12.895,0.1,10.0
CUST11409,10,41065.28,4106.528,12912.63,0,18.546,0.6,0.0
CUST11410,10,81811.45,8181.1449999999995,26174.38,1,17.767,0.4,10.0
CUST11411,10,95072.20000000001,9507.220000000001,58825.41,1,16.819,0.1,10.0
CUST11412,10,76584.56,7658.456,17839.9,0,20.616,0.4,0.0
CUST11413,10,52558.89,5255.889,18384.32,0,24.706,0.3,0.0
CUST11414,10,38425.24,3842.524,13120.42,0,21.79,0.7,0.0
CUST11415,10,29155.45,2915.545,6486.66,0,25.101,0.5,0.0
CUST11416,10,57632.82,5763.282,17392.88,0,21.698,0.2,0.0
CUST11417,10,26289.47,2628.947,7776.36,0,21.429,0.3,0.0
CUST11418,10,69477.33,6947.733,17954.71,0,12.662,0.1,0.0
CUST11419,10,69701.87,6970.187,17641.51,1,21.279000000000003,0.5,10.0
CUST11420,10,49768.24,4976.824,16972.61,0,19.692,0.4,0.0
CUST11421,10,40441.39,4044.139,6653.85,0,24.811,0.2,0.0
CUST11422,10,57158.939999999995,5715.893999999999,35593.31,0,15.121,0.3,0.0
CUST11423,10,30722.8,3072.2799999999997,8025.77,0,14.693999999999999,0.4,0.0
CUST11424,10,83459.33,8345.933,28645.77,0,17.785,0.2,0.0
CUST11425,10,45813.53,4581.353,18719.67,0,28.308,0.2,0.0
CUST11426,10,40535.32,4053.532,16458.06,0,17.046,0.0,0.0
CUST11427,10,50221.54,5022.154,13216.84,0,15.667000000000002,0.2,0.0
CUST11428,10,38063.439999999995,3806.3439999999996,18518.12,0,18.224,0.4,0.0
CUST11429,10,35412.53,3541.2529999999997,8421.2,1,25.342000000000002,0.6,10.0
CUST11430,10,78979.89,7897.989,36861.04,0,18.346,0.3,0.0
CUST11431,10,49711.13,4971.112999999999,19540.93,0,19.925,0.7,0.0
CUST11432,10,14251.28,1425.1280000000002,2914.3,0,20.769,0.1,0.0
CUST11433,10,38860.0,3886.0,6437.47,0,17.964000000000002,0.4,0.0
CUST11434,10,27179.91,2717.991,7485.46,0,18.064,0.2,0.0
CUST11435,10,65856.95,6585.695,46107.44,0,16.538999999999998,0.2,0.0
CUST11436,10,21680.82,2168.082,5306.39,0,24.894,0.3,0.0
CUST11437,10,74117.21,7411.7210000000005,52813.72,0,10.858,0.9,0.0
CUST11438,10,40482.28,4048.228,11940.01,0,16.433,0.2,0.0
CUST11439,10,25934.75,2593.475,5931.74,0,13.690999999999999,0.1,0.0
CUST11440,10,29891.58,2989.1580000000004,7250.68,0,19.133000000000003,0.2,0.0
CUST11441,10,32224.14,3222.4139999999998,6652.92,1,12.359,0.3,10.0
CUST11442,10,35796.11,3579.611,12020.57,1,18.631999999999998,0.1,10.0
CUST11443,10,32359.39,3235.939,7589.86,0,25.199,0.4,0.0
CUST11444,10,60397.32,6039.732,22113.65,0,18.849,0.4,0.0
CUST11445,10,38143.06,3814.3059999999996,8370.49,0,20.314,0.5,0.0
CUST11446,10,54977.87,5497.787,18149.45,0,23.177,0.3,0.0
CUST11447,10,45609.81,4560.981,15498.64,1,19.715,0.1,10.0
CUST11448,10,31904.86,3190.486,5667.31,0,17.113,0.6,0.0
CUST11449,10,20049.06,2004.9060000000002,3632.36,0,19.038,0.1,0.0
CUST11450,10,36800.15,3680.0150000000003,7383.28,0,24.383,0.3,0.0
CUST11451,10,45820.92,4582.092,10549.23,0,17.174,0.3,0.0
CUST11452,10,22905.59,2290.559,3336.16,0,20.552,0.5,0.0
CUST11453,10,46449.98,4644.9980000000005,20178.86,1,15.124,0.0,10.0
CUST11454,10,40867.79,4086.779,14044.91,0,20.272,0.8,0.0
CUST11455,10,27477.98,2747.798,6551.96,0,25.06,0.4,0.0
CUST11456,10,16631.27,1663.127,4248.59,0,21.408,0.3,0.0
CUST11457,10,48486.58,4848.658,20069.1,0,24.238999999999997,0.4,0.0
CUST11458,10,42129.979999999996,4212.998,11039.38,0,14.25,0.3,0.0
CUST11459,10,46113.5,4611.35,12139.71,0,26.469,0.5,0.0
CUST11460,10,54471.119999999995,5447.111999999999,12134.68,0,22.084,0.6,0.0
CUST11461,10,57064.55,5706.455,18388.3,0,22.894,0.1,0.0
CUST11462,10,41554.41,4155.441000000001,16298.61,0,17.605,0.2,0.0
CUST11463,10,46657.95,4665.795,14482.63,0,19.002000000000002,0.3,0.0
CUST11464,10,65068.46,6506.846,25951.13,1,14.593,0.3,10.0
CUST11465,10,44965.23,4496.523,8779.86,0,26.660000000000004,0.1,0.0
CUST11466,10,40236.9,4023.69,11679.23,1,20.107,0.2,10.0
CUST11467,10,14938.93,1493.893,3616.73,0,18.49,0.2,0.0
CUST11468,10,25915.86,2591.5860000000002,6560.02,0,20.718,0.2,0.0
CUST11469,10,34481.81,3448.1809999999996,9786.35,0,19.4,0.6,0.0
CUST11470,10,55494.97,5549.497,31185.23,0,20.979,0.3,0.0
CUST11471,10,43639.33,4363.933,10654.16,0,18.898000000000003,0.3,0.0
CUST11472,10,40057.729999999996,4005.7729999999997,10604.7,0,21.732999999999997,0.3,0.0
CUST11473,10,18631.62,1863.1619999999998,3677.84,1,21.911,0.4,10.0
CUST11474,10,49162.57,4916.257,13735.85,1,13.355,0.8,10.0
CUST11475,10,95532.84,9553.284,41408.59,0,20.692,0.4,0.0
CUST11476,10,19852.12,1985.212,5691.42,0,14.178,0.3,0.0
CUST11477,10,42301.64,4230.164,12951.85,1,20.937,0.1,10.0
CUST11478,10,23765.420000000002,2376.5420000000004,6322.13,1,24.354,0.5,10.0
CUST11479,10,31375.940000000002,3137.594,13469.94,1,23.161,0.5,10.0
CUST11480,10,28642.49,2864.2490000000003,12243.77,0,26.488999999999997,0.3,0.0
CUST11481,10,44089.649999999994,4408.964999999999,17829.3,1,26.073,0.7,10.0
CUST11482,10,46119.9,4611.99,17614.97,2,18.833000000000002,0.2,20.0
CUST11483,10,29893.15,2989.315,9484.46,1,20.202,0.2,10.0
CUST11484,10,60710.19,6071.019,18429.96,0,28.262,0.7,0.0
CUST11485,10,29482.16,2948.216,7992.78,0,19.368000000000002,0.5,0.0
CUST11486,10,29701.120000000003,2970.112,9667.29,0,20.166,0.4,0.0
CUST11487,10,61720.66,6172.066000000001,34697.15,0,14.503,0.3,0.0
CUST11488,10,35298.39,3529.839,10169.95,0,16.301,0.5,0.0
CUST11489,10,54131.24,5413.124,16485.34,0,17.685,0.4,0.0
CUST11490,10,18897.76,1889.7759999999998,3938.14,0,17.330000000000002,0.2,0.0
CUST11491,10,34724.57,3472.457,14092.01,0,18.404,0.6,0.0
CUST11492,10,50388.24,5038.824,14860.75,0,20.724,0.1,0.0
CUST11493,10,30051.0,3005.1,5748.82,1,24.746000000000002,0.2,10.0
CUST11494,10,26114.36,2611.436,8342.89,0,20.663999999999998,0.4,0.0
CUST11495,10,179759.38,17975.938000000002,125028.6,0,23.702,0.4,0.0
CUST11496,10,29893.58,2989.358,7971.83,0,19.597,0.6,0.0
CUST11497,10,52345.44,5234.544,18150.58,0,16.749000000000002,0.3,0.0
CUST11498,10,40155.590000000004,4015.559,16704.99,0,12.854,0.3,0.0
CUST11499,10,29922.350000000002,2992.235,8070.25,0,17.066,0.3,0.0
CUST11500,10,19400.66,1940.066,5837.1,0,19.674,0.4,0.0
CUST11501,10,77398.31,7739.831,44864.93,1,27.690000000000005,0.3,10.0
CUST11502,10,44493.98,4449.398,19763.2,0,16.154,0.6,0.0
CUST11503,10,31529.92,3152.9919999999997,6568.57,0,26.381,0.2,0.0
CUST11504,10,39915.34,3991.5339999999997,11114.98,1,15.765,0.4,10.0
CUST11505,10,69964.06,6996.406,37144.6,0,16.804,0.3,0.0
CUST11506,10,100566.76,10056.676,39403.99,0,18.687,0.3,0.0
CUST11507,10,42306.23,4230.6230000000005,11776.87,0,20.523,0.4,0.0
CUST11508,10,33731.2,3373.12,11651.13,0,20.022,0.6,0.0
CUST11509,10,18772.41,1877.241,3926.01,0,20.548,0.3,0.0
CUST11510,10,65327.32,6532.732,21115.46,1,17.939,0.6,10.0
CUST11511,10,34583.66,3458.3660000000004,8999.77,0,21.218,0.5,0.0
CUST11512,10,52497.18,5249.718,12654.74,0,23.169,0.7,0.0
CUST11513,10,23680.6,2368.06,9728.65,0,19.305,0.6,0.0
CUST11514,10,27363.48,2736.348,5859.55,1,27.026,0.5,10.0
CUST11515,10,91576.4,9157.64,35849.02,0,25.756999999999998,0.4,0.0
CUST11516,10,19424.29,1942.429,5129.78,0,19.062,0.5,0.0
CUST11517,10,27158.94,2715.894,7812.79,1,13.109,0.3,10.0
CUST11518,10,20473.8,2047.3799999999999,6084.79,1,18.974,0.7,10.0
CUST11519,10,88950.35,8895.035,49244.33,0,22.205000000000002,0.7,0.0
CUST11520,10,52931.42,5293.142,15038.67,0,16.923,0.0,0.0
CUST11521,10,26116.800000000003,2611.6800000000003,7519.26,0,22.764999999999997,0.5,0.0
CUST11522,10,42064.95,4206.495,11455.95,1,16.956,0.2,10.0
CUST11523,10,45986.69,4598.669,17898.98,0,23.752,0.1,0.0
CUST11524,10,22065.66,2206.566,5716.36,0,19.155,0.1,0.0
CUST11525,10,29125.62,2912.562,5591.95,0,19.485,0.3,0.0
CUST11526,10,36961.29,3696.129,20030.93,0,15.532,0.3,0.0
CUST11527,10,48732.55,4873.255,22670.07,0,18.538999999999998,0.4,0.0
CUST11528,10,33934.99,3393.499,9091.47,0,16.455000000000002,0.1,0.0
CUST11529,10,42151.04,4215.104,8712.39,0,13.657,0.3,0.0
CUST11530,10,37667.35,3766.7349999999997,9918.39,0,16.901,0.2,0.0
CUST11531,10,37971.79,3797.179,11956.13,0,22.012999999999998,0.3,0.0
CUST11532,10,50496.22,5049.622,15775.72,0,19.990000000000002,0.4,0.0
CUST11533,10,40022.0,4002.2,13041.18,0,20.645999999999997,0.3,0.0
CUST11534,10,117769.84999999999,11776.984999999999,100462.09,0,15.071000000000002,0.2,0.0
CUST11535,10,41005.66,4100.566000000001,18217.65,0,18.982999999999997,0.1,0.0
CUST11536,10,92551.29,9255.128999999999,30567.84,0,14.241,0.8,0.0
CUST11537,10,28933.54,2893.3540000000003,6171.31,0,15.843,0.2,0.0
CUST11538,10,20867.55,2086.755,4258.04,0,19.102,0.2,0.0
CUST11539,10,37490.92,3749.0919999999996,10998.26,0,18.437,0.5,0.0
CUST11540,10,21449.760000000002,2144.976,4641.14,1,14.103,0.2,10.0
CUST11541,10,46576.759999999995,4657.6759999999995,14744.83,0,21.79,0.0,0.0
CUST11542,10,75919.83,7591.983,37406.36,0,20.466,0.4,0.0
CUST11543,10,17739.47,1773.9470000000001,4653.93,0,19.673,0.3,0.0
CUST11544,10,35540.46,3554.046,8829.23,0,29.194,0.2,0.0
CUST11545,10,41357.17,4135.717,19936.95,0,31.149,1.0,0.0
CUST11546,10,37798.6,3779.8599999999997,12351.38,0,14.493,0.1,0.0
CUST11547,10,54685.82,5468.582,19921.31,0,16.531,0.4,0.0
CUST11548,10,42251.67,4225.1669999999995,10340.18,0,22.515,0.3,0.0
CUST11549,10,88740.85,8874.085000000001,45809.12,0,27.373,0.5,0.0
CUST11550,10,60119.2,6011.92,31944.35,0,21.238999999999997,0.6,0.0
CUST11551,10,71418.45999999999,7141.846,39565.24,0,16.339000000000002,0.2,0.0
CUST11552,10,27585.85,2758.585,8927.39,0,17.619999999999997,0.5,0.0
CUST11553,10,29871.399999999998,2987.14,6248.28,0,24.693,0.6,0.0
CUST11554,10,37351.979999999996,3735.1979999999994,10858.56,0,22.961000000000002,0.1,0.0
CUST11555,10,25819.09,2581.909,6205.74,1,27.208999999999996,0.7,10.0
CUST11556,10,25320.66,2532.066,5275.3,0,15.6,0.4,0.0
CUST11557,10,26789.329999999998,2678.933,8105.62,0,16.735,0.4,0.0
CUST11558,10,24111.75,2411.175,9131.1,0,28.275,0.4,0.0
CUST11559,10,37956.3,3795.63,12737.82,3,15.721,0.6,30.0
CUST11560,10,26360.53,2636.053,7226.41,2,13.399000000000001,0.6,20.0
CUST11561,10,34878.09,3487.8089999999997,7445.88,0,19.519,0.1,0.0
CUST11562,10,25228.78,2522.8779999999997,4649.92,0,19.023,0.6,0.0
CUST11563,10,33805.09,3380.5089999999996,8256.47,0,21.432,0.7,0.0
CUST11564,10,71361.32,7136.1320000000005,34928.06,0,23.294999999999998,0.3,0.0
CUST11565,10,31243.22,3124.322,10705.73,0,15.77,0.1,0.0
CUST11566,10,88395.17,8839.517,56205.71,0,17.862000000000002,0.4,0.0
CUST11567,10,39121.18,3912.118,12408.25,0,15.037,0.5,0.0
CUST11568,10,48181.520000000004,4818.152,18882.86,0,15.735,0.4,0.0
CUST11569,10,36105.05,3610.505,13166.79,0,12.75,0.6,0.0
CUST11570,10,25307.91,2530.791,5378.05,0,22.059,0.7,0.0
CUST11571,10,33953.52,3395.352,12752.13,0,27.449,0.3,0.0
CUST11572,10,31128.54,3112.8540000000003,10607.74,0,18.35,0.5,0.0
CUST11573,10,28065.55,2806.555,7868.37,0,20.522,0.4,0.0
CUST11574,10,57985.37,5798.537,15822.34,0,16.014,0.3,0.0
CUST11575,10,33478.99,3347.899,7510.88,0,18.316,0.3,0.0
CUST11576,10,55427.25,5542.725,17326.16,1,23.68,0.1,10.0
CUST11577,10,65788.53,6578.853,24599.19,0,21.64,0.3,0.0
CUST11578,10,35216.53,3521.653,12310.58,0,16.935,0.2,0.0
CUST11579,10,58364.6,5836.46,26722.06,0,20.705000000000002,0.3,0.0
CUST11580,10,68142.67,6814.267,17915.6,1,26.198,0.7,10.0
CUST11581,10,15610.810000000001,1561.0810000000001,3142.05,0,18.973,0.6,0.0
CUST11582,10,36086.18,3608.618,8517.44,1,22.637,0.3,10.0
CUST11583,10,61429.8,6142.9800000000005,19619.27,0,21.686,0.3,0.0
CUST11584,10,18385.74,1838.574,3511.12,0,11.809999999999999,0.4,0.0
CUST11585,10,41124.62,4112.462,11327.16,0,22.963,0.2,0.0
CUST11586,10,82763.37,8276.337,45732.31,0,17.346,0.7,0.0
CUST11587,10,42426.46,4242.646,18061.0,0,17.983,0.2,0.0
CUST11588,10,30331.59,3033.159,8847.63,0,21.752000000000002,0.3,0.0
CUST11589,10,32353.87,3235.3869999999997,9826.31,0,14.857,0.2,0.0
CUST11590,10,39938.72,3993.8720000000003,24158.34,0,20.238,0.3,0.0
CUST11591,10,32220.36,3222.036,7822.44,0,23.330000000000002,0.3,0.0
CUST11592,10,31974.05,3197.4049999999997,7927.09,0,20.383000000000003,0.6,0.0
CUST11593,10,145698.63,14569.863000000001,63679.05,1,23.871,0.9,10.0
CUST11594,10,29340.079999999998,2934.008,10637.88,0,18.329,0.3,0.0
CUST11595,10,25041.62,2504.162,6104.07,0,24.913999999999998,0.9,0.0
CUST11596,10,53522.68,5352.268,17533.85,0,18.723000000000003,0.3,0.0
CUST11597,10,14526.42,1452.642,3500.8,0,13.281,0.4,0.0
CUST11598,10,21849.05,2184.9049999999997,7169.43,0,19.641,0.5,0.0
CUST11599,10,35839.47,3583.947,7848.14,0,19.046,0.5,0.0
CUST11600,10,37303.79,3730.379,16413.11,0,21.052,0.4,0.0
CUST11601,10,42781.270000000004,4278.127,18813.14,0,23.827,0.3,0.0
CUST11602,10,34520.27,3452.0269999999996,13337.72,0,17.36,0.2,0.0
CUST11603,10,70067.79,7006.7789999999995,35129.47,0,17.742,0.4,0.0
CUST11604,10,47594.0,4759.4,14193.43,0,14.145999999999997,0.5,0.0
CUST11605,10,45242.89,4524.289,9636.3,1,15.526,0.4,10.0
CUST11606,10,28077.28,2807.728,7042.17,0,16.441,0.3,0.0
CUST11607,10,40113.53,4011.353,8573.44,0,24.89,0.8,0.0
CUST11608,10,50734.11,5073.411,19907.08,1,26.619,0.5,10.0
CUST11609,10,25187.51,2518.7509999999997,5649.32,0,21.246000000000002,0.5,0.0
CUST11610,10,42936.39,4293.639,11530.66,0,14.048999999999998,0.3,0.0
CUST11611,10,45999.2,4599.92,24038.67,0,22.599,0.4,0.0
CUST11612,10,22658.61,2265.861,10697.54,0,18.759,0.3,0.0
CUST11613,10,21159.56,2115.956,4816.52,0,20.155,0.2,0.0
CUST11614,10,61004.04,6100.404,19676.88,2,29.901,1.0,20.0
CUST11615,10,66323.06,6632.306,28555.53,0,16.427,0.1,0.0
CUST11616,10,59472.72,5947.272,26091.95,1,26.625,0.0,10.0
CUST11617,10,55201.409999999996,5520.141,36200.32,0,14.422999999999998,0.3,0.0
CUST11618,10,48738.72,4873.872,16044.0,0,20.973000000000003,0.6,0.0
CUST11619,10,36929.34,3692.9339999999997,7707.11,0,20.291,0.3,0.0
CUST11620,10,27737.9,2773.79,10475.36,0,23.068,0.3,0.0
CUST11621,10,116319.77,11631.977,83069.83,0,17.380000000000003,0.3,0.0
CUST11622,10,28248.14,2824.814,6387.76,0,20.067,0.3,0.0
CUST11623,10,82263.63,8226.363000000001,36925.5,0,18.715,0.3,0.0
CUST11624,10,52789.14,5278.914,23876.13,1,19.972,0.8,10.0
CUST11625,10,42978.68,4297.868,8074.54,0,20.503999999999998,0.1,0.0
CUST11626,10,51507.270000000004,5150.727000000001,26777.81,0,18.328,0.5,0.0
CUST11627,10,30075.36,3007.536,11518.84,0,24.863,0.3,0.0
CUST11628,10,61150.86,6115.086,29941.74,1,28.46,0.2,10.0
CUST11629,10,38129.07,3812.907,16757.34,1,14.133,0.3,10.0
CUST11630,10,32241.53,3224.153,13578.41,1,24.826999999999998,0.1,10.0
CUST11631,10,43378.99,4337.898999999999,12075.03,0,26.898000000000003,0.3,0.0
CUST11632,10,25446.68,2544.668,7226.78,0,18.771,0.1,0.0
CUST11633,10,50644.98,5064.4980000000005,11969.01,0,22.213,0.6,0.0
CUST11634,10,26767.57,2676.757,13371.5,1,27.04,0.5,10.0
CUST11635,10,61912.45999999999,6191.245999999999,35780.52,0,23.433,0.5,0.0
CUST11636,10,51010.63,5101.063,18250.42,0,14.315999999999999,0.0,0.0
CUST11637,10,42254.97,4225.497,8812.31,0,22.978,0.4,0.0
CUST11638,10,24896.28,2489.6279999999997,7780.56,1,33.717,0.5,10.0
CUST11639,10,43616.45,4361.6449999999995,8498.27,1,11.279,0.3,10.0
CUST11640,10,34588.47,3458.847,15612.31,0,19.328,0.5,0.0
CUST11641,10,73982.2,7398.219999999999,37234.39,0,15.901999999999997,0.4,0.0
CUST11642,10,35932.88,3593.2879999999996,7666.92,0,21.990000000000002,0.2,0.0
CUST11643,10,61629.64,6162.964,18999.28,1,22.356,0.1,10.0
CUST11644,10,27834.83,2783.483,10146.94,0,20.241,0.1,0.0
CUST11645,10,47444.8,4744.4800000000005,35256.71,0,22.04,0.5,0.0
CUST11646,10,45648.86,4564.886,21535.33,0,20.851,0.2,0.0
CUST11647,10,21765.96,2176.596,6357.22,0,17.953,0.4,0.0
CUST11648,10,88076.92,8807.692,32200.0,0,15.805000000000001,0.3,0.0
CUST11649,10,43500.14,4350.014,28176.37,0,16.932,0.3,0.0
CUST11650,10,20147.010000000002,2014.7010000000002,5455.45,0,17.454,0.4,0.0
CUST11651,10,39680.84,3968.084,11068.01,1,15.062000000000001,0.6,10.0
CUST11652,10,30431.489999999998,3043.149,12603.29,0,19.026999999999997,0.7,0.0
CUST11653,10,47404.72,4740.472,17789.59,0,22.175,0.3,0.0
CUST11654,10,50098.18,5009.818,15724.88,2,16.875,0.5,20.0
CUST11655,10,35807.06,3580.7059999999997,6498.19,1,18.291999999999998,0.5,10.0
CUST11656,10,28483.7,2848.37,5335.49,0,23.880000000000003,1.0,0.0
CUST11657,10,31619.62,3161.962,8803.72,1,17.615000000000002,0.2,10.0
CUST11658,10,37144.22,3714.422,8846.74,1,27.927999999999997,0.8,10.0
CUST11659,10,20730.19,2073.019,4465.5,0,22.61,0.6,0.0
CUST11660,10,99456.27,9945.627,44351.3,0,19.777,0.4,0.0
CUST11661,10,38113.71,3811.371,13213.44,0,33.557,0.4,0.0
CUST11662,10,33242.03,3324.203,8897.56,1,17.095,0.5,10.0
CUST11663,10,68798.82,6879.8820000000005,43113.71,1,13.587,0.4,10.0
CUST11664,10,50365.84,5036.584,16999.42,1,24.462,0.1,10.0
CUST11665,10,55227.28,5522.728,18428.24,0,23.166999999999998,0.2,0.0
CUST11666,10,31098.239999999998,3109.8239999999996,6060.63,1,30.877999999999997,0.5,10.0
CUST11667,10,78084.74,7808.474,48923.62,0,21.151,0.2,0.0
CUST11668,10,87657.15000000001,8765.715,38294.1,0,17.485,0.5,0.0
CUST11669,10,48181.270000000004,4818.127,13286.92,0,14.709999999999999,0.5,0.0
CUST11670,10,53688.06,5368.806,19965.75,0,19.881,0.2,0.0
CUST11671,10,53719.170000000006,5371.917,12373.04,0,19.419,0.1,0.0
CUST11672,10,33539.36,3353.936,9829.45,1,15.100999999999999,0.5,10.0
CUST11673,10,36507.74,3650.774,7280.49,1,25.092,0.7,10.0
CUST11674,10,49506.270000000004,4950.627,22920.59,0,27.738,0.7,0.0
CUST11675,10,62524.87,6252.487,15041.53,0,21.688,0.2,0.0
CUST11676,10,38473.9,3847.3900000000003,7043.69,0,24.996,0.7,0.0
CUST11677,10,27539.260000000002,2753.9260000000004,7965.42,2,21.161,0.5,20.0
CUST11678,10,31143.02,3114.302,6707.26,0,18.741,0.2,0.0
CUST11679,10,29962.91,2996.291,11330.18,1,21.845,0.4,10.0
CUST11680,10,30758.079999999998,3075.808,6909.04,0,15.001,0.7,0.0
CUST11681,10,64825.62,6482.562,21828.96,0,20.214000000000002,0.0,0.0
CUST11682,10,50124.25,5012.425,29084.3,0,14.690000000000001,0.3,0.0
CUST11683,10,60237.64,6023.764,24311.89,0,22.409,0.3,0.0
CUST11684,10,33872.9,3387.29,9008.51,0,19.803,0.2,0.0
CUST11685,10,55303.57,5530.357,18831.67,1,22.033,0.5,10.0
CUST11686,10,44519.380000000005,4451.938,12564.54,0,23.832,0.3,0.0
CUST11687,10,29238.010000000002,2923.8010000000004,11624.33,0,20.378,0.3,0.0
CUST11688,10,76360.66,7636.066000000001,33283.34,0,21.537,0.3,0.0
CUST11689,10,21780.96,2178.096,4032.89,0,20.078,0.5,0.0
CUST11690,10,25565.21,2556.5209999999997,9988.38,1,20.153,0.1,10.0
CUST11691,10,40259.729999999996,4025.9729999999995,16239.01,0,24.423000000000002,0.5,0.0
CUST11692,10,126825.64,12682.564,97120.72,0,17.869999999999997,0.1,0.0
CUST11693,10,14439.48,1443.9479999999999,3256.0,0,28.623,0.4,0.0
CUST11694,10,55037.45,5503.745,10294.79,0,14.112,0.2,0.0
CUST11695,10,89284.43,8928.443,25822.06,0,21.427,0.1,0.0
CUST11696,10,44925.61,4492.561,17316.85,1,22.661,0.9,10.0
CUST11697,10,50445.02,5044.5019999999995,15942.27,0,18.372999999999998,0.3,0.0
CUST11698,10,50740.54,5074.054,18314.04,0,25.314999999999998,0.5,0.0
CUST11699,10,25015.28,2501.528,5229.51,0,19.506,0.2,0.0
CUST11700,10,31641.219999999998,3164.122,9365.72,0,20.772,0.6,0.0
CUST11701,10,42773.27,4277.326999999999,16214.25,0,22.471,0.3,0.0
CUST11702,10,35186.83,3518.683,5744.8,1,29.27,0.6,10.0
CUST11703,10,52369.26,5236.926,19694.63,0,18.008000000000003,0.2,0.0
CUST11704,10,27692.53,2769.2529999999997,6979.9,0,18.411,0.1,0.0
CUST11705,10,25463.91,2546.391,8103.25,0,19.228,0.2,0.0
CUST11706,10,31026.49,3102.6490000000003,4787.68,0,18.768,0.3,0.0
CUST11707,10,42668.17,4266.817,11741.37,1,15.456,0.5,10.0
CUST11708,10,45232.75,4523.275,14536.39,1,29.887999999999998,1.2,10.0
CUST11709,10,25812.64,2581.264,8179.69,0,18.303,0.2,0.0
CUST11710,10,30537.85,3053.785,6541.26,0,25.746,0.3,0.0
CUST11711,10,30068.05,3006.805,10115.56,0,20.704,0.3,0.0
CUST11712,10,37203.35,3720.335,12531.59,0,17.584,0.3,0.0
CUST11713,10,28468.28,2846.828,16909.51,0,21.275,0.5,0.0
CUST11714,10,34218.67,3421.8669999999997,8238.47,0,18.764,0.2,0.0
CUST11715,10,63185.85,6318.585,20844.84,0,20.472,0.5,0.0
CUST11716,10,24004.7,2400.4700000000003,6894.76,0,19.313,0.2,0.0
CUST11717,10,49925.81,4992.581,22178.8,0,23.428,0.2,0.0
CUST11718,10,33509.79,3350.9790000000003,8230.3,0,19.371000000000002,0.3,0.0
CUST11719,10,55594.87,5559.487,18124.56,0,21.585,0.3,0.0
CUST11720,10,106277.95999999999,10627.795999999998,79375.14,0,26.159,0.2,0.0
CUST11721,10,49190.59,4919.058999999999,24837.64,0,20.958000000000002,0.3,0.0
CUST11722,10,41344.44,4134.444,15287.92,0,21.424,0.2,0.0
CUST11723,10,54396.04000000001,5439.604000000001,35401.47,0,24.175,0.5,0.0
CUST11724,10,34427.04,3442.704,7088.22,0,21.32,0.4,0.0
CUST11725,10,21121.329999999998,2112.133,5219.19,0,21.464000000000002,0.2,0.0
CUST11726,10,44988.23,4498.823,14095.36,1,18.471,1.0,10.0
CUST11727,10,55183.62,5518.362,13901.03,0,15.8,0.3,0.0
CUST11728,10,22747.08,2274.708,5895.44,2,20.443,0.3,20.0
CUST11729,10,24173.920000000002,2417.3920000000003,9612.62,0,24.062,0.5,0.0
CUST11730,10,20248.829999999998,2024.8829999999998,7028.29,0,22.294999999999998,0.6,0.0
CUST11731,10,30529.82,3052.982,8721.79,0,27.806,1.0,0.0
CUST11732,10,26740.199999999997,2674.0199999999995,8290.98,0,19.423,0.3,0.0
CUST11733,10,38649.01,3864.9010000000003,9490.43,0,20.591,0.2,0.0
CUST11734,10,41932.130000000005,4193.213000000001,13076.12,0,19.142000000000003,0.4,0.0
CUST11735,10,42789.64,4278.964,22207.74,0,13.688999999999998,0.1,0.0
CUST11736,10,64232.82,6423.282,37339.03,0,21.141,0.5,0.0
CUST11737,10,32105.47,3210.547,7601.33,0,19.082,0.5,0.0
CUST11738,10,34193.66,3419.3660000000004,7338.19,0,20.561,0.2,0.0
CUST11739,10,55133.52,5513.352,27939.71,0,18.860999999999997,0.1,0.0
CUST11740,10,52147.6,5214.76,24799.84,0,18.117,0.4,0.0
CUST11741,10,26731.24,2673.1240000000003,6232.13,0,18.052,0.4,0.0
CUST11742,10,40723.16,4072.3160000000003,16993.11,1,25.281,0.3,10.0
CUST11743,10,23261.07,2326.107,5228.23,0,18.81,0.3,0.0
CUST11744,10,24385.57,2438.557,5212.9,0,19.862000000000002,0.2,0.0
CUST11745,10,57141.2,5714.12,17776.46,1,13.959,0.8,10.0
CUST11746,10,57142.73,5714.273,25848.72,0,13.353,0.1,0.0
CUST11747,10,43255.79,4325.579,19154.59,1,22.770999999999997,0.8,10.0
CUST11748,10,110026.44,11002.644,41938.84,0,29.74,0.4,0.0
CUST11749,10,24355.64,2435.564,12103.68,0,20.081,0.1,0.0
CUST11750,10,32323.32,3232.332,7750.5,1,22.104000000000003,0.5,10.0
CUST11751,10,24154.87,2415.487,9086.63,1,22.368000000000002,0.3,10.0
CUST11752,10,27244.95,2724.495,11049.55,0,25.508,1.0,0.0
CUST11753,10,53185.13,5318.513,19636.62,0,17.742,0.2,0.0
CUST11754,10,61476.84,6147.683999999999,40043.38,0,20.803,0.3,0.0
CUST11755,10,62372.72,6237.272,29977.07,0,22.099,0.4,0.0
CUST11756,10,17892.69,1789.2689999999998,3769.55,0,14.687999999999999,0.6,0.0
CUST11757,10,28535.46,2853.546,13311.04,0,17.143,0.3,0.0
CUST11758,10,44127.7,4412.7699999999995,8436.86,0,23.630000000000003,0.3,0.0
CUST11759,10,37381.78,3738.178,12643.79,0,18.442,0.0,0.0
CUST11760,10,73996.43,7399.642999999999,32554.82,0,19.192,0.0,0.0
CUST11761,10,49643.15,4964.3150000000005,18094.57,0,21.744999999999997,0.3,0.0
CUST11762,10,30382.75,3038.275,6564.39,0,18.286,1.0,0.0
CUST11763,10,19779.79,1977.979,4542.57,0,17.964,0.2,0.0
CUST11764,10,54711.35,5471.135,15655.58,0,20.756999999999998,0.3,0.0
CUST11765,10,25695.51,2569.551,9182.82,0,22.413999999999998,0.6,0.0
CUST11766,10,37873.8,3787.38,12513.31,0,27.327999999999996,0.4,0.0
CUST11767,10,32324.6,3232.46,6923.89,0,18.978,0.2,0.0
CUST11768,10,52893.95,5289.3949999999995,21541.04,0,15.547999999999998,0.3,0.0
CUST11769,10,36972.24,3697.2239999999997,7983.34,1,21.646,0.7,10.0
CUST11770,10,42800.1,4280.01,14555.57,0,16.095,0.3,0.0
CUST11771,10,25739.47,2573.947,9017.59,0,22.136,0.5,0.0
CUST11772,10,21021.41,2102.141,3975.71,0,17.970000000000002,0.4,0.0
CUST11773,10,31377.34,3137.734,7507.0,1,13.154,0.3,10.0
CUST11774,10,19509.14,1950.914,6492.44,1,24.756,0.5,10.0
CUST11775,10,56618.19,5661.819,14917.55,1,24.842,0.5,10.0
CUST11776,10,69596.34999999999,6959.634999999999,45149.6,0,17.112000000000002,0.4,0.0
CUST11777,10,26657.059999999998,2665.7059999999997,7267.42,0,17.081,0.1,0.0
CUST11778,10,39003.39,3900.339,9485.09,1,18.069,0.2,10.0
CUST11779,10,25984.36,2598.436,5896.83,0,18.958,0.6,0.0
CUST11780,10,46621.25,4662.125,11717.05,0,24.066,0.3,0.0
CUST11781,10,28165.35,2816.535,7164.37,1,22.722,0.1,10.0
CUST11782,10,28612.77,2861.277,6443.74,0,16.728,0.3,0.0
CUST11783,10,29388.97,2938.897,6638.16,0,18.464,0.4,0.0
CUST11784,10,36277.78,3627.778,15031.59,0,25.768,0.3,0.0
CUST11785,10,70205.37,7020.536999999999,20844.29,0,23.823,0.4,0.0
CUST11786,10,38266.47,3826.647,9029.88,0,17.728,0.3,0.0
CUST11787,10,49118.97,4911.897,22392.25,0,13.546000000000001,0.7,0.0
CUST11788,10,36901.3,3690.13,9374.49,0,17.087,0.2,0.0
CUST11789,10,25918.52,2591.852,12256.1,0,17.604,0.4,0.0
CUST11790,10,24943.03,2494.303,5253.11,0,21.387,0.2,0.0
CUST11791,10,32691.780000000002,3269.1780000000003,13523.19,0,20.016,0.5,0.0
CUST11792,10,65272.490000000005,6527.249000000001,40684.05,0,21.783,0.4,0.0
CUST11793,10,17068.71,1706.8709999999999,3340.35,0,20.649,0.5,0.0
CUST11794,10,91768.39,9176.839,45007.81,0,21.119999999999997,0.3,0.0
CUST11795,10,46533.06,4653.306,17421.55,0,22.723,0.2,0.0
CUST11796,10,81821.31999999999,8182.132,18482.17,0,22.505000000000003,0.6,0.0
CUST11797,10,24046.699999999997,2404.6699999999996,11606.3,0,22.910999999999998,0.6,0.0
CUST11798,10,54200.1,5420.01,22925.09,0,17.044999999999998,0.5,0.0
CUST11799,10,24468.92,2446.892,4526.97,0,17.169,0.6,0.0
CUST11800,10,43734.8,4373.4800000000005,8459.35,0,15.300999999999998,0.4,0.0
CUST11801,10,40174.91,4017.4910000000004,8210.24,0,18.891,0.8,0.0
CUST11802,10,65379.2,6537.92,27488.41,1,30.869999999999997,0.8,10.0
CUST11803,10,65940.65,6594.065,17019.7,0,13.895,0.5,0.0
CUST11804,10,37223.66,3722.3660000000004,8499.07,0,23.342000000000002,0.5,0.0
CUST11805,10,46889.35,4688.9349999999995,17411.78,0,24.853,0.2,0.0
CUST11806,10,29238.989999999998,2923.899,8075.02,0,19.482,0.5,0.0
CUST11807,10,75298.28,7529.8279999999995,30464.08,1,19.3,0.2,10.0
CUST11808,10,25936.46,2593.6459999999997,5829.07,0,16.604,0.1,0.0
CUST11809,10,33752.94,3375.2940000000003,11484.12,0,21.229,0.4,0.0
CUST11810,10,49240.9,4924.09,11070.15,1,22.716,0.4,10.0
CUST11811,10,64978.96,6497.896,15245.38,0,17.286,0.4,0.0
CUST11812,10,39254.19,3925.4190000000003,11545.03,0,26.621,0.2,0.0
CUST11813,10,67539.9,6753.99,23333.66,0,16.101,0.4,0.0
CUST11814,10,57485.2,5748.5199999999995,27740.96,1,14.931000000000001,0.5,10.0
CUST11815,10,55596.479999999996,5559.647999999999,16641.42,0,20.256,0.4,0.0
CUST11816,10,30023.63,3002.3630000000003,8928.67,0,21.27,0.1,0.0
CUST11817,10,43789.5,4378.95,11039.02,0,11.472,0.3,0.0
CUST11818,10,31802.8,3180.2799999999997,5883.73,2,19.825,0.3,20.0
CUST11819,10,26046.11,2604.611,5009.42,0,12.331,0.3,0.0
CUST11820,10,27620.54,2762.054,6633.0,0,19.131999999999998,0.2,0.0
CUST11821,10,33594.85,3359.4849999999997,8922.09,0,21.493000000000002,0.5,0.0
CUST11822,10,41870.16,4187.0160000000005,15434.07,0,18.512,0.1,0.0
CUST11823,10,53606.3,5360.63,18991.79,0,13.187000000000001,0.4,0.0
CUST11824,10,41417.55,4141.755,15038.57,0,17.428,0.3,0.0
CUST11825,10,54691.7,5469.17,11750.97,0,20.738,0.4,0.0
CUST11826,10,58899.72,5889.972,13991.69,0,12.201,0.2,0.0
CUST11827,10,29916.42,2991.642,6806.65,0,27.207,0.3,0.0
CUST11828,10,51490.33,5149.033,24545.94,0,17.085,0.6,0.0
CUST11829,10,73737.64,7373.764,28725.71,1,23.476,0.5,10.0
CUST11830,10,48683.38,4868.338,23435.5,0,17.114,0.5,0.0
CUST11831,10,23585.23,2358.523,5038.9,0,18.599,0.5,0.0
CUST11832,10,29989.7,2998.9700000000003,14516.26,0,14.112,0.5,0.0
CUST11833,10,35960.25,3596.025,13702.29,0,24.911,0.4,0.0
CUST11834,10,23708.2,2370.82,5690.28,1,24.913,0.2,10.0
CUST11835,10,36505.130000000005,3650.5130000000004,8084.48,0,19.125999999999998,0.5,0.0
CUST11836,10,42873.880000000005,4287.388000000001,18321.97,0,23.875,0.3,0.0
CUST11837,10,29927.870000000003,2992.7870000000003,8955.36,0,19.668,0.4,0.0
CUST11838,10,31652.850000000002,3165.2850000000003,6731.64,0,13.835999999999999,0.2,0.0
CUST11839,10,63224.729999999996,6322.473,22704.55,0,18.294,0.2,0.0
CUST11840,10,42282.76,4228.276,14526.56,0,14.863,0.5,0.0
CUST11841,10,57978.310000000005,5797.831,14609.34,0,21.003,0.4,0.0
CUST11842,10,32331.34,3233.134,6905.31,1,24.798000000000002,0.3,10.0
CUST11843,10,54154.16,5415.416,12950.85,1,20.562,0.3,10.0
CUST11844,10,42523.52,4252.352,14638.4,0,18.476000000000003,0.4,0.0
CUST11845,10,29461.62,2946.162,14273.87,0,19.306,0.4,0.0
CUST11846,10,74108.78,7410.878,40017.17,0,22.116999999999997,0.4,0.0
CUST11847,10,66650.95,6665.094999999999,32034.2,0,19.806,0.4,0.0
CUST11848,10,39283.32,3928.332,10560.89,0,22.286,0.3,0.0
CUST11849,10,37057.56,3705.756,16027.74,0,19.848,0.3,0.0
CUST11850,10,25095.05,2509.505,5809.67,0,20.262,0.2,0.0
CUST11851,10,33120.11,3312.011,9140.23,0,20.183,0.2,0.0
CUST11852,10,38261.590000000004,3826.1590000000006,7830.17,0,14.790000000000001,0.4,0.0
CUST11853,10,48623.52,4862.352,24501.68,0,22.372999999999998,0.8,0.0
CUST11854,10,50879.700000000004,5087.97,18714.33,2,19.977,0.4,20.0
CUST11855,10,37920.35,3792.035,14184.73,0,25.218,0.2,0.0
CUST11856,10,48976.86,4897.686,32922.07,0,22.253,0.6,0.0
CUST11857,10,70676.28,7067.628,23470.56,0,20.211000000000002,0.1,0.0
CUST11858,10,35743.48,3574.3480000000004,7472.3,0,29.375999999999998,0.1,0.0
CUST11859,10,66162.06999999999,6616.206999999999,25253.28,0,24.451,0.3,0.0
CUST11860,10,97733.63,9773.363000000001,21304.39,0,19.872,0.4,0.0
CUST11861,10,94767.11,9476.711,35307.44,1,20.779,0.4,10.0
CUST11862,10,47130.85,4713.085,16592.38,0,21.988999999999997,0.3,0.0
CUST11863,10,49285.92,4928.592,23476.05,0,20.962,0.4,0.0
CUST11864,10,43529.66,4352.966,8311.0,0,14.232,0.5,0.0
CUST11865,10,41638.17,4163.817,13789.89,0,23.987000000000002,0.3,0.0
CUST11866,10,49173.89,4917.389,19470.66,0,21.353,0.3,0.0
CUST11867,10,37429.93,3742.993,12816.64,0,23.128,0.1,0.0
CUST11868,10,41939.98,4193.9980000000005,6800.49,0,23.802,0.2,0.0
CUST11869,10,35554.13,3555.4129999999996,7434.21,0,22.007,0.3,0.0
CUST11870,10,45335.38,4533.538,15103.77,0,20.781,0.3,0.0
CUST11871,10,19450.1,1945.0099999999998,6404.43,0,21.613,0.3,0.0
CUST11872,10,17501.59,1750.159,3725.16,0,35.693,0.8,0.0
CUST11873,10,51734.81,5173.481,18445.16,0,21.422,0.2,0.0
CUST11874,10,32518.07,3251.807,9454.82,0,15.331,0.4,0.0
CUST11875,10,43597.06,4359.706,16489.84,0,21.937,0.4,0.0
CUST11876,10,63172.31,6317.231,17578.1,0,22.606,0.2,0.0
CUST11877,10,44159.86,4415.986,9555.3,0,17.887999999999998,0.2,0.0
CUST11878,10,17953.370000000003,1795.3370000000002,4403.99,0,20.7,0.3,0.0
CUST11879,10,38177.9,3817.79,15732.16,0,23.064,0.4,0.0
CUST11880,10,43885.89,4388.589,16809.22,0,17.024,0.2,0.0
CUST11881,10,104990.59,10499.059,52896.72,0,19.994,0.4,0.0
CUST11882,10,53282.98,5328.298000000001,19712.22,0,18.831,0.2,0.0
CUST11883,10,62389.40000000001,6238.9400000000005,37905.62,0,29.462,0.1,0.0
CUST11884,10,34268.270000000004,3426.827,12374.79,0,19.490000000000002,0.5,0.0
CUST11885,10,62234.07000000001,6223.407000000001,40452.94,0,18.116,0.3,0.0
CUST11886,10,37189.77,3718.977,10456.91,0,18.458000000000002,0.2,0.0
CUST11887,10,99919.42,9991.942,65118.84,0,14.620999999999999,0.1,0.0
CUST11888,10,43836.22,4383.622,9487.64,0,18.491,0.4,0.0
CUST11889,10,45007.98,4500.798000000001,16666.25,1,23.981,0.5,10.0
CUST11890,10,91246.48,9124.648,31963.32,1,12.55,0.2,10.0
CUST11891,10,70437.56,7043.755999999999,34082.96,0,21.498,0.4,0.0
CUST11892,10,31530.54,3153.054,8945.1,0,16.565,0.6,0.0
CUST11893,10,44080.99,4408.099,12306.16,0,18.348,0.2,0.0
CUST11894,10,69464.4,6946.44,38360.97,1,26.406,0.3,10.0
CUST11895,10,30390.09,3039.009,6207.43,1,21.148,0.4,10.0
CUST11896,10,30860.420000000002,3086.0420000000004,7590.59,0,23.329,0.3,0.0
CUST11897,10,47703.18,4770.318,12621.4,0,18.503999999999998,0.3,0.0
CUST11898,10,27299.01,2729.901,7468.09,0,16.078,0.8,0.0
CUST11899,10,27635.489999999998,2763.549,9955.22,0,23.666,0.1,0.0
CUST11900,10,80224.03,8022.403,50419.45,0,21.677,0.3,0.0
CUST11901,10,52988.99,5298.898999999999,24794.91,0,17.009,0.5,0.0
CUST11902,10,31279.75,3127.975,10120.39,0,16.244,0.4,0.0
CUST11903,10,42755.12,4275.512000000001,17587.34,1,18.252,0.2,10.0
CUST11904,10,31962.800000000003,3196.28,9224.03,0,18.599,0.1,0.0
CUST11905,10,53116.33,5311.633,11913.76,0,20.542,0.3,0.0
CUST11906,10,24042.16,2404.216,5915.98,0,13.02,0.1,0.0
CUST11907,10,46854.35,4685.4349999999995,15640.98,0,15.812000000000001,0.4,0.0
CUST11908,10,37819.77,3781.977,14635.11,0,19.721,0.6,0.0
CUST11909,10,10774.07,1077.407,4040.16,0,18.784,0.7,0.0
CUST11910,10,44196.74,4419.674,17723.37,0,16.258000000000003,0.2,0.0
CUST11911,10,50631.56,5063.156,10213.51,1,22.188,0.2,10.0
CUST11912,10,79719.09,7971.909,45676.07,0,23.833,0.3,0.0
CUST11913,10,48039.65,4803.965,20223.41,0,28.903,1.0,0.0
CUST11914,10,12738.16,1273.816,3108.32,0,14.905000000000001,0.5,0.0
CUST11915,10,31442.940000000002,3144.2940000000003,8550.44,0,14.610999999999999,0.3,0.0
CUST11916,10,30406.23,3040.623,14118.02,1,21.902,0.1,10.0
CUST11917,10,70747.04999999999,7074.704999999999,40762.43,0,17.512999999999998,0.1,0.0
CUST11918,10,37128.94,3712.8940000000002,15197.18,0,16.18,0.4,0.0
CUST11919,10,40529.89,4052.989,11069.63,0,25.323999999999998,0.1,0.0
CUST11920,10,61371.15,6137.115,13382.44,0,22.784,0.2,0.0
CUST11921,10,41062.81,4106.281,12096.4,2,25.457,0.7,20.0
CUST11922,10,48414.49,4841.449,10945.53,0,17.272,0.2,0.0
CUST11923,10,27473.97,2747.397,6018.63,0,20.323,0.4,0.0
CUST11924,10,58615.33,5861.533,11956.03,1,20.267000000000003,0.3,10.0
CUST11925,10,74998.64,7499.864,50424.59,0,17.812,0.3,0.0
CUST11926,10,37107.27,3710.727,15402.0,0,18.756999999999998,0.5,0.0
CUST11927,10,65911.44,6591.144,18442.46,1,20.608,0.4,10.0
CUST11928,10,59736.3,5973.63,27125.86,0,21.759,0.3,0.0
CUST11929,10,37770.92,3777.0919999999996,9724.1,0,16.081,0.2,0.0
CUST11930,10,45666.68,4566.668,16251.83,0,24.046,0.4,0.0
CUST11931,10,50999.94,5099.994000000001,10992.23,0,18.922,0.1,0.0
CUST11932,10,39029.86,3902.986,12408.69,0,22.968,0.7,0.0
CUST11933,10,40316.46,4031.6459999999997,13599.02,1,22.07,0.2,10.0
CUST11934,10,56816.46,5681.646,19260.66,0,19.796,0.1,0.0
CUST11935,10,49734.8,4973.4800000000005,18095.63,1,21.845,0.2,10.0
CUST11936,10,175798.94,17579.894,132125.43,0,24.262,0.0,0.0
CUST11937,10,58114.119999999995,5811.411999999999,30085.1,0,16.285,0.3,0.0
CUST11938,10,99984.31999999999,9998.431999999999,38912.31,0,21.892000000000003,0.3,0.0
CUST11939,10,31066.57,3106.657,10874.17,1,21.448,0.5,10.0
CUST11940,10,41606.8,4160.68,9118.26,1,19.666,0.3,10.0
CUST11941,10,32915.39,3291.5389999999998,8713.33,0,18.827,0.2,0.0
CUST11942,10,39766.77,3976.6769999999997,16134.58,0,17.994,0.4,0.0
CUST11943,10,43141.67,4314.1669999999995,10867.77,0,18.157,0.3,0.0
CUST11944,10,44267.15,4426.715,11516.02,0,26.683,0.4,0.0
CUST11945,10,29095.010000000002,2909.501,9080.62,1,20.015,0.5,10.0
CUST11946,10,35869.99,3586.999,12457.18,0,11.331999999999999,0.4,0.0
CUST11947,10,67762.53,6776.253,34366.4,1,20.498,0.7,10.0
CUST11948,10,25820.769999999997,2582.0769999999998,5789.28,0,21.583000000000002,0.2,0.0
CUST11949,10,27449.91,2744.991,9943.07,0,18.95,0.1,0.0
CUST11950,10,38018.69,3801.869,10638.81,1,23.099,0.6,10.0
CUST11951,10,64504.07,6450.407,20493.57,0,16.463,0.1,0.0
CUST11952,10,30727.72,3072.772,9237.22,0,14.751000000000001,0.2,0.0
CUST11953,10,49363.71,4936.371,25506.63,0,22.862000000000002,0.3,0.0
CUST11954,10,29503.83,2950.3830000000003,6191.83,1,22.75,0.1,10.0
CUST11955,10,40361.090000000004,4036.1090000000004,6967.97,0,24.903,0.1,0.0
CUST11956,10,34022.17,3402.2169999999996,10555.52,0,23.353,0.1,0.0
CUST11957,10,43203.44,4320.344,15379.26,0,17.644,0.3,0.0
CUST11958,10,12482.62,1248.2620000000002,2158.26,0,17.756,0.5,0.0
CUST11959,10,61925.21,6192.521,26017.97,0,19.753999999999998,0.4,0.0
CUST11960,10,26970.99,2697.099,4403.73,0,30.784999999999997,0.2,0.0
CUST11961,10,146428.87,14642.886999999999,101317.93,0,21.47,0.5,0.0
CUST11962,10,44983.13,4498.313,17210.51,0,18.177,0.4,0.0
CUST11963,10,29257.56,2925.7560000000003,5638.13,0,37.094,0.6,0.0
CUST11964,10,36992.82,3699.282,10739.04,0,18.828,0.4,0.0
CUST11965,10,61670.51,6167.051,19877.69,0,25.455,0.2,0.0
CUST11966,10,38302.55,3830.255,14899.18,1,18.933,0.3,10.0
CUST11967,10,27673.72,2767.3720000000003,6661.79,0,12.296,0.3,0.0
CUST11968,10,228026.43,22802.643,191087.96,1,28.304000000000002,0.6,10.0
CUST11969,10,18964.829999999998,1896.4829999999997,3056.23,0,20.146,0.3,0.0
CUST11970,10,48930.880000000005,4893.088000000001,15738.7,1,14.234,0.2,10.0
CUST11971,10,74136.5,7413.65,36907.92,0,14.883000000000001,0.4,0.0
CUST11972,10,39488.45,3948.845,9137.62,0,21.502,0.2,0.0
CUST11973,10,46198.350000000006,4619.835000000001,13180.11,0,27.625999999999998,0.7,0.0
CUST11974,10,33965.18,3396.518,12141.73,0,17.983,0.2,0.0
CUST11975,10,37928.62,3792.862,7894.0,0,23.095999999999997,0.3,0.0
CUST11976,10,48471.45,4847.1449999999995,28859.09,0,19.256999999999998,0.5,0.0
CUST11977,10,51812.57,5181.257,24452.69,0,23.119999999999997,0.3,0.0
CUST11978,10,42715.79,4271.579,14420.62,1,22.589,0.8,10.0
CUST11979,10,25290.86,2529.0860000000002,6056.2,0,15.254,0.2,0.0
CUST11980,10,20127.91,2012.791,6092.84,0,13.889,0.2,0.0
CUST11981,10,29155.21,2915.5209999999997,5776.51,0,14.744,0.2,0.0
CUST11982,10,32640.57,3264.057,11819.18,0,24.94,0.0,0.0
CUST11983,10,28531.08,2853.108,6598.8,0,23.841,0.6,0.0
CUST11984,10,32187.07,3218.707,9644.24,0,26.086000000000002,0.7,0.0
CUST11985,10,21671.14,2167.114,4067.39,0,17.121000000000002,0.4,0.0
CUST11986,10,25483.33,2548.333,9505.43,0,21.481,0.4,0.0
CUST11987,10,80745.46,8074.546,30890.16,1,21.019,0.3,10.0
CUST11988,10,48701.270000000004,4870.127,9975.99,0,16.97,0.2,0.0
CUST11989,10,35375.909999999996,3537.5909999999994,10125.72,1,19.438,0.2,10.0
CUST11990,10,41984.49,4198.449,14303.51,1,17.566,0.7,10.0
CUST11991,10,45453.65,4545.365,18277.8,0,20.691,0.2,0.0
CUST11992,10,76641.75,7664.175,18689.54,0,26.735000000000003,0.2,0.0
CUST11993,10,31586.78,3158.678,7135.74,0,23.387,0.4,0.0
CUST11994,10,29404.21,2940.421,6671.4,1,13.041,0.2,10.0
CUST11995,10,39631.85,3963.185,6387.99,1,26.201,0.4,10.0
CUST11996,10,45682.04,4568.204,13982.43,0,17.999000000000002,0.3,0.0
CUST11997,10,30514.93,3051.493,11880.18,0,14.383000000000001,0.1,0.0
CUST11998,10,37642.75,3764.275,10965.99,0,17.189,0.3,0.0
CUST11999,10,28040.62,2804.062,7917.88,0,17.878,0.3,0.0
CUST12000,10,25379.18,2537.918,6780.08,0,14.885,0.1,0.0
CUST12001,10,26714.07,2671.407,5749.06,1,24.764,0.3,10.0
CUST12002,10,19651.75,1965.175,4142.65,1,24.881999999999998,0.5,10.0
CUST12003,10,30022.2,3002.2200000000003,5747.48,0,23.593,0.4,0.0
CUST12004,10,68543.2,6854.32,48246.36,1,14.866999999999999,0.3,10.0
CUST12005,10,41426.28,4142.628,16268.49,0,21.787,0.3,0.0
CUST12006,10,31619.72,3161.972,6331.22,0,21.839,0.6,0.0
CUST12007,10,27723.61,2772.361,6177.51,0,15.747,0.5,0.0
CUST12008,10,44283.07,4428.307,8913.12,0,16.035,0.4,0.0
CUST12009,10,30709.51,3070.951,9368.63,0,21.797,0.3,0.0
CUST12010,10,50643.17,5064.317,15957.77,0,19.959,0.3,0.0
CUST12011,10,25978.33,2597.833,9679.61,0,19.601,0.4,0.0
CUST12012,10,54047.38,5404.737999999999,17974.48,0,21.831,0.2,0.0
CUST12013,10,26443.1,2644.31,6095.61,0,17.084,0.5,0.0
CUST12014,10,24454.09,2445.409,8098.74,1,20.131,0.3,10.0
CUST12015,10,54177.33,5417.733,14571.82,0,23.368000000000002,0.2,0.0
CUST12016,10,33206.71,3320.671,8697.87,0,25.764999999999997,0.1,0.0
CUST12017,10,56391.34,5639.134,11752.26,0,21.473,0.5,0.0
CUST12018,10,39847.42,3984.7419999999997,14923.14,0,20.743000000000002,0.3,0.0
CUST12019,10,22470.76,2247.076,8645.24,1,18.225,0.1,10.0
CUST12020,10,36179.380000000005,3617.9380000000006,14350.93,0,26.752999999999997,0.7,0.0
CUST12021,10,21191.260000000002,2119.126,5155.01,1,21.908,0.2,10.0
CUST12022,10,21611.83,2161.183,4027.15,0,25.131999999999998,0.0,0.0
CUST12023,10,37109.15,3710.915,10243.45,0,17.491,0.1,0.0
CUST12024,10,34254.56,3425.4559999999997,8769.57,0,18.065,0.5,0.0
CUST12025,10,40974.53,4097.4529999999995,11101.37,1,19.656,0.5,10.0
CUST12026,10,27949.78,2794.978,5627.08,0,17.294999999999998,0.6,0.0
CUST12027,10,23298.92,2329.892,5141.65,0,19.931,0.6,0.0
CUST12028,10,46850.87,4685.087,21856.8,0,18.069,0.5,0.0
CUST12029,10,38658.46,3865.846,15952.02,0,29.203000000000003,0.4,0.0
CUST12030,10,34202.78,3420.278,10494.38,0,19.065,0.4,0.0
CUST12031,10,33145.22,3314.522,9142.02,1,17.607,0.9,10.0
CUST12032,10,32809.05,3280.905,13071.53,1,23.783,0.3,10.0
CUST12033,10,56659.56,5665.956,25357.45,0,16.259999999999998,0.6,0.0
CUST12034,10,25948.16,2594.816,5493.05,0,17.141,0.5,0.0
CUST12035,10,26483.239999999998,2648.3239999999996,5396.98,0,24.803,0.7,0.0
CUST12036,10,45950.61,4595.061,15229.26,0,24.345999999999997,0.3,0.0
CUST12037,10,34899.46,3489.946,14392.41,0,17.443,0.2,0.0
CUST12038,10,33948.24,3394.8239999999996,9566.85,0,18.657999999999998,0.3,0.0
CUST12039,10,48303.74,4830.374,9824.91,1,21.772,0.7,10.0
CUST12040,10,52172.46,5217.246,10778.99,0,24.56,1.2,0.0
CUST12041,10,30113.35,3011.335,8400.01,0,20.599,0.8,0.0
CUST12042,10,25179.11,2517.911,6096.08,0,21.219,0.3,0.0
CUST12043,10,20231.22,2023.122,5917.67,0,17.872999999999998,0.2,0.0
CUST12044,10,54534.229999999996,5453.423,14128.84,0,21.53,0.5,0.0
CUST12045,10,32304.33,3230.433,10427.82,0,17.151,0.1,0.0
CUST12046,10,40953.75,4095.375,11866.16,1,20.329,0.3,10.0
CUST12047,10,44103.75,4410.375,12701.13,0,22.667,0.4,0.0
CUST12048,10,30258.79,3025.879,8703.94,0,16.328,0.1,0.0
CUST12049,10,56003.92,5600.392,13568.69,0,23.371,0.0,0.0
CUST12050,10,52104.49,5210.449,24640.45,0,15.115,0.2,0.0
CUST12051,10,58370.659999999996,5837.066,20033.17,0,24.583,0.5,0.0
CUST12052,10,46244.5,4624.45,7976.36,0,25.956,0.0,0.0
CUST12053,10,18397.09,1839.709,4143.97,2,25.043,0.2,20.0
CUST12054,10,66787.72,6678.772,32613.85,0,21.76,0.4,0.0
CUST12055,10,16423.19,1642.319,3626.26,1,28.080000000000002,0.4,10.0
CUST12056,10,23929.55,2392.955,6079.89,0,25.618000000000002,0.5,0.0
CUST12057,10,36848.049999999996,3684.8049999999994,9186.86,0,23.432,0.7,0.0
CUST12058,10,80971.79,8097.178999999999,41111.77,0,19.816,0.5,0.0
CUST12059,10,49928.28,4992.8279999999995,15397.02,0,25.983999999999998,0.5,0.0
CUST12060,10,37282.11,3728.2110000000002,9829.35,0,21.666,0.3,0.0
CUST12061,10,39625.08,3962.5080000000003,11497.12,0,21.532,0.4,0.0
CUST12062,10,28924.52,2892.452,5244.04,0,16.531,0.3,0.0
CUST12063,10,27019.25,2701.925,9598.55,0,18.679,0.3,0.0
CUST12064,10,72916.29000000001,7291.629000000001,35541.87,0,20.436,0.4,0.0
CUST12065,10,19466.29,1946.6290000000001,6842.82,0,21.72,0.2,0.0
CUST12066,10,65622.89,6562.289,14245.67,0,17.458000000000002,0.4,0.0
CUST12067,10,36879.79,3687.9790000000003,14302.42,0,14.161000000000001,0.3,0.0
CUST12068,10,38482.7,3848.2699999999995,13843.17,0,19.432,0.2,0.0
CUST12069,10,30568.620000000003,3056.862,9894.29,0,23.678,0.7,0.0
CUST12070,10,24679.14,2467.9139999999998,12108.48,1,16.192,0.6,10.0
CUST12071,10,67530.62,6753.062,27496.56,1,17.272,0.3,10.0
CUST12072,10,48681.02,4868.102,10134.49,0,22.250999999999998,0.2,0.0
CUST12073,10,29523.61,2952.361,8621.44,0,28.975,0.6,0.0
CUST12074,10,44175.89,4417.589,14769.79,0,21.911,0.4,0.0
CUST12075,10,22793.38,2279.338,5771.29,0,21.041,0.6,0.0
CUST12076,10,30463.61,3046.361,12194.51,0,18.741,0.2,0.0
CUST12077,10,19248.07,1924.807,6988.63,0,18.643,0.4,0.0
CUST12078,10,25329.52,2532.952,7809.86,0,15.996,0.5,0.0
CUST12079,10,31226.83,3122.683,11124.34,0,24.86,0.6,0.0
CUST12080,10,40443.78,4044.3779999999997,8771.23,0,22.927,0.5,0.0
CUST12081,10,28890.11,2889.011,5775.77,1,25.163,0.7,10.0
CUST12082,10,38518.15,3851.815,6908.77,0,18.925,0.2,0.0
CUST12083,10,32628.73,3262.873,9555.8,0,23.662,0.3,0.0
CUST12084,10,43702.53,4370.253,15925.64,0,19.476,0.4,0.0
CUST12085,10,31487.6,3148.7599999999998,7152.92,0,17.884999999999998,0.3,0.0
CUST12086,10,17357.29,1735.729,3576.36,0,16.931,0.5,0.0
CUST12087,10,23518.44,2351.844,4148.91,0,20.166,0.3,0.0
CUST12088,10,17772.399999999998,1777.2399999999998,3027.91,1,23.176000000000002,0.5,10.0
CUST12089,10,28676.3,2867.63,5114.81,0,18.809,0.4,0.0
CUST12090,10,41244.21,4124.421,11567.74,0,20.699,0.3,0.0
CUST12091,10,35574.89,3557.489,6992.26,0,19.634,0.2,0.0
CUST12092,10,45661.35,4566.135,11692.73,0,17.883,0.0,0.0
CUST12093,10,25218.14,2521.814,4982.45,0,27.878999999999998,0.4,0.0
CUST12094,10,41119.62,4111.962,15081.66,0,22.552,0.1,0.0
CUST12095,10,44164.17,4416.4169999999995,13341.43,0,20.77,0.2,0.0
CUST12096,10,59724.82,5972.482,17942.67,0,19.499000000000002,0.6,0.0
CUST12097,10,38770.99,3877.0989999999997,10767.99,0,16.363,0.4,0.0
CUST12098,10,21548.3,2154.83,5514.52,0,20.091,0.9,0.0
CUST12099,10,38050.549999999996,3805.0549999999994,9131.46,0,18.22,0.3,0.0
CUST12100,10,41633.86,4163.386,7919.64,0,10.189,0.4,0.0
CUST12101,10,61703.71,6170.371,17509.82,0,21.728,0.1,0.0
CUST12102,10,18160.760000000002,1816.0760000000002,4630.3,0,19.917,0.4,0.0
CUST12103,10,77557.61,7755.761,27332.73,0,21.435,0.1,0.0
CUST12104,10,34960.25,3496.025,16952.25,0,18.845,0.3,0.0
CUST12105,10,33557.15,3355.715,14002.72,0,21.127,0.2,0.0
CUST12106,10,38575.48,3857.5480000000002,15260.66,0,24.209,0.4,0.0
CUST12107,10,39792.85,3979.285,11087.48,0,26.693,0.1,0.0
CUST12108,10,25857.05,2585.705,6659.48,0,14.540000000000001,0.6,0.0
CUST12109,10,28321.27,2832.127,5660.87,0,15.572999999999999,0.2,0.0
CUST12110,10,58101.07,5810.107,15359.8,1,14.162,0.4,10.0
CUST12111,10,23815.260000000002,2381.5260000000003,8721.93,1,14.124,0.3,10.0
CUST12112,10,38593.33,3859.333,9036.67,0,17.878999999999998,0.7,0.0
CUST12113,10,27503.870000000003,2750.387,5188.13,0,18.053,0.5,0.0
CUST12114,10,53741.22,5374.122,15607.02,0,25.193,0.4,0.0
CUST12115,10,33236.66,3323.666,9962.98,1,21.813,0.2,10.0
CUST12116,10,32735.26,3273.526,5740.2,0,21.922,0.3,0.0
CUST12117,10,42457.81,4245.781,13610.38,0,15.515,0.3,0.0
CUST12118,10,46309.23,4630.923000000001,12210.39,0,20.051,0.2,0.0
CUST12119,10,26919.84,2691.984,7751.23,0,22.256999999999998,0.1,0.0
CUST12120,10,67916.82,6791.682000000001,18175.59,0,21.038,0.3,0.0
CUST12121,10,29666.690000000002,2966.6690000000003,5148.43,1,27.79,0.1,10.0
CUST12122,10,49066.85,4906.6849999999995,13924.06,0,22.293,0.2,0.0
CUST12123,10,27818.84,2781.884,4761.31,0,20.137,0.7,0.0
CUST12124,10,50731.99,5073.199,19036.0,1,19.715,0.4,10.0
CUST12125,10,27681.170000000002,2768.117,8950.2,0,17.871000000000002,0.7,0.0
CUST12126,10,65237.2,6523.719999999999,24838.06,0,18.044,0.2,0.0
CUST12127,10,35895.65,3589.565,12743.77,0,16.61,0.1,0.0
CUST12128,10,50494.85,5049.485,17214.18,1,20.097,0.2,10.0
CUST12129,10,38489.81,3848.9809999999998,10205.89,0,26.156,0.2,0.0
CUST12130,10,40354.4,4035.44,9882.49,0,18.269,0.3,0.0
CUST12131,10,39960.659999999996,3996.066,9099.35,0,14.216999999999999,0.5,0.0
CUST12132,10,26874.25,2687.425,8199.57,0,19.424,0.4,0.0
CUST12133,10,39524.51,3952.451,24052.91,0,18.14,0.3,0.0
CUST12134,10,30561.760000000002,3056.1760000000004,6193.33,2,12.748,0.2,20.0
CUST12135,10,27254.65,2725.465,8029.07,0,11.376,0.5,0.0
CUST12136,10,28116.980000000003,2811.6980000000003,5219.22,0,19.788,0.4,0.0
CUST12137,10,29189.74,2918.974,6544.93,0,20.934,0.7,0.0
CUST12138,10,54208.42,5420.842,14758.2,0,12.49,0.4,0.0
CUST12139,10,27814.27,2781.427,8246.78,0,20.266,0.4,0.0
CUST12140,10,49705.11,4970.511,18009.89,1,21.062,0.4,10.0
CUST12141,10,53677.24,5367.724,24047.69,0,22.411,0.5,0.0
CUST12142,10,27088.77,2708.877,5676.06,0,23.958000000000002,0.9,0.0
CUST12143,10,19595.21,1959.521,3203.64,0,18.537,0.2,0.0
CUST12144,10,28273.84,2827.384,9371.13,0,19.883,0.2,0.0
CUST12145,10,77501.11,7750.111,51513.61,0,22.213,0.3,0.0
CUST12146,10,189752.18,18975.218,161159.12,2,20.131999999999998,0.1,20.0
CUST12147,10,40981.38,4098.138,12057.46,0,26.349,0.5,0.0
CUST12148,10,38951.54,3895.154,10658.45,0,14.211000000000002,0.3,0.0
CUST12149,10,48335.91,4833.591,13190.17,1,25.44,0.7,10.0
CUST12150,10,42419.66,4241.966,16656.4,0,23.341,0.1,0.0
CUST12151,10,31888.41,3188.841,7006.84,0,16.921,1.0,0.0
CUST12152,10,48107.54,4810.754,16658.58,0,23.213,0.0,0.0
CUST12153,10,52630.590000000004,5263.059,13480.62,0,25.952999999999996,0.4,0.0
CUST12154,10,22621.49,2262.1490000000003,6943.05,0,17.645,0.2,0.0
CUST12155,10,78009.1,7800.910000000001,28370.74,0,18.212,0.4,0.0
CUST12156,10,27244.09,2724.409,9358.94,0,22.905,0.1,0.0
CUST12157,10,40553.47,4055.347,11149.69,1,21.962,0.3,10.0
CUST12158,10,31117.2,3111.7200000000003,9067.37,0,20.247,0.1,0.0
CUST12159,10,38834.42,3883.442,19986.24,1,30.363,0.2,10.0
CUST12160,10,24466.690000000002,2446.6690000000003,5966.72,0,14.663,0.5,0.0
CUST12161,10,74877.53,7487.753,27969.12,0,22.592,0.1,0.0
CUST12162,10,56384.75,5638.475,18000.21,0,15.907,0.3,0.0
CUST12163,10,22807.920000000002,2280.7920000000004,7085.18,1,17.815,0.4,10.0
CUST12164,10,44870.8,4487.08,13236.63,0,22.223,0.3,0.0
CUST12165,10,40091.74,4009.174,9495.42,2,31.968,1.1,20.0
CUST12166,10,91054.23,9105.422999999999,57986.64,0,18.386000000000003,0.2,0.0
CUST12167,10,31453.46,3145.346,9202.38,0,16.913999999999998,0.2,0.0
CUST12168,10,38152.65,3815.2650000000003,6710.42,1,18.639000000000003,0.3,10.0
CUST12169,10,25956.9,2595.69,8817.79,0,23.192,0.3,0.0
CUST12170,10,26796.46,2679.6459999999997,6186.17,0,17.014000000000003,0.1,0.0
CUST12171,10,45932.71,4593.271,15055.45,0,22.761000000000003,0.0,0.0
CUST12172,10,55100.0,5510.0,27265.1,1,14.757,0.5,10.0
CUST12173,10,32117.510000000002,3211.751,10017.49,0,18.753999999999998,0.2,0.0
CUST12174,10,45155.29,4515.529,17919.72,0,14.471,0.2,0.0
CUST12175,10,32298.789999999997,3229.879,13065.15,1,24.631,0.2,10.0
CUST12176,10,31382.53,3138.2529999999997,10630.76,0,17.503,0.4,0.0
CUST12177,10,27111.38,2711.138,12050.75,0,15.648,0.6,0.0
CUST12178,10,49778.15,4977.8150000000005,20619.81,0,16.778,0.4,0.0
CUST12179,10,27854.079999999998,2785.408,5516.22,0,23.062,0.3,0.0
CUST12180,10,34197.53,3419.7529999999997,14189.2,0,17.788999999999998,0.5,0.0
CUST12181,10,37750.869999999995,3775.0869999999995,8985.24,0,20.847,0.2,0.0
CUST12182,10,56351.77,5635.177,14812.38,0,16.536,0.3,0.0
CUST12183,10,40009.06,4000.906,7077.23,0,21.285,0.4,0.0
CUST12184,10,28516.39,2851.639,9448.76,1,20.201999999999998,0.6,10.0
CUST12185,10,65033.31,6503.331,18624.96,0,16.668,0.2,0.0
CUST12186,10,38804.22,3880.422,11162.16,0,20.034,0.3,0.0
CUST12187,10,34331.45,3433.1449999999995,10143.11,0,15.122,0.3,0.0
CUST12188,10,28870.29,2887.029,7363.18,0,23.262,0.4,0.0
CUST12189,10,26980.739999999998,2698.0739999999996,4953.06,0,21.857,0.5,0.0
CUST12190,10,69870.63,6987.063,26145.82,0,18.158,0.5,0.0
CUST12191,10,24786.18,2478.618,5081.78,0,24.707,0.4,0.0
CUST12192,10,27549.04,2754.904,9746.67,0,25.203,0.8,0.0
CUST12193,10,25892.79,2589.279,9991.65,1,29.711000000000002,0.4,10.0
CUST12194,10,22547.92,2254.792,4388.22,0,16.953,0.5,0.0
CUST12195,10,19005.15,1900.515,4901.41,0,17.976,0.2,0.0
CUST12196,10,94520.14000000001,9452.014000000001,37098.8,0,17.431,0.7,0.0
CUST12197,10,29118.43,2911.843,6952.43,0,15.893,0.3,0.0
CUST12198,10,61712.119999999995,6171.2119999999995,29467.71,0,25.661,0.6,0.0
CUST12199,10,38759.07,3875.907,9067.5,0,21.907,0.5,0.0
CUST12200,10,33838.55,3383.8550000000005,9428.8,0,23.945999999999998,0.3,0.0
CUST12201,10,66863.55,6686.3550000000005,24961.3,0,16.285,0.3,0.0
CUST12202,10,18001.91,1800.191,4992.92,0,22.043,0.1,0.0
CUST12203,10,30438.03,3043.803,7223.17,0,16.073,0.1,0.0
CUST12204,10,38582.71,3858.2709999999997,7935.07,1,21.346,0.4,10.0
CUST12205,10,125385.31,12538.530999999999,77424.34,0,19.613,0.5,0.0
CUST12206,10,56479.83,5647.983,14527.04,0,14.225999999999999,0.4,0.0
CUST12207,10,32453.88,3245.388,8142.95,0,20.853,0.4,0.0
CUST12208,10,38300.84,3830.084,10151.32,0,19.054,0.3,0.0
CUST12209,10,56851.91,5685.191000000001,16711.74,0,15.550999999999998,0.4,0.0
CUST12210,10,62784.42,6278.442,19447.77,0,23.810000000000002,0.5,0.0
CUST12211,10,21024.58,2102.458,6958.14,0,11.422,0.3,0.0
CUST12212,10,30934.97,3093.4970000000003,10595.37,1,17.924,0.3,10.0
CUST12213,10,34248.36,3424.8360000000002,7057.05,0,18.762999999999998,0.2,0.0
CUST12214,10,15562.55,1556.2549999999999,4770.61,0,17.965,0.3,0.0
CUST12215,10,37254.63,3725.4629999999997,5701.99,0,19.023,0.6,0.0
CUST12216,10,66549.26,6654.9259999999995,22837.17,0,23.101999999999997,0.2,0.0
CUST12217,10,27756.21,2775.621,9327.19,1,20.011000000000003,0.3,10.0
CUST12218,10,22775.27,2277.527,9461.79,0,16.688,0.0,0.0
CUST12219,10,40804.68,4080.468,9398.58,0,20.735,0.6,0.0
CUST12220,10,47873.67,4787.367,15549.84,1,14.637,0.3,10.0
CUST12221,10,23371.47,2337.147,5253.78,0,24.927,0.3,0.0
CUST12222,10,56607.299999999996,5660.73,27758.82,0,17.518,0.5,0.0
CUST12223,10,28551.72,2855.172,6948.3,0,20.384999999999998,0.4,0.0
CUST12224,10,56845.94,5684.594,17005.62,0,20.505000000000003,1.1,0.0
CUST12225,10,31487.56,3148.7560000000003,10288.45,0,31.811,0.4,0.0
CUST12226,10,24313.36,2431.3360000000002,7399.29,0,12.964000000000002,0.4,0.0
CUST12227,10,44556.32,4455.632,9441.59,0,22.526999999999997,0.2,0.0
CUST12228,10,49302.62,4930.262000000001,11445.61,0,17.011000000000003,0.5,0.0
CUST12229,10,34251.65,3425.165,11476.28,0,23.012999999999998,0.2,0.0
CUST12230,10,51728.78,5172.878,23537.84,0,20.528,0.4,0.0
CUST12231,10,44036.9,4403.6900000000005,13750.91,1,19.876,0.2,10.0
CUST12232,10,32546.37,3254.6369999999997,13167.58,0,28.911,0.1,0.0
CUST12233,10,35890.75,3589.075,8808.0,0,21.722,0.4,0.0
CUST12234,10,74576.23999999999,7457.623999999999,43148.46,0,19.559,0.2,0.0
CUST12235,10,47327.06,4732.706,28275.78,1,17.933,0.3,10.0
CUST12236,10,36800.81,3680.0809999999997,7471.78,0,18.905,0.3,0.0
CUST12237,10,67557.76,6755.776,21757.04,0,15.190999999999999,0.3,0.0
CUST12238,10,50279.62,5027.962,14268.3,0,17.033,0.4,0.0
CUST12239,10,38979.78,3897.978,10185.83,0,20.886000000000003,0.3,0.0
CUST12240,10,69837.04,6983.704,29172.54,0,17.575,0.3,0.0
CUST12241,10,30070.14,3007.014,6094.73,0,20.284,0.2,0.0
CUST12242,10,26316.09,2631.609,6129.78,1,23.813,0.1,10.0
CUST12243,10,44048.869999999995,4404.887,12954.47,1,16.562,0.6,10.0
CUST12244,10,33091.96,3309.196,7120.51,0,20.782,0.3,0.0
CUST12245,10,71667.77,7166.777,47741.22,1,17.312,0.0,10.0
CUST12246,10,51292.32,5129.232,13719.76,0,21.839000000000002,0.1,0.0
CUST12247,10,40120.41,4012.041,11070.37,0,26.267000000000003,0.5,0.0
CUST12248,10,34280.549999999996,3428.0549999999994,8466.46,0,24.35,0.3,0.0
CUST12249,10,42448.15,4244.8150000000005,21894.06,0,22.481,0.3,0.0
CUST12250,10,34308.14,3430.814,9623.37,1,19.859,0.2,10.0
CUST12251,10,48987.810000000005,4898.781000000001,16979.47,0,24.017,0.4,0.0
CUST12252,10,27717.86,2771.786,9236.87,0,17.831,0.2,0.0
CUST12253,10,33246.24,3324.624,14823.6,0,29.764999999999997,0.6,0.0
CUST12254,10,36151.64,3615.1639999999998,8262.87,0,22.871000000000002,0.4,0.0
CUST12255,10,49982.27,4998.227,16086.53,0,23.051,0.2,0.0
CUST12256,10,63139.159999999996,6313.915999999999,20502.28,0,23.387,0.1,0.0
CUST12257,10,26891.949999999997,2689.1949999999997,5022.65,0,14.385,0.2,0.0
CUST12258,10,39934.12,3993.4120000000003,14892.91,0,17.47,0.5,0.0
CUST12259,10,25595.34,2559.534,9860.77,0,24.082,0.5,0.0
CUST12260,10,39440.74,3944.0739999999996,10802.87,0,19.082,0.2,0.0
CUST12261,10,32674.19,3267.419,12462.63,0,23.557,0.4,0.0
CUST12262,10,31396.36,3139.636,9328.91,1,24.272,0.1,10.0
CUST12263,10,31170.17,3117.017,6746.15,0,21.974,0.3,0.0
CUST12264,10,17013.89,1701.389,3332.72,0,13.236,0.3,0.0
CUST12265,10,21021.300000000003,2102.13,9435.95,0,29.790999999999997,1.2,0.0
CUST12266,10,46005.98,4600.598,22203.43,0,25.227,0.4,0.0
CUST12267,10,86864.89,8686.489,36668.76,0,18.757,0.2,0.0
CUST12268,10,68599.88,6859.988,29643.86,1,20.988999999999997,0.2,10.0
CUST12269,10,35105.770000000004,3510.577,14761.79,0,19.634999999999998,0.5,0.0
CUST12270,10,13769.27,1376.9270000000001,4298.27,0,15.331,0.4,0.0
CUST12271,10,39216.89,3921.689,19158.94,0,17.949,0.1,0.0
CUST12272,10,53528.299999999996,5352.83,17111.82,2,21.365000000000002,0.7,20.0
CUST12273,10,42087.88,4208.788,19570.87,0,16.622999999999998,0.1,0.0
CUST12274,10,29282.309999999998,2928.2309999999998,5936.9,1,18.605,0.6,10.0
CUST12275,10,40752.64,4075.264,10321.69,1,17.447,0.8,10.0
CUST12276,10,25460.0,2546.0,5347.2,0,19.587,0.7,0.0
CUST12277,10,50292.87,5029.287,14213.67,1,16.55,0.4,10.0
CUST12278,10,29720.93,2972.093,12291.47,0,25.8,0.6,0.0
CUST12279,10,43944.020000000004,4394.402,13116.34,0,15.053999999999998,0.4,0.0
CUST12280,10,21734.17,2173.417,6243.44,0,20.444,0.1,0.0
CUST12281,10,98464.97,9846.497,45804.75,0,20.226,0.4,0.0
CUST12282,10,22893.43,2289.343,5957.25,0,30.381999999999998,0.4,0.0
CUST12283,10,50498.29,5049.829,23379.89,1,20.696,0.2,10.0
CUST12284,10,26694.86,2669.486,7436.84,0,19.14,0.4,0.0
CUST12285,10,53724.92,5372.492,18345.41,0,22.348,0.7,0.0
CUST12286,10,44938.07,4493.807,21380.78,0,15.66,0.2,0.0
CUST12287,10,26743.14,2674.314,9165.18,1,19.741,0.4,10.0
CUST12288,10,47944.79,4794.479,18241.73,0,21.982,0.5,0.0
CUST12289,10,41034.68,4103.468,9123.58,0,23.914,0.2,0.0
CUST12290,10,39019.4,3901.94,8863.38,0,18.206,0.3,0.0
CUST12291,10,34890.84,3489.084,10215.8,0,14.049000000000001,0.3,0.0
CUST12292,10,26131.02,2613.102,14318.28,0,11.612,0.3,0.0
CUST12293,10,23286.15,2328.6150000000002,5066.27,0,24.324,0.1,0.0
CUST12294,10,46053.729999999996,4605.373,16001.55,0,24.433,0.4,0.0
CUST12295,10,53078.93,5307.893,17433.94,0,23.255,0.4,0.0
CUST12296,10,15639.25,1563.925,4810.61,0,21.397,0.1,0.0
CUST12297,10,23235.85,2323.585,5933.78,0,21.166,0.8,0.0
CUST12298,10,25835.09,2583.509,7887.59,0,32.129000000000005,0.3,0.0
CUST12299,10,74988.84,7498.884,20519.02,0,18.423,0.3,0.0
CUST12300,10,52398.37,5239.837,12133.26,0,18.564,0.3,0.0
CUST12301,10,67031.32,6703.1320000000005,18799.81,0,23.819,0.3,0.0
CUST12302,10,114088.14,11408.814,64791.62,0,20.105,0.5,0.0
CUST12303,10,39248.84,3924.8839999999996,13040.3,0,18.073999999999998,0.3,0.0
CUST12304,10,38524.74,3852.4739999999997,16545.32,0,26.669,0.7,0.0
CUST12305,10,33679.39,3367.939,6839.33,0,18.099,0.4,0.0
CUST12306,10,51613.47,5161.347,14678.55,0,20.15,0.7,0.0
CUST12307,10,40262.87,4026.2870000000003,8951.51,0,27.104000000000003,0.2,0.0
CUST12308,10,49917.37,4991.737,12185.8,1,12.076,0.7,10.0
CUST12309,10,42979.96,4297.996,8100.98,0,26.808,0.2,0.0
CUST12310,10,43557.95,4355.795,20996.12,0,15.963999999999999,0.4,0.0
CUST12311,10,59844.52,5984.451999999999,21347.26,0,18.948,0.5,0.0
CUST12312,10,50582.17,5058.217,15867.3,0,14.219999999999999,0.6,0.0
CUST12313,10,57946.340000000004,5794.634,13090.53,0,24.756999999999998,0.6,0.0
CUST12314,10,24566.32,2456.632,5704.7,1,18.203,0.4,10.0
CUST12315,10,19959.69,1995.9689999999998,6964.31,0,23.176,0.3,0.0
CUST12316,10,71118.95,7111.8949999999995,21293.29,1,18.403,0.2,10.0
CUST12317,10,23154.87,2315.487,6314.77,0,19.571,0.1,0.0
CUST12318,10,86255.19,8625.519,40802.65,0,19.261,0.6,0.0
CUST12319,10,38430.98,3843.0980000000004,14052.19,0,15.919999999999998,0.3,0.0
CUST12320,10,50767.030000000006,5076.703,22503.29,0,19.19,0.5,0.0
CUST12321,10,43504.37,4350.437,10343.28,0,22.35,0.6,0.0
CUST12322,10,27669.65,2766.965,6622.15,0,19.048,0.2,0.0
CUST12323,10,28073.24,2807.324,6314.18,1,21.027,0.3,10.0
CUST12324,10,48500.53,4850.053,11546.29,0,20.378,0.1,0.0
CUST12325,10,24281.3,2428.13,8075.87,0,16.223000000000003,0.3,0.0
CUST12326,10,34692.84,3469.2839999999997,9914.61,0,15.203,0.7,0.0
CUST12327,10,42354.36,4235.436,13523.9,0,28.21,0.5,0.0
CUST12328,10,34982.78,3498.278,10653.86,0,22.201,0.6,0.0
CUST12329,10,34874.94,3487.494,15998.93,0,15.974,0.2,0.0
CUST12330,10,44466.6,4446.66,9661.05,0,20.556,0.3,0.0
CUST12331,10,26011.82,2601.182,6620.76,0,21.589,0.2,0.0
CUST12332,10,37933.28999999999,3793.3289999999993,19358.21,0,20.866999999999997,0.4,0.0
CUST12333,10,41185.73,4118.573,10356.32,0,21.046,0.6,0.0
CUST12334,10,28062.489999999998,2806.249,6234.62,0,21.761000000000003,0.7,0.0
CUST12335,10,52101.64,5210.164,10632.01,1,30.344,0.5,10.0
CUST12336,10,24581.86,2458.186,9525.28,0,15.788999999999998,0.5,0.0
CUST12337,10,34363.83,3436.3830000000003,11631.15,1,16.944,0.6,10.0
CUST12338,10,28046.78,2804.678,10939.2,0,17.206,0.5,0.0
CUST12339,10,31044.94,3104.4939999999997,8525.47,2,20.026,0.3,20.0
CUST12340,10,46360.47,4636.0470000000005,11244.02,0,22.311,0.3,0.0
CUST12341,10,23249.760000000002,2324.976,11572.49,1,14.196000000000002,0.3,10.0
CUST12342,10,20970.149999999998,2097.015,4319.41,0,16.453,0.3,0.0
CUST12343,10,45434.05,4543.405000000001,19288.54,1,20.181,0.9,10.0
CUST12344,10,72200.25,7220.025,35890.67,1,27.448,0.1,10.0
CUST12345,10,47426.869999999995,4742.687,19983.59,1,21.872,0.1,10.0
CUST12346,10,30179.64,3017.964,8031.03,0,17.707,0.4,0.0
CUST12347,10,59162.82,5916.282,21490.67,0,20.463,0.1,0.0
CUST12348,10,39543.86,3954.386,9761.51,1,11.447999999999999,0.2,10.0
CUST12349,10,73178.24,7317.8240000000005,46320.93,0,17.749000000000002,0.3,0.0
CUST12350,10,73672.31999999999,7367.231999999999,28070.85,0,21.57,0.4,0.0
CUST12351,10,42077.51,4207.751,12285.44,0,20.177,0.2,0.0
CUST12352,10,29622.89,2962.2889999999998,5130.77,0,15.51,0.1,0.0
CUST12353,10,34879.52,3487.9519999999998,7058.31,0,22.782,0.5,0.0
CUST12354,10,24428.93,2442.893,11522.31,0,16.555,0.5,0.0
CUST12355,10,18544.0,1854.4,4796.99,0,23.532999999999998,0.2,0.0
CUST12356,10,26718.05,2671.805,6889.35,0,14.979,0.1,0.0
CUST12357,10,60034.53,6003.4529999999995,15964.88,0,28.701,0.5,0.0
CUST12358,10,34448.89,3444.889,10565.03,0,20.719,0.3,0.0
CUST12359,10,48719.69,4871.969,9375.36,0,20.755,0.5,0.0
CUST12360,10,39131.68,3913.168,11400.22,0,21.35,0.7,0.0
CUST12361,10,20899.2,2089.92,4429.9,0,17.173,0.3,0.0
CUST12362,10,36824.62,3682.4620000000004,11268.73,1,20.294,0.8,10.0
CUST12363,10,22383.4,2238.34,5550.81,0,11.269,0.1,0.0
CUST12364,10,35260.35,3526.035,8153.78,0,14.309999999999999,0.6,0.0
CUST12365,10,25449.63,2544.963,4767.48,0,21.348,0.2,0.0
CUST12366,10,26120.81,2612.081,6324.0,0,18.883,0.2,0.0
CUST12367,10,47362.82,4736.282,15977.65,0,16.196,0.2,0.0
CUST12368,10,20802.8,2080.2799999999997,3993.74,0,19.101,0.8,0.0
CUST12369,10,48543.53,4854.353,13269.88,0,20.750999999999998,0.2,0.0
CUST12370,10,25132.33,2513.233,4840.81,0,18.225,0.3,0.0
CUST12371,10,30358.55,3035.855,6310.18,0,17.979,0.3,0.0
CUST12372,10,109185.58,10918.558,51598.45,1,18.156,0.2,10.0
CUST12373,10,155779.23,15577.923,128885.16,0,21.823,0.7,0.0
CUST12374,10,30309.2,3030.92,7148.77,0,26.451,0.5,0.0
CUST12375,10,144833.36000000002,14483.336000000001,121368.3,0,18.353,0.3,0.0
CUST12376,10,41948.68,4194.868,16113.26,0,17.556,0.0,0.0
CUST12377,10,34920.06,3492.006,6746.76,0,17.622,0.5,0.0
CUST12378,10,39453.71,3945.371,8086.66,0,23.815,0.3,0.0
CUST12379,10,20083.14,2008.3139999999999,3992.87,0,22.234,0.4,0.0
CUST12380,10,44693.27,4469.326999999999,11321.13,0,17.509999999999998,0.5,0.0
CUST12381,10,49450.86,4945.086,16750.34,0,16.023,0.5,0.0
CUST12382,10,55677.740000000005,5567.774,12536.85,0,17.568,0.0,0.0
CUST12383,10,37176.520000000004,3717.6520000000005,12859.86,0,17.818,0.1,0.0
CUST12384,10,28100.75,2810.075,9071.98,0,22.287,0.1,0.0
CUST12385,10,40958.61,4095.861,8448.16,0,13.960000000000003,0.2,0.0
CUST12386,10,27230.190000000002,2723.0190000000002,7005.93,0,25.682,0.2,0.0
CUST12387,10,37181.549999999996,3718.1549999999997,13488.46,0,24.017,0.4,0.0
CUST12388,10,33878.1,3387.81,7673.96,0,17.267000000000003,0.3,0.0
CUST12389,10,23582.12,2358.212,5873.64,0,26.089,0.5,0.0
CUST12390,10,26576.41,2657.641,6686.41,1,14.328,0.4,10.0
CUST12391,10,36405.51,3640.5510000000004,12254.53,1,20.6,0.6,10.0
CUST12392,10,84903.19,8490.319,58751.94,0,12.531,0.5,0.0
CUST12393,10,20605.129999999997,2060.513,5109.57,0,13.603,0.6,0.0
CUST12394,10,65906.38,6590.638000000001,19133.64,0,22.398000000000003,0.3,0.0
CUST12395,10,34005.56,3400.5559999999996,14657.45,2,20.156,0.2,20.0
CUST12396,10,101081.97,10108.197,46169.89,0,22.422,0.5,0.0
CUST12397,10,17217.39,1721.739,6131.34,0,23.591,0.3,0.0
CUST12398,10,34318.05,3431.8050000000003,10066.6,0,20.016,0.3,0.0
CUST12399,10,22706.16,2270.616,5760.77,1,21.567,0.8,10.0
CUST12400,10,57744.44,5774.444,29588.92,1,21.088,0.7,10.0
CUST12401,10,33918.740000000005,3391.8740000000007,9485.86,0,19.682,0.5,0.0
CUST12402,10,22535.13,2253.513,6884.27,0,22.207,0.4,0.0
CUST12403,10,41670.38,4167.038,10047.14,3,24.977,0.8,30.0
CUST12404,10,30161.94,3016.194,6486.19,0,20.804,0.2,0.0
CUST12405,10,28355.68,2835.568,5512.91,0,21.112000000000002,0.5,0.0
CUST12406,10,36552.29,3655.2290000000003,7035.48,0,23.671,0.2,0.0
CUST12407,10,49204.24,4920.424,23352.21,0,20.973000000000003,0.6,0.0
CUST12408,10,24813.690000000002,2481.369,9472.78,0,26.51,0.6,0.0
CUST12409,10,36840.51,3684.0510000000004,13338.87,0,28.476,0.1,0.0
CUST12410,10,30880.010000000002,3088.001,8640.75,0,20.318,0.4,0.0
CUST12411,10,46801.19,4680.119000000001,10974.89,0,22.750999999999998,0.7,0.0
CUST12412,10,28858.11,2885.811,6906.74,0,25.044,0.5,0.0
CUST12413,10,25268.95,2526.895,10355.35,0,21.659,0.9,0.0
CUST12414,10,38384.049999999996,3838.4049999999997,18985.51,0,25.174,1.0,0.0
CUST12415,10,71141.88,7114.188,42705.47,1,16.312,0.3,10.0
CUST12416,10,92510.32,9251.032000000001,26803.94,0,17.059,0.6,0.0
CUST12417,10,29953.54,2995.3540000000003,6748.86,0,16.921,0.3,0.0
CUST12418,10,51272.5,5127.25,29209.29,1,22.875,0.3,10.0
CUST12419,10,39819.05,3981.905,10353.78,0,15.440999999999999,0.4,0.0
CUST12420,10,30860.73,3086.073,7880.06,0,27.773000000000003,0.1,0.0
CUST12421,10,34607.159999999996,3460.7159999999994,13374.84,0,16.052,0.5,0.0
CUST12422,10,50656.61,5065.661,16809.34,0,17.906,0.4,0.0
CUST12423,10,34694.32,3469.432,10826.68,0,25.429,0.9,0.0
CUST12424,10,104945.37,10494.537,46104.2,1,26.025,1.2,10.0
CUST12425,10,65064.75,6506.475,32756.12,0,15.406,0.1,0.0
CUST12426,10,31642.97,3164.297,12288.7,0,13.05,0.5,0.0
CUST12427,10,47460.89,4746.089,26081.82,0,20.014,0.4,0.0
CUST12428,10,53725.93,5372.593,33381.12,0,20.724,0.1,0.0
CUST12429,10,26822.65,2682.2650000000003,7891.31,0,17.59,0.4,0.0
CUST12430,10,31697.29,3169.7290000000003,9671.95,0,23.482999999999997,0.2,0.0
CUST12431,10,67001.68,6700.168,32070.96,0,23.15,0.4,0.0
CUST12432,10,36389.55,3638.9550000000004,6541.5,0,15.825,0.8,0.0
CUST12433,10,41670.86,4167.086,11481.15,0,15.793000000000001,0.5,0.0
CUST12434,10,22590.64,2259.064,10595.0,0,15.778,0.5,0.0
CUST12435,10,89425.79,8942.579,25734.49,0,26.532999999999998,0.5,0.0
CUST12436,10,89564.83,8956.483,32121.62,0,27.656,0.3,0.0
CUST12437,10,36114.1,3611.41,11684.64,0,22.061,0.6,0.0
CUST12438,10,46768.37,4676.837,14527.25,1,21.897,0.2,10.0
CUST12439,10,37207.51,3720.751,11221.5,0,16.162,0.2,0.0
CUST12440,10,41332.83,4133.283,15628.16,0,16.352,0.5,0.0
CUST12441,10,66362.24,6636.224,18009.29,0,23.021,0.5,0.0
CUST12442,10,54908.61,5490.861,24633.56,0,19.61,0.1,0.0
CUST12443,10,49017.07,4901.707,14872.26,1,24.817,0.2,10.0
CUST12444,10,20697.11,2069.7110000000002,9553.19,1,17.482,0.3,10.0
CUST12445,10,44522.079999999994,4452.208,23982.89,0,17.209,0.6,0.0
CUST12446,10,56226.76,5622.676,23891.61,0,17.323,0.5,0.0
CUST12447,10,50544.43,5054.443,14759.22,0,17.768,0.5,0.0
CUST12448,10,26961.73,2696.173,7039.21,1,24.582,0.3,10.0
CUST12449,10,45786.06,4578.606,9168.95,0,19.601,0.8,0.0
CUST12450,10,32688.600000000002,3268.86,7918.81,0,20.839000000000002,0.2,0.0
CUST12451,10,27136.16,2713.616,12671.95,0,21.357999999999997,0.4,0.0
CUST12452,10,39962.16,3996.2160000000003,8558.17,0,20.275,0.3,0.0
CUST12453,10,42288.51,4228.851000000001,8013.88,0,13.544999999999998,0.2,0.0
CUST12454,10,45476.0,4547.6,15735.6,0,23.467,0.1,0.0
CUST12455,10,51192.16,5119.216,12960.08,1,23.657,0.2,10.0
CUST12456,10,19453.12,1945.312,4933.93,0,18.546,0.5,0.0
CUST12457,10,27924.420000000002,2792.442,9828.81,0,24.589999999999996,0.3,0.0
CUST12458,10,32518.03,3251.803,11837.06,0,12.940000000000001,0.2,0.0
CUST12459,10,42763.5,4276.35,15981.83,0,25.351,0.3,0.0
CUST12460,10,28196.87,2819.687,8187.65,0,22.422,0.3,0.0
CUST12461,10,38977.13,3897.7129999999997,18682.47,0,20.912,0.6,0.0
CUST12462,10,41513.34,4151.334,24087.76,0,11.385,0.2,0.0
CUST12463,10,28953.55,2895.355,12789.76,0,22.243000000000002,0.5,0.0
CUST12464,10,63175.42,6317.5419999999995,29740.15,0,15.350999999999999,0.2,0.0
CUST12465,10,23287.82,2328.782,6504.79,0,23.294999999999998,0.3,0.0
CUST12466,10,31613.18,3161.318,11765.33,0,15.285,0.1,0.0
CUST12467,10,26077.33,2607.733,7611.69,0,25.935000000000002,0.2,0.0
CUST12468,10,33272.35,3327.2349999999997,9380.26,0,25.555,0.1,0.0
CUST12469,10,40580.42,4058.042,13903.23,0,24.104,0.5,0.0
CUST12470,10,38381.22,3838.1220000000003,8571.48,0,19.506999999999998,0.5,0.0
CUST12471,10,20713.59,2071.359,7065.47,1,22.629,0.4,10.0
CUST12472,10,44559.15,4455.915,8926.16,0,19.613,0.4,0.0
CUST12473,10,32850.65,3285.065,11489.84,0,27.536,0.3,0.0
CUST12474,10,27634.59,2763.459,6412.76,1,22.023,0.7,10.0
CUST12475,10,79403.91,7940.3910000000005,39523.23,0,29.338,0.4,0.0
CUST12476,10,29010.72,2901.072,6183.59,0,23.426,0.1,0.0
CUST12477,10,48173.97,4817.397,13333.38,0,28.518,0.5,0.0
CUST12478,10,74403.93,7440.392999999999,36233.96,0,17.413,0.5,0.0
CUST12479,10,44389.51,4438.951,14636.57,0,20.580000000000002,0.2,0.0
CUST12480,10,28430.68,2843.068,8329.52,0,16.479000000000003,0.4,0.0
CUST12481,10,34813.77,3481.3769999999995,20603.13,0,15.975,0.6,0.0
CUST12482,10,27479.22,2747.922,8437.5,0,31.006999999999998,0.4,0.0
CUST12483,10,58653.22,5865.322,18818.75,0,19.629,0.3,0.0
CUST12484,10,38158.44,3815.844,21714.05,0,22.107999999999997,0.4,0.0
CUST12485,10,20230.51,2023.051,5221.08,0,21.052,0.3,0.0
CUST12486,10,20663.21,2066.321,4615.47,1,22.154,0.2,10.0
CUST12487,10,41208.01,4120.801,8581.34,1,30.106,0.5,10.0
CUST12488,10,91295.06,9129.506,73101.16,0,16.086000000000002,0.4,0.0
CUST12489,10,90983.18999999999,9098.319,40721.81,0,21.015,0.6,0.0
CUST12490,10,43164.54,4316.454,20612.03,0,19.534,0.2,0.0
CUST12491,10,50522.3,5052.2300000000005,19006.05,0,24.512,0.2,0.0
CUST12492,10,28311.95,2831.195,7270.65,0,22.517000000000003,0.2,0.0
CUST12493,10,20903.12,2090.312,5000.8,0,22.458999999999996,0.5,0.0
CUST12494,10,36234.26,3623.4260000000004,15876.9,0,14.645,0.1,0.0
CUST12495,10,47757.54,4775.754,17842.42,0,18.966,0.3,0.0
CUST12496,10,55748.92,5574.892,16322.73,0,19.166999999999998,0.5,0.0
CUST12497,10,46166.08,4616.608,17801.71,0,21.355,0.2,0.0
CUST12498,10,27593.719999999998,2759.372,8902.73,0,25.898000000000003,1.0,0.0
CUST12499,10,48630.380000000005,4863.0380000000005,9973.83,0,18.973,0.4,0.0
CUST12500,10,41959.32,4195.932,15563.15,1,16.656,0.4,10.0
CUST12501,10,53024.2,5302.42,16370.32,0,16.765,0.7,0.0
CUST12502,10,45754.7,4575.469999999999,11846.06,0,23.948,0.7,0.0
CUST12503,10,36547.75,3654.775,13144.12,1,13.24,0.3,10.0
CUST12504,10,35257.01,3525.701,9467.2,0,20.655,0.3,0.0
CUST12505,10,126678.23999999999,12667.823999999999,90523.58,0,19.837,0.5,0.0
CUST12506,10,46654.880000000005,4665.488,10441.13,0,28.028,0.5,0.0
CUST12507,10,56673.44,5667.344,12796.82,0,23.154,0.0,0.0
CUST12508,10,21232.1,2123.21,6330.49,0,21.152,0.4,0.0
CUST12509,10,26146.0,2614.6,10197.49,0,21.025,0.2,0.0
CUST12510,10,36998.729999999996,3699.8729999999996,10737.64,0,17.241999999999997,0.2,0.0
CUST12511,10,74367.53,7436.753,45583.99,0,29.961000000000002,0.6,0.0
CUST12512,10,38226.09,3822.6089999999995,11666.85,0,18.341,0.6,0.0
CUST12513,10,33236.54,3323.654,10370.21,0,23.401999999999997,0.3,0.0
CUST12514,10,34253.67,3425.3669999999997,10233.3,0,21.37,0.9,0.0
CUST12515,10,29185.43,2918.543,6857.88,0,21.183,0.7,0.0
CUST12516,10,43155.82,4315.582,8766.88,0,19.831,0.3,0.0
CUST12517,10,52588.869999999995,5258.887,18887.19,0,19.134,0.2,0.0
CUST12518,10,28993.67,2899.3669999999997,10813.17,0,17.259999999999998,0.2,0.0
CUST12519,10,28583.629999999997,2858.363,8717.39,1,15.88,0.4,10.0
CUST12520,10,56412.73,5641.273,28675.33,0,20.552,0.5,0.0
CUST12521,10,38445.94,3844.594,12130.15,0,14.725,0.3,0.0
CUST12522,10,22251.42,2225.142,6899.38,0,15.087,0.4,0.0
CUST12523,10,36530.66,3653.0660000000003,6564.37,1,23.507,0.4,10.0
CUST12524,10,26408.1,2640.81,8110.87,1,26.288999999999998,0.6,10.0
CUST12525,10,31629.06,3162.906,6607.2,0,20.78,0.1,0.0
CUST12526,10,42898.08,4289.808,12381.76,1,16.759,0.3,10.0
CUST12527,10,30217.21,3021.721,13012.93,0,20.333000000000002,0.5,0.0
CUST12528,10,34943.200000000004,3494.3200000000006,11164.79,0,18.93,0.3,0.0
CUST12529,10,17604.84,1760.484,3441.26,0,16.661,0.2,0.0
CUST12530,10,31113.100000000002,3111.3100000000004,16669.29,0,17.576,0.0,0.0
CUST12531,10,24426.61,2442.661,9090.06,0,30.514,0.2,0.0
CUST12532,10,33145.7,3314.5699999999997,9187.23,0,20.128999999999998,0.3,0.0
CUST12533,10,59255.43,5925.543,24443.16,0,18.572,0.5,0.0
CUST12534,10,41539.649999999994,4153.964999999999,12343.32,0,22.693,0.2,0.0
CUST12535,10,23121.63,2312.163,8466.35,0,18.241999999999997,0.2,0.0
CUST12536,10,32451.65,3245.165,8406.36,2,19.589000000000002,0.0,20.0
CUST12537,10,72784.36,7278.436,21318.76,0,20.985,0.5,0.0
CUST12538,10,31534.41,3153.441,10169.31,0,12.282,0.4,0.0
CUST12539,10,47952.02,4795.201999999999,14458.3,0,19.528,0.1,0.0
CUST12540,10,34850.01,3485.001,11288.72,0,22.916,0.0,0.0
CUST12541,10,16429.45,1642.9450000000002,3003.06,0,22.721,0.2,0.0
CUST12542,10,33773.28,3377.328,8359.68,0,24.608,0.3,0.0
CUST12543,10,28165.04,2816.504,5458.84,0,19.891,0.7,0.0
CUST12544,10,47064.74,4706.474,13323.69,0,16.563,0.7,0.0
CUST12545,10,22420.68,2242.068,5206.8,1,27.395999999999997,0.9,10.0
CUST12546,10,35760.59,3576.0589999999997,10682.3,0,19.813,0.2,0.0
CUST12547,10,55358.03,5535.803,13940.24,0,14.218,0.4,0.0
CUST12548,10,28136.309999999998,2813.631,9693.67,0,15.812000000000001,0.3,0.0
CUST12549,10,42896.34,4289.634,17277.69,0,23.608,0.7,0.0
CUST12550,10,93439.28000000001,9343.928000000002,32795.26,0,18.735,0.1,0.0
CUST12551,10,38587.16,3858.7160000000003,8461.25,0,28.3,0.4,0.0
CUST12552,10,52453.6,5245.36,11785.86,0,21.421,0.3,0.0
CUST12553,10,52567.240000000005,5256.724,24725.95,0,24.524,0.1,0.0
CUST12554,10,50850.83,5085.0830000000005,12560.51,1,24.391000000000002,0.4,10.0
CUST12555,10,29310.14,2931.014,5081.49,1,23.992,0.6,10.0
CUST12556,10,26622.45,2662.245,7981.03,0,20.72,0.2,0.0
CUST12557,10,90306.14,9030.614,32424.34,0,12.821000000000002,0.4,0.0
CUST12558,10,57230.25,5723.025,24513.32,0,19.068,0.2,0.0
CUST12559,10,34187.39,3418.739,7777.91,0,18.665,0.4,0.0
CUST12560,10,61593.11,6159.311,28667.78,1,18.959,0.3,10.0
CUST12561,10,52700.020000000004,5270.002,13601.54,0,19.035,0.5,0.0
CUST12562,10,43383.82,4338.382,16473.65,0,20.474,0.4,0.0
CUST12563,10,25936.59,2593.659,7361.05,0,14.842000000000002,0.5,0.0
CUST12564,10,30546.12,3054.612,5712.18,0,20.436,0.3,0.0
CUST12565,10,27057.27,2705.727,8335.45,0,14.646,0.6,0.0
CUST12566,10,88668.3,8866.83,61890.09,0,16.964000000000002,0.9,0.0
CUST12567,10,23212.72,2321.272,5906.51,0,11.009,0.1,0.0
CUST12568,10,59662.79,5966.279,17544.32,0,18.86,0.2,0.0
CUST12569,10,35230.92,3523.0919999999996,11421.64,0,17.558,0.4,0.0
CUST12570,10,29973.19,2997.319,7111.62,0,22.246,0.4,0.0
CUST12571,10,39893.9,3989.3900000000003,7830.13,0,25.273,0.2,0.0
CUST12572,10,31858.199999999997,3185.8199999999997,9857.06,0,21.921,0.3,0.0
CUST12573,10,32016.98,3201.698,8022.96,0,15.446000000000002,0.1,0.0
CUST12574,10,40064.22,4006.422,8453.11,0,27.133999999999997,1.4,0.0
CUST12575,10,36769.630000000005,3676.9630000000006,9962.45,1,27.377,0.1,10.0
CUST12576,10,26623.29,2662.329,9072.93,1,20.848,0.1,10.0
CUST12577,10,29763.91,2976.391,9576.51,0,19.938,0.4,0.0
CUST12578,10,80230.66,8023.066000000001,31478.18,0,18.881,0.4,0.0
CUST12579,10,84800.62,8480.062,20083.31,0,27.99,0.3,0.0
CUST12580,10,44203.05,4420.305,27297.15,1,15.516,0.4,10.0
CUST12581,10,22608.11,2260.811,4759.86,0,11.437000000000001,0.1,0.0
CUST12582,10,58818.229999999996,5881.822999999999,15030.07,0,17.038999999999998,0.2,0.0
CUST12583,10,23437.3,2343.73,5077.34,0,17.393,0.4,0.0
CUST12584,10,28074.52,2807.452,7549.33,0,27.558999999999997,0.6,0.0
CUST12585,10,39552.54,3955.254,16172.73,0,20.996000000000002,0.4,0.0
CUST12586,10,48074.62,4807.462,14362.77,0,15.607,0.1,0.0
CUST12587,10,19284.35,1928.435,3775.72,0,20.666999999999998,0.5,0.0
CUST12588,10,68186.48000000001,6818.648000000001,34644.66,0,12.649,0.3,0.0
CUST12589,10,43666.07,4366.607,14182.59,0,24.298,0.6,0.0
CUST12590,10,15140.27,1514.027,5424.28,0,15.575,0.9,0.0
CUST12591,10,47810.95,4781.094999999999,9429.67,0,16.801,0.3,0.0
CUST12592,10,42250.36,4225.036,10905.95,1,22.468,0.5,10.0
CUST12593,10,36656.42,3665.642,15497.49,0,20.706,0.2,0.0
CUST12594,10,28217.34,2821.734,10900.8,0,16.581,0.3,0.0
CUST12595,10,50078.78,5007.878,15879.17,0,21.287,0.3,0.0
CUST12596,10,26198.89,2619.889,5958.13,1,28.299,0.1,10.0
CUST12597,10,40345.67,4034.567,15297.78,0,17.426,0.4,0.0
CUST12598,10,57337.57000000001,5733.7570000000005,17039.33,0,15.746,0.6,0.0
CUST12599,10,31024.52,3102.452,4394.99,0,17.559,0.3,0.0
CUST12600,10,26515.14,2651.514,5386.04,1,12.328,0.5,10.0
CUST12601,10,37719.06,3771.906,12140.24,0,36.596000000000004,0.3,0.0
CUST12602,10,58385.55,5838.555,31598.36,0,21.301000000000002,0.1,0.0
CUST12603,10,33571.32,3357.132,12069.7,0,23.037,0.2,0.0
CUST12604,10,39633.05,3963.3050000000003,16354.98,0,20.415,0.4,0.0
CUST12605,10,26993.86,2699.386,6677.07,0,18.636000000000003,0.1,0.0
CUST12606,10,40524.479999999996,4052.4479999999994,9999.81,2,22.193,0.3,20.0
CUST12607,10,45425.85,4542.585,20860.93,0,20.894,0.6,0.0
CUST12608,10,31921.739999999998,3192.174,5620.44,0,21.383,0.6,0.0
CUST12609,10,36219.33,3621.933,6503.01,0,14.792000000000002,0.3,0.0
CUST12610,10,36617.66,3661.7660000000005,22112.56,0,24.45,0.3,0.0
CUST12611,10,47438.8,4743.88,10637.82,0,19.571,0.3,0.0
CUST12612,10,43061.78,4306.178,11744.47,0,14.822999999999999,0.5,0.0
CUST12613,10,46856.22,4685.622,23622.27,0,18.463,0.5,0.0
CUST12614,10,33824.229999999996,3382.423,10138.22,0,17.503,0.3,0.0
CUST12615,10,57147.57,5714.757,15516.58,0,18.432,0.7,0.0
CUST12616,10,20206.3,2020.6299999999999,5166.48,0,19.924,0.2,0.0
CUST12617,10,39360.39,3936.0389999999998,11019.91,0,13.581,0.2,0.0
CUST12618,10,33495.65,3349.565,17450.53,0,23.582,0.1,0.0
CUST12619,10,33176.3,3317.63,19656.46,0,17.834,0.4,0.0
CUST12620,10,34653.67,3465.3669999999997,8629.57,0,22.56,0.3,0.0
CUST12621,10,24261.829999999998,2426.183,4149.38,0,24.596,0.1,0.0
CUST12622,10,57057.29,5705.729,22687.25,0,19.904,0.4,0.0
CUST12623,10,65131.98,6513.198,27343.72,0,21.682,0.3,0.0
CUST12624,10,28940.76,2894.076,6364.96,0,23.121000000000002,0.6,0.0
CUST12625,10,34871.82,3487.182,9903.55,0,22.389000000000003,0.6,0.0
CUST12626,10,44053.46,4405.346,15296.55,0,20.272,0.2,0.0
CUST12627,10,42094.240000000005,4209.424000000001,8632.24,0,20.988999999999997,0.2,0.0
CUST12628,10,83034.46999999999,8303.446999999998,46196.06,0,16.828,0.7,0.0
CUST12629,10,35022.41,3502.2410000000004,8354.25,0,19.386000000000003,0.4,0.0
CUST12630,10,27623.66,2762.366,12990.62,0,15.978,0.4,0.0
CUST12631,10,32874.79,3287.4790000000003,10232.14,0,17.825,0.3,0.0
CUST12632,10,44245.1,4424.51,16400.23,0,24.362000000000002,0.3,0.0
CUST12633,10,145207.9,14520.789999999999,72332.09,1,14.013,0.3,10.0
CUST12634,10,25281.829999999998,2528.183,7837.62,1,26.249000000000002,1.0,10.0
CUST12635,10,60411.72,6041.1720000000005,12650.33,0,23.397,0.6,0.0
CUST12636,10,38179.57,3817.957,11281.74,0,22.497,0.6,0.0
CUST12637,10,33022.89,3302.2889999999998,10675.43,0,16.582,0.3,0.0
CUST12638,10,50442.51,5044.251,23281.57,1,18.881999999999998,0.6,10.0
CUST12639,10,33781.11,3378.111,11658.98,0,15.815000000000001,0.4,0.0
CUST12640,10,25499.32,2549.932,5962.19,0,20.15,0.1,0.0
CUST12641,10,32177.16,3217.716,11205.53,0,23.322000000000003,0.6,0.0
CUST12642,10,54069.29,5406.929,21984.2,0,17.537,0.3,0.0
CUST12643,10,38791.88,3879.1879999999996,17689.6,0,22.042,0.3,0.0
CUST12644,10,31828.59,3182.859,12407.42,0,23.659,0.1,0.0
CUST12645,10,31719.63,3171.963,6841.51,0,17.562,0.3,0.0
CUST12646,10,41535.16,4153.5160000000005,15248.48,1,12.605,0.3,10.0
CUST12647,10,41113.93,4111.393,11997.79,0,18.881,0.2,0.0
CUST12648,10,26946.42,2694.642,8805.9,0,17.392000000000003,0.1,0.0
CUST12649,10,51571.270000000004,5157.127,27079.9,0,22.11,0.1,0.0
CUST12650,10,33320.68,3332.068,10750.51,0,26.748,0.4,0.0
CUST12651,10,29037.24,2903.724,9993.19,0,20.646,0.4,0.0
CUST12652,10,129177.54000000001,12917.754,92441.62,0,20.521,0.1,0.0
CUST12653,10,57153.16,5715.316000000001,19978.9,0,12.214,0.3,0.0
CUST12654,10,32245.8,3224.58,13859.83,0,20.793,0.3,0.0
CUST12655,10,30936.54,3093.654,6513.45,0,14.55,0.3,0.0
CUST12656,10,58214.73,5821.473,31254.61,0,17.246000000000002,0.6,0.0
CUST12657,10,47969.2,4796.92,14041.89,0,15.555000000000001,0.5,0.0
CUST12658,10,25481.559999999998,2548.156,4439.33,0,19.372999999999998,0.6,0.0
CUST12659,10,27696.76,2769.676,6528.23,1,21.86,0.3,10.0
CUST12660,10,30412.420000000002,3041.242,11990.51,0,15.881,0.3,0.0
CUST12661,10,67616.14,6761.614,17414.94,0,20.106,0.3,0.0
CUST12662,10,22601.64,2260.1639999999998,6696.09,0,16.146,0.2,0.0
CUST12663,10,39070.98,3907.0980000000004,8631.11,0,24.823,0.3,0.0
CUST12664,10,31258.3,3125.83,7100.59,1,20.762,0.4,10.0
CUST12665,10,65652.03,6565.2029999999995,23929.51,0,21.447,1.0,0.0
CUST12666,10,43394.05,4339.405000000001,10831.53,0,17.448,0.5,0.0
CUST12667,10,73063.31,7306.331,45522.54,1,17.235,0.2,10.0
CUST12668,10,21009.44,2100.944,8128.11,0,23.689,0.3,0.0
CUST12669,10,29902.25,2990.225,7549.4,0,24.218,0.2,0.0
CUST12670,10,93544.05,9354.405,66472.36,0,15.6,0.5,0.0
CUST12671,10,32921.6,3292.16,6454.51,2,21.657,0.2,20.0
CUST12672,10,34413.06,3441.3059999999996,7797.2,0,21.419999999999998,0.5,0.0
CUST12673,10,22534.63,2253.463,5826.67,1,16.259,0.3,10.0
CUST12674,10,26635.37,2663.537,5947.32,0,19.543,0.3,0.0
CUST12675,10,23139.239999999998,2313.924,11128.73,0,19.915,0.6,0.0
CUST12676,10,28998.43,2899.843,7310.05,0,17.474,0.4,0.0
CUST12677,10,45344.82,4534.482,11016.4,0,21.59,0.4,0.0
CUST12678,10,57432.43,5743.243,16991.42,0,18.71,0.0,0.0
CUST12679,10,34816.75,3481.675,9440.53,0,18.956,0.5,0.0
CUST12680,10,50470.07,5047.007,12629.25,0,19.839000000000002,0.2,0.0
CUST12681,10,49237.01,4923.701,15018.21,0,21.786,0.3,0.0
CUST12682,10,32262.2,3226.2200000000003,6618.71,0,19.496000000000002,0.6,0.0
CUST12683,10,34706.5,3470.65,8279.47,1,20.815,0.3,10.0
CUST12684,10,29107.73,2910.773,11919.45,1,17.457,0.4,10.0
CUST12685,10,28083.25,2808.325,9459.39,0,17.906,0.2,0.0
CUST12686,10,24133.48,2413.348,4581.18,1,16.662,0.2,10.0
CUST12687,10,37371.58,3737.1580000000004,17402.61,0,22.221,0.2,0.0
CUST12688,10,20515.27,2051.527,4030.74,0,15.469999999999999,0.3,0.0
CUST12689,10,32675.170000000002,3267.5170000000003,11643.29,0,14.483,0.2,0.0
CUST12690,10,29557.07,2955.707,8648.34,0,19.174,0.2,0.0
CUST12691,10,36420.76,3642.076,7973.19,0,16.769,0.2,0.0
CUST12692,10,31273.94,3127.394,7828.4,0,22.336000000000002,0.5,0.0
CUST12693,10,53804.86,5380.486,23346.32,0,21.976999999999997,0.3,0.0
CUST12694,10,55646.04,5564.604,14899.91,0,22.43,0.0,0.0
CUST12695,10,77202.70999999999,7720.270999999999,36452.98,1,17.302,0.2,10.0
CUST12696,10,31541.41,3154.141,11252.79,0,21.693,0.3,0.0
CUST12697,10,17795.23,1779.523,7142.24,0,14.568000000000001,0.3,0.0
CUST12698,10,24948.370000000003,2494.8370000000004,6050.74,0,28.320999999999998,0.1,0.0
CUST12699,10,20171.079999999998,2017.1079999999997,5719.79,0,21.319,0.3,0.0
CUST12700,10,33144.630000000005,3314.4630000000006,7800.77,0,17.161,0.1,0.0
CUST12701,10,29537.440000000002,2953.744,6132.21,0,27.579,0.2,0.0
CUST12702,10,52150.619999999995,5215.062,17175.76,0,24.123,0.5,0.0
CUST12703,10,45416.409999999996,4541.641,14397.79,1,19.634,0.6,10.0
CUST12704,10,28435.43,2843.543,6929.26,0,18.267,0.2,0.0
CUST12705,10,58814.85,5881.485,11922.13,2,18.222,0.1,20.0
CUST12706,10,25173.370000000003,2517.3370000000004,6494.27,0,16.891,0.3,0.0
CUST12707,10,29686.850000000002,2968.6850000000004,7198.42,1,16.749000000000002,0.4,10.0
CUST12708,10,25859.81,2585.981,8074.2,1,27.488999999999997,0.7,10.0
CUST12709,10,24163.12,2416.312,9011.32,0,22.442,0.2,0.0
CUST12710,10,81374.11,8137.411,39326.33,0,18.305,0.5,0.0
CUST12711,10,20474.29,2047.429,3657.02,0,19.646,0.3,0.0
CUST12712,10,28019.94,2801.9939999999997,12854.14,0,16.253999999999998,0.5,0.0
CUST12713,10,39281.409999999996,3928.1409999999996,16616.75,1,22.329,0.5,10.0
CUST12714,10,50752.299999999996,5075.23,21590.69,0,21.283,0.7,0.0
CUST12715,10,68732.28,6873.228,20406.92,0,19.108,0.5,0.0
CUST12716,10,30141.97,3014.197,8831.22,0,24.366,0.1,0.0
CUST12717,10,38901.94,3890.1940000000004,10158.71,1,21.831,0.4,10.0
CUST12718,10,46419.91,4641.991,19353.68,1,15.12,0.6,10.0
CUST12719,10,48683.96,4868.396,14762.19,0,24.990000000000002,0.6,0.0
CUST12720,10,40088.65,4008.8650000000002,10785.12,0,20.915,0.3,0.0
CUST12721,10,36551.59,3655.1589999999997,12558.91,0,18.2,0.4,0.0
CUST12722,10,34657.350000000006,3465.7350000000006,8364.6,0,20.849,0.3,0.0
CUST12723,10,89964.33,8996.433,42710.5,0,22.747999999999998,0.6,0.0
CUST12724,10,18026.87,1802.687,4484.53,0,22.017000000000003,0.4,0.0
CUST12725,10,24550.12,2455.0119999999997,8981.75,0,23.816,0.2,0.0
CUST12726,10,31420.989999999998,3142.0989999999997,7634.16,0,24.346,0.4,0.0
CUST12727,10,31633.86,3163.386,7382.87,0,15.199000000000002,0.4,0.0
CUST12728,10,56544.38,5654.438,26875.51,0,17.366,0.6,0.0
CUST12729,10,40431.66,4043.166,12003.54,0,15.319999999999999,1.0,0.0
CUST12730,10,31658.56,3165.856,8222.56,0,20.59,0.2,0.0
CUST12731,10,42308.15,4230.8150000000005,11137.58,0,21.014,0.4,0.0
CUST12732,10,20805.989999999998,2080.5989999999997,7273.73,0,15.078,0.5,0.0
CUST12733,10,21952.38,2195.2380000000003,4621.17,0,22.673,0.3,0.0
CUST12734,10,52737.88,5273.788,19152.89,0,24.816,0.1,0.0
CUST12735,10,53803.51,5380.351000000001,13030.63,0,25.217000000000002,0.5,0.0
CUST12736,10,21156.18,2115.618,5550.52,0,29.378999999999998,0.3,0.0
CUST12737,10,21163.57,2116.357,5826.36,1,18.367,0.2,10.0
CUST12738,10,48951.38,4895.138,23895.98,0,22.731,0.5,0.0
CUST12739,10,32223.43,3222.343,7434.97,1,18.4,0.4,10.0
CUST12740,10,31251.9,3125.19,13006.45,0,17.266,0.1,0.0
CUST12741,10,25829.41,2582.941,6100.52,1,19.459,0.2,10.0
CUST12742,10,36902.94,3690.2940000000003,11536.32,0,25.391,0.2,0.0
CUST12743,10,37308.33,3730.833,9667.57,0,18.091,0.5,0.0
CUST12744,10,17484.79,1748.479,4273.46,1,21.283,0.4,10.0
CUST12745,10,125716.75,12571.675,113501.82,0,27.856,0.5,0.0
CUST12746,10,59257.72,5925.772,21835.35,0,19.630000000000003,0.1,0.0
CUST12747,10,44485.26,4448.526,24128.68,0,21.127000000000002,0.6,0.0
CUST12748,10,30516.030000000002,3051.603,13310.69,0,20.176,0.3,0.0
CUST12749,10,100590.03,10059.003,40555.56,0,21.415,0.3,0.0
CUST12750,10,57945.66,5794.566000000001,15249.1,0,21.092000000000002,0.1,0.0
CUST12751,10,30674.84,3067.484,8697.5,0,20.967000000000002,0.2,0.0
CUST12752,10,41450.130000000005,4145.013000000001,15122.98,1,15.986,0.4,10.0
CUST12753,10,39430.03,3943.0029999999997,15857.87,1,22.913,0.4,10.0
CUST12754,10,39678.4,3967.84,14094.15,1,26.360000000000003,0.6,10.0
CUST12755,10,107868.53,10786.853,77429.61,0,12.108,0.4,0.0
CUST12756,10,36473.11,3647.311,8108.02,0,19.112000000000002,0.1,0.0
CUST12757,10,53008.63,5300.862999999999,22726.04,0,23.832,0.9,0.0
CUST12758,10,69247.17,6924.717,34170.14,0,22.759,0.8,0.0
CUST12759,10,40985.57,4098.557,8609.16,0,22.503999999999998,0.4,0.0
CUST12760,10,38132.64,3813.264,19877.21,0,25.519,0.5,0.0
CUST12761,10,46246.369999999995,4624.637,11258.71,0,14.61,0.5,0.0
CUST12762,10,38498.59,3849.8589999999995,19713.52,0,20.535999999999998,0.1,0.0
CUST12763,10,30303.93,3030.393,11429.44,1,24.151,0.6,10.0
CUST12764,10,21742.9,2174.29,4814.59,0,22.645,0.3,0.0
CUST12765,10,47255.49,4725.549,10130.89,1,12.766,0.3,10.0
CUST12766,10,26710.09,2671.009,9865.91,0,15.975,0.7,0.0
CUST12767,10,58759.28,5875.928,28374.08,0,22.206,0.3,0.0
CUST12768,10,92042.02,9204.202000000001,52300.21,0,24.137,0.8,0.0
CUST12769,10,36530.01,3653.001,10117.14,0,28.661,0.2,0.0
CUST12770,10,43282.020000000004,4328.202,8601.12,0,21.697,0.8,0.0
CUST12771,10,43454.61,4345.461,17287.68,0,20.142,0.1,0.0
CUST12772,10,24197.15,2419.715,8343.91,0,15.972,0.4,0.0
CUST12773,10,29985.93,2998.593,6848.36,1,21.289,0.4,10.0
CUST12774,10,21155.14,2115.514,4995.73,1,20.016,0.4,10.0
CUST12775,10,34747.03,3474.703,12326.15,0,17.634,0.7,0.0
CUST12776,10,25154.31,2515.431,6052.87,0,19.178,0.6,0.0
CUST12777,10,23332.15,2333.215,9016.42,0,19.143,0.6,0.0
CUST12778,10,37679.44,3767.9440000000004,8275.91,0,16.771,0.3,0.0
CUST12779,10,66859.52,6685.952,16724.55,0,17.762,0.2,0.0
CUST12780,10,60116.0,6011.6,23300.71,0,24.478,0.5,0.0
CUST12781,10,25683.25,2568.325,11890.24,0,14.672999999999998,0.0,0.0
CUST12782,10,21296.010000000002,2129.601,6360.63,0,21.094,0.4,0.0
CUST12783,10,27495.87,2749.587,14977.17,0,21.055,0.6,0.0
CUST12784,10,53750.02,5375.0019999999995,14435.8,0,17.124000000000002,0.4,0.0
CUST12785,10,59533.67,5953.367,16816.04,0,21.948,0.4,0.0
CUST12786,10,56990.04,5699.004,33414.82,0,22.174,0.1,0.0
CUST12787,10,25430.37,2543.037,10139.47,0,12.844999999999999,0.6,0.0
CUST12788,10,48458.41,4845.841,15127.23,0,13.225999999999999,0.4,0.0
CUST12789,10,25627.710000000003,2562.771,6490.09,0,21.739,0.2,0.0
CUST12790,10,35909.7,3590.97,7781.24,0,19.117,0.3,0.0
CUST12791,10,19020.04,1902.0040000000001,5457.26,0,20.775,0.2,0.0
CUST12792,10,33944.19,3394.4190000000003,7116.57,0,19.639000000000003,0.3,0.0
CUST12793,10,35112.74,3511.274,22401.12,0,21.622,0.1,0.0
CUST12794,10,37880.19,3788.0190000000002,14051.44,1,14.541999999999998,0.1,10.0
CUST12795,10,40312.45,4031.245,11765.84,0,18.055,0.3,0.0
CUST12796,10,15891.61,1589.161,4332.09,0,12.678,0.3,0.0
CUST12797,10,25720.77,2572.077,6508.31,0,18.139,0.4,0.0
CUST12798,10,36257.4,3625.7400000000002,7204.35,1,22.003,0.8,10.0
CUST12799,10,31737.219999999998,3173.7219999999998,9597.06,0,19.367,0.3,0.0
CUST12800,10,39391.54,3939.154,9849.24,0,16.409,0.5,0.0
CUST12801,10,91700.84,9170.083999999999,53148.59,0,17.628,0.7,0.0
CUST12802,10,85408.45,8540.845,27234.59,0,24.145999999999997,0.2,0.0
CUST12803,10,33128.65,3312.8650000000002,6139.34,0,28.627,0.4,0.0
CUST12804,10,40799.0,4079.9,17238.77,0,15.559000000000001,0.4,0.0
CUST12805,10,28929.08,2892.9080000000004,6347.55,1,17.892000000000003,0.5,10.0
CUST12806,10,48709.97,4870.997,19917.03,0,19.994999999999997,0.3,0.0
CUST12807,10,26626.24,2662.6240000000003,5273.12,1,19.113999999999997,0.8,10.0
CUST12808,10,54778.25,5477.825,23685.64,0,17.253999999999998,0.6,0.0
CUST12809,10,35487.08,3548.708,17449.72,1,19.604,0.5,10.0
CUST12810,10,43486.31,4348.630999999999,12075.21,0,22.887,0.7,0.0
CUST12811,10,25368.48,2536.848,4837.98,0,29.275,0.1,0.0
CUST12812,10,33338.34,3333.834,7948.93,0,21.17,0.4,0.0
CUST12813,10,51096.91,5109.691000000001,17190.71,0,12.674,0.6,0.0
CUST12814,10,56997.490000000005,5699.749000000001,16704.65,0,17.887,0.2,0.0
CUST12815,10,49126.4,4912.64,13777.78,0,16.051,0.4,0.0
CUST12816,10,63138.32000000001,6313.832,17470.08,1,19.97,0.0,10.0
CUST12817,10,57848.0,5784.8,30611.53,0,20.461000000000002,0.4,0.0
CUST12818,10,29819.02,2981.902,10716.67,0,15.193000000000001,0.2,0.0
CUST12819,10,47302.979999999996,4730.298,19381.87,0,19.685,0.3,0.0
CUST12820,10,25208.36,2520.8360000000002,6533.95,1,21.512999999999998,0.2,10.0
CUST12821,10,37671.73,3767.1730000000002,9599.61,0,23.641,0.3,0.0
CUST12822,10,35872.47,3587.2470000000003,12884.73,0,23.185,0.4,0.0
CUST12823,10,28670.09,2867.009,5948.18,0,19.878,0.5,0.0
CUST12824,10,44968.770000000004,4496.877,14954.77,0,19.075,0.2,0.0
CUST12825,10,36811.51,3681.1510000000003,9459.95,0,20.853,0.4,0.0
CUST12826,10,71383.19,7138.319,41816.5,0,20.338,0.3,0.0
CUST12827,10,44738.6,4473.86,26432.75,0,26.918,0.7,0.0
CUST12828,10,61131.06,6113.106,14303.62,2,26.708999999999996,0.3,20.0
CUST12829,10,49362.49,4936.249,17646.85,0,14.856,0.4,0.0
CUST12830,10,29151.18,2915.118,5485.01,0,21.221,0.6,0.0
CUST12831,10,21036.58,2103.6580000000004,4162.31,0,14.507,0.4,0.0
CUST12832,10,25615.23,2561.523,5292.68,2,17.847,0.4,20.0
CUST12833,10,31609.19,3160.919,4617.38,0,19.796,0.3,0.0
CUST12834,10,31257.67,3125.767,8378.13,0,15.175,0.3,0.0
CUST12835,10,38329.66,3832.9660000000003,15267.03,0,19.797,0.2,0.0
CUST12836,10,56690.0,5669.0,19654.85,2,12.965,0.1,20.0
CUST12837,10,19437.35,1943.735,5395.37,0,17.591,0.2,0.0
CUST12838,10,53429.950000000004,5342.995000000001,19238.58,0,26.802999999999997,0.2,0.0
CUST12839,10,64038.07,6403.807,40709.82,0,18.956,0.2,0.0
CUST12840,10,47164.8,4716.4800000000005,22002.73,1,18.832,0.4,10.0
CUST12841,10,41407.48,4140.7480000000005,15137.08,1,16.214,0.4,10.0
CUST12842,10,39738.46,3973.846,9832.76,0,21.493000000000002,0.5,0.0
CUST12843,10,48296.69,4829.669,25725.27,0,21.776,0.6,0.0
CUST12844,10,44657.85,4465.785,14545.67,2,24.169999999999998,0.7,20.0
CUST12845,10,42490.61,4249.061,11083.61,0,19.148000000000003,0.3,0.0
CUST12846,10,67425.99,6742.599,14470.43,0,25.159,0.1,0.0
CUST12847,10,33001.28,3300.1279999999997,9524.3,1,16.041,0.4,10.0
CUST12848,10,35239.96,3523.996,13259.46,0,15.904,0.5,0.0
CUST12849,10,26386.66,2638.666,6418.83,0,26.506999999999998,0.0,0.0
CUST12850,10,31668.21,3166.821,11214.82,0,11.299000000000001,0.6,0.0
CUST12851,10,15479.22,1547.922,4579.62,0,19.758,0.6,0.0
CUST12852,10,38143.29,3814.329,18774.43,0,17.016,0.4,0.0
CUST12853,10,26645.71,2664.571,7055.5,0,20.072,0.3,0.0
CUST12854,10,24555.489999999998,2455.549,5208.35,0,21.202,0.7,0.0
CUST12855,10,31334.98,3133.498,5998.86,0,16.768,0.9,0.0
CUST12856,10,37769.380000000005,3776.9380000000006,15751.29,0,16.219,0.3,0.0
CUST12857,10,21502.36,2150.236,7411.04,0,25.761000000000003,0.2,0.0
CUST12858,10,17541.74,1754.1740000000002,4083.82,0,18.142000000000003,0.5,0.0
CUST12859,10,28218.47,2821.847,10355.2,0,23.893,0.4,0.0
CUST12860,10,47736.35,4773.635,9296.64,1,19.121000000000002,0.3,10.0
CUST12861,10,52037.05,5203.705,19947.79,0,14.337,0.4,0.0
CUST12862,10,23088.27,2308.827,5501.68,0,25.622000000000003,0.6,0.0
CUST12863,10,31645.42,3164.542,11036.65,0,21.601,0.5,0.0
CUST12864,10,35343.24,3534.3239999999996,5934.39,0,22.485,0.1,0.0
CUST12865,10,30977.3,3097.73,8670.6,0,12.76,0.0,0.0
CUST12866,10,45764.67,4576.467,15861.12,0,35.43,0.9,0.0
CUST12867,10,27154.93,2715.493,9656.49,0,27.038,0.3,0.0
CUST12868,10,35817.51,3581.751,9192.5,0,16.436,0.4,0.0
CUST12869,10,43204.64,4320.464,20723.06,0,18.848,0.1,0.0
CUST12870,10,50143.590000000004,5014.359,32730.47,0,16.639000000000003,0.2,0.0
CUST12871,10,42763.06,4276.306,12268.14,0,17.352,0.4,0.0
CUST12872,10,36028.25,3602.825,12486.13,1,13.772,0.4,10.0
CUST12873,10,40812.72,4081.272,9909.49,0,19.053,0.1,0.0
CUST12874,10,40564.35,4056.435,7907.46,0,19.294,0.2,0.0
CUST12875,10,32821.340000000004,3282.1340000000005,11226.53,0,22.443,0.2,0.0
CUST12876,10,39276.47,3927.647,11970.0,0,13.425,0.4,0.0
CUST12877,10,38868.27,3886.8269999999998,10319.15,1,18.895999999999997,0.3,10.0
CUST12878,10,55965.61,5596.561,27129.49,0,16.642,0.5,0.0
CUST12879,10,27701.65,2770.165,12154.65,0,20.779,0.1,0.0
CUST12880,10,55400.439999999995,5540.044,10482.57,0,21.581,0.8,0.0
CUST12881,10,65630.53,6563.053,17841.49,0,16.282,0.4,0.0
CUST12882,10,36357.07,3635.707,13683.91,0,20.059,0.6,0.0
CUST12883,10,26764.45,2676.445,5919.47,0,19.469,0.3,0.0
CUST12884,10,41960.62,4196.062,7947.12,0,23.35,0.8,0.0
CUST12885,10,39639.31,3963.9309999999996,10206.9,1,22.216,0.3,10.0
CUST12886,10,36191.43,3619.143,8228.72,0,24.593,0.3,0.0
CUST12887,10,28836.51,2883.651,5731.0,0,17.285,0.4,0.0
CUST12888,10,17895.82,1789.5819999999999,4563.19,1,14.588999999999999,0.4,10.0
CUST12889,10,16055.42,1605.542,3451.76,0,21.619,0.6,0.0
CUST12890,10,40071.07,4007.107,13876.9,0,16.704,0.5,0.0
CUST12891,10,31355.95,3135.5950000000003,4973.47,0,31.143,0.8,0.0
CUST12892,10,50081.1,5008.11,12051.55,0,18.669,0.2,0.0
CUST12893,10,60517.34,6051.7339999999995,30544.57,0,23.088,0.2,0.0
CUST12894,10,16866.12,1686.6119999999999,3421.94,0,28.688,0.5,0.0
CUST12895,10,33738.63,3373.863,8437.55,0,22.077,0.5,0.0
CUST12896,10,41241.56,4124.156,8045.47,0,19.633000000000003,0.1,0.0
CUST12897,10,37196.32,3719.632,9184.76,0,19.921,0.4,0.0
CUST12898,10,83756.53,8375.653,52804.39,0,20.14,0.3,0.0
CUST12899,10,41766.87,4176.687,12232.34,1,21.416,0.4,10.0
CUST12900,10,115426.35,11542.635,68276.24,0,29.709000000000003,0.2,0.0
CUST12901,10,122056.41000000002,12205.641000000001,89942.46,0,19.634,0.0,0.0
CUST12902,10,27416.03,2741.603,5837.32,0,18.736,0.4,0.0
CUST12903,10,34024.9,3402.4900000000002,7689.85,0,14.953999999999999,0.3,0.0
CUST12904,10,35551.78,3555.178,11565.53,0,17.577,0.3,0.0
CUST12905,10,45510.04,4551.004,16299.86,0,19.782,0.4,0.0
CUST12906,10,58060.159999999996,5806.016,14545.98,0,22.425,0.5,0.0
CUST12907,10,32085.26,3208.526,11370.75,2,15.889,0.1,20.0
CUST12908,10,56559.1,5655.91,15152.86,0,20.105,0.6,0.0
CUST12909,10,65053.26,6505.326,27232.22,0,17.68,0.2,0.0
CUST12910,10,44016.509999999995,4401.651,12668.77,0,20.78,0.4,0.0
CUST12911,10,28901.5,2890.15,9072.89,0,18.595,0.4,0.0
CUST12912,10,38417.479999999996,3841.7479999999996,13937.4,0,16.555,0.5,0.0
CUST12913,10,18533.739999999998,1853.3739999999998,4757.07,2,34.574,0.6,20.0
CUST12914,10,32955.229999999996,3295.5229999999997,12609.76,0,14.113,0.5,0.0
CUST12915,10,40282.15,4028.215,8234.7,0,20.626,0.2,0.0
CUST12916,10,30386.13,3038.6130000000003,6709.59,1,22.929,0.9,10.0
CUST12917,10,58726.85,5872.6849999999995,19920.3,0,19.443,0.0,0.0
CUST12918,10,43444.34,4344.433999999999,14346.81,0,18.979,0.5,0.0
CUST12919,10,39467.61,3946.761,11773.0,0,25.472,0.6,0.0
CUST12920,10,48556.24,4855.624,16541.11,1,21.042,0.3,10.0
CUST12921,10,42283.39,4228.339,17470.37,0,17.218,0.6,0.0
CUST12922,10,34415.729999999996,3441.5729999999994,9965.77,1,17.733,0.2,10.0
CUST12923,10,24017.88,2401.788,4211.7,0,14.361,0.3,0.0
CUST12924,10,37873.99,3787.399,13304.5,0,22.957,0.4,0.0
CUST12925,10,50511.87,5051.187,17177.94,0,21.252000000000002,0.2,0.0
CUST12926,10,51652.34,5165.2339999999995,35867.51,0,22.044,0.4,0.0
CUST12927,10,36343.770000000004,3634.3770000000004,12184.44,0,20.338,0.2,0.0
CUST12928,10,43650.17,4365.017,20464.43,0,19.996000000000002,0.3,0.0
CUST12929,10,47025.11,4702.511,19675.27,0,19.812,0.4,0.0
CUST12930,10,24687.93,2468.793,3533.87,1,19.54,0.2,10.0
CUST12931,10,24693.44,2469.344,7171.87,0,22.070999999999998,0.2,0.0
CUST12932,10,36475.89,3647.589,8020.08,0,14.388,0.4,0.0
CUST12933,10,63909.68,6390.968,22701.09,1,15.943000000000001,0.2,10.0
CUST12934,10,30033.33,3003.333,7181.79,0,17.964,0.4,0.0
CUST12935,10,23205.85,2320.585,7947.73,0,19.523000000000003,0.1,0.0
CUST12936,10,31253.120000000003,3125.3120000000004,8715.04,0,19.011000000000003,0.0,0.0
CUST12937,10,42996.49,4299.648999999999,11077.97,0,27.217000000000002,0.5,0.0
CUST12938,10,41838.229999999996,4183.822999999999,9342.35,1,19.689,0.2,10.0
CUST12939,10,41059.29,4105.929,6492.88,0,17.666,0.5,0.0
CUST12940,10,58986.29,5898.629,14371.99,0,17.515,0.3,0.0
CUST12941,10,46717.35,4671.735,13116.45,0,17.273000000000003,0.2,0.0
CUST12942,10,30321.489999999998,3032.149,6643.23,0,20.976999999999997,0.3,0.0
CUST12943,10,36765.17,3676.517,8080.21,0,19.104999999999997,0.4,0.0
CUST12944,10,34320.229999999996,3432.0229999999997,8823.17,1,16.756,0.5,10.0
CUST12945,10,25370.59,2537.059,4857.64,0,22.251,0.2,0.0
CUST12946,10,33550.35,3355.035,7920.34,0,26.611,0.2,0.0
CUST12947,10,66736.81999999999,6673.681999999999,27518.1,0,20.573,0.4,0.0
CUST12948,10,50007.08,5000.7080000000005,13477.38,0,25.314,0.2,0.0
CUST12949,10,40754.33,4075.433,12726.28,0,25.011,0.7,0.0
CUST12950,10,47536.94,4753.694,21405.19,2,26.885,0.7,20.0
CUST12951,10,29651.190000000002,2965.119,9106.09,0,18.578,0.7,0.0
CUST12952,10,22536.17,2253.6169999999997,4276.4,0,27.256999999999998,0.1,0.0
CUST12953,10,50670.11,5067.011,13709.73,0,21.662,0.1,0.0
CUST12954,10,28138.29,2813.829,8979.72,0,19.121000000000002,0.2,0.0
CUST12955,10,42626.55,4262.655000000001,11092.81,0,25.056,0.6,0.0
CUST12956,10,47861.8,4786.18,10991.68,1,16.359,0.8,10.0
CUST12957,10,67555.43000000001,6755.543000000001,19018.08,1,16.306,0.3,10.0
CUST12958,10,27845.23,2784.523,7293.83,0,17.669999999999998,0.3,0.0
CUST12959,10,28192.460000000003,2819.246,13731.53,1,19.880000000000003,0.4,10.0
CUST12960,10,34777.25,3477.725,16194.72,0,25.393,0.6,0.0
CUST12961,10,47745.19,4774.519,17848.02,0,16.665,0.2,0.0
CUST12962,10,29318.79,2931.879,7073.46,0,15.106,0.1,0.0
CUST12963,10,39634.23,3963.4230000000002,13202.35,0,21.395,0.4,0.0
CUST12964,10,27401.510000000002,2740.1510000000003,6461.59,0,19.823,0.3,0.0
CUST12965,10,68420.99,6842.099,42862.16,0,15.7,0.4,0.0
CUST12966,10,26902.79,2690.279,8688.39,1,21.579,0.5,10.0
CUST12967,10,46159.28,4615.928,28004.84,0,19.65,0.3,0.0
CUST12968,10,38625.05,3862.505,12358.25,0,28.926,0.5,0.0
CUST12969,10,44692.71,4469.271,10452.6,0,24.072,0.7,0.0
CUST12970,10,38788.54,3878.8540000000003,9446.98,0,15.325,0.3,0.0
CUST12971,10,31619.239999999998,3161.924,13933.09,0,19.451999999999998,0.3,0.0
CUST12972,10,25850.58,2585.058,8839.23,1,26.769,0.9,10.0
CUST12973,10,76049.62,7604.9619999999995,38134.46,0,21.75,0.3,0.0
CUST12974,10,36740.2,3674.0199999999995,19215.86,1,23.34,0.5,10.0
CUST12975,10,83429.63,8342.963,31139.05,0,19.12,0.1,0.0
CUST12976,10,27852.29,2785.2290000000003,8382.56,1,18.722,0.5,10.0
CUST12977,10,48160.99,4816.099,17000.41,0,20.599,0.2,0.0
CUST12978,10,51107.25,5110.725,24404.87,0,24.009,0.3,0.0
CUST12979,10,43379.27,4337.927,9285.31,0,17.666,0.7,0.0
CUST12980,10,27584.19,2758.419,5065.54,1,29.389999999999997,0.7,10.0
CUST12981,10,31945.8,3194.58,6980.7,0,26.333,1.0,0.0
CUST12982,10,24689.79,2468.9790000000003,6424.97,0,23.778,0.6,0.0
CUST12983,10,37238.88,3723.888,11146.5,0,21.823,0.3,0.0
CUST12984,10,28166.05,2816.605,6881.49,0,32.049,0.3,0.0
CUST12985,10,82483.56999999999,8248.357,27815.76,0,16.268,0.2,0.0
CUST12986,10,44499.409999999996,4449.941,17868.05,0,16.163999999999998,0.1,0.0
CUST12987,10,63428.21,6342.821,48302.73,0,22.082,0.2,0.0
CUST12988,10,22162.78,2216.278,4940.3,2,18.772,0.4,20.0
CUST12989,10,41462.72,4146.272,12493.08,0,22.838,0.2,0.0
CUST12990,10,28180.52,2818.052,7036.97,0,17.855,0.4,0.0
CUST12991,10,31237.920000000002,3123.7920000000004,7706.99,0,15.940999999999999,0.1,0.0
CUST12992,10,35350.82,3535.082,12688.72,0,24.951999999999998,0.6,0.0
CUST12993,10,108398.3,10839.83,68521.82,0,16.889,0.5,0.0
CUST12994,10,36592.94,3659.2940000000003,11819.06,0,23.253,0.1,0.0
CUST12995,10,28765.75,2876.575,14132.08,0,17.347,0.4,0.0
CUST12996,10,32266.48,3226.648,8694.76,0,27.458999999999996,0.4,0.0
CUST12997,10,84947.95999999999,8494.795999999998,36805.61,0,22.204,0.0,0.0
CUST12998,10,27060.13,2706.013,5049.77,0,15.061000000000002,0.3,0.0
CUST12999,10,33428.29,3342.829,9250.83,0,16.491,0.2,0.0
CUST13000,10,43292.64,4329.264,12546.59,0,25.538,0.0,0.0
CUST13001,10,42364.66,4236.466,13460.45,0,24.392999999999997,0.3,0.0
CUST13002,10,44498.08,4449.808,10480.63,0,17.134999999999998,0.3,0.0
CUST13003,10,48235.43,4823.543,21859.18,0,18.656,0.4,0.0
CUST13004,10,20370.46,2037.0459999999998,3745.9,0,13.658000000000001,0.5,0.0
CUST13005,10,45824.35,4582.4349999999995,16720.14,0,19.272,0.3,0.0
CUST13006,10,15863.45,1586.345,3394.85,0,20.579,0.4,0.0
CUST13007,10,46190.67,4619.067,13383.72,0,18.55,0.6,0.0
CUST13008,10,64079.909999999996,6407.991,26959.72,0,18.389,0.4,0.0
CUST13009,10,35920.090000000004,3592.0090000000005,10028.78,0,16.174,0.4,0.0
CUST13010,10,51866.16,5186.616,20777.63,0,14.931000000000001,0.6,0.0
CUST13011,10,43757.1,4375.71,10965.93,0,28.519,0.5,0.0
CUST13012,10,27500.96,2750.096,5739.55,0,12.565999999999999,0.1,0.0
CUST13013,10,46850.34,4685.034,10477.15,0,22.497999999999998,1.0,0.0
CUST13014,10,26723.32,2672.332,11513.58,0,21.23,0.1,0.0
CUST13015,10,28336.62,2833.662,8455.59,0,18.753999999999998,0.4,0.0
CUST13016,10,20196.1,2019.61,3685.34,0,30.639,0.7,0.0
CUST13017,10,25891.69,2589.169,7153.54,0,20.717,0.4,0.0
CUST13018,10,26407.59,2640.759,7037.53,0,25.163,0.3,0.0
CUST13019,10,34226.56,3422.656,8629.92,0,22.037,0.2,0.0
CUST13020,10,26891.98,2689.198,9992.08,0,17.287,0.3,0.0
CUST13021,10,33881.92,3388.192,7164.81,0,21.726,0.1,0.0
CUST13022,10,27114.34,2711.434,8900.5,0,23.288999999999998,0.5,0.0
CUST13023,10,25978.39,2597.839,8886.59,0,24.163,0.7,0.0
CUST13024,10,79173.87999999999,7917.387999999999,54884.96,0,15.584,0.5,0.0
CUST13025,10,54511.7,5451.17,31645.82,1,13.478,0.5,10.0
CUST13026,10,43375.16,4337.5160000000005,13068.15,2,17.975,0.5,20.0
CUST13027,10,44297.729999999996,4429.772999999999,26450.87,1,24.922,0.6,10.0
CUST13028,10,32449.14,3244.9139999999998,9316.59,0,24.035,0.1,0.0
CUST13029,10,35162.3,3516.2300000000005,9160.46,0,19.332,0.4,0.0
CUST13030,10,48028.020000000004,4802.802000000001,16008.36,0,17.553,0.3,0.0
CUST13031,10,58106.159999999996,5810.616,18716.25,0,18.869999999999997,0.2,0.0
CUST13032,10,71141.89,7114.189,28853.18,0,21.823,0.3,0.0
CUST13033,10,45592.29,4559.229,15769.11,1,22.292,0.6,10.0
CUST13034,10,51287.01,5128.701,14819.53,1,20.886,0.1,10.0
CUST13035,10,54473.439999999995,5447.343999999999,15152.8,0,16.36,0.2,0.0
CUST13036,10,22717.21,2271.721,5571.91,0,17.898,0.3,0.0
CUST13037,10,36706.36,3670.636,9375.18,3,16.058,0.5,30.0
CUST13038,10,20299.52,2029.952,5654.75,0,19.594,0.2,0.0
CUST13039,10,42967.59,4296.759,9183.96,0,26.421,0.2,0.0
CUST13040,10,104009.79000000001,10400.979000000001,26202.34,0,22.542,0.1,0.0
CUST13041,10,25810.61,2581.061,8457.47,0,22.988,0.4,0.0
CUST13042,10,44644.95,4464.495,8964.24,0,24.409,0.3,0.0
CUST13043,10,37915.549999999996,3791.5549999999994,17228.03,0,14.072999999999999,0.3,0.0
CUST13044,10,36385.67,3638.567,10973.11,1,32.230000000000004,0.5,10.0
CUST13045,10,39153.07,3915.307,20492.14,0,17.092000000000002,0.3,0.0
CUST13046,10,30633.53,3063.353,7031.1,0,12.903,0.2,0.0
CUST13047,10,25946.57,2594.657,12885.59,0,24.493000000000002,0.3,0.0
CUST13048,10,37419.42,3741.942,8152.95,0,16.547,0.5,0.0
CUST13049,10,30748.13,3074.813,10483.41,0,18.157,0.2,0.0
CUST13050,10,31908.629999999997,3190.863,13656.72,0,27.117,0.8,0.0
CUST13051,10,35563.39,3556.339,9989.8,0,14.84,0.2,0.0
CUST13052,10,32812.56,3281.256,15570.83,0,22.449,0.5,0.0
CUST13053,10,61021.86,6102.186,26891.56,0,21.451,0.2,0.0
CUST13054,10,27010.03,2701.0029999999997,10950.89,0,19.528,0.1,0.0
CUST13055,10,35928.04,3592.804,9346.01,2,20.607,0.4,20.0
CUST13056,10,24917.79,2491.779,7534.59,0,14.967000000000002,0.2,0.0
CUST13057,10,45092.380000000005,4509.238,18243.09,0,23.049,0.3,0.0
CUST13058,10,48766.78,4876.678,18531.32,0,19.762,0.1,0.0
CUST13059,10,56190.78,5619.0779999999995,24143.87,1,12.614,0.3,10.0
CUST13060,10,42237.05,4223.705,11216.1,0,17.147,0.3,0.0
CUST13061,10,33191.31,3319.131,13906.41,0,20.624000000000002,0.3,0.0
CUST13062,10,100049.67,10004.967,37786.65,0,13.306999999999999,0.3,0.0
CUST13063,10,52018.63,5201.862999999999,14630.27,0,15.165000000000001,0.6,0.0
CUST13064,10,50839.73,5083.973,23676.21,0,14.482,0.1,0.0
CUST13065,10,26366.45,2636.645,6478.09,0,20.471,0.8,0.0
CUST13066,10,24266.97,2426.697,7367.39,1,18.946,0.3,10.0
CUST13067,10,63265.84,6326.584,28046.96,0,23.893,0.3,0.0
CUST13068,10,25884.4,2588.44,10797.95,0,23.759,0.2,0.0
CUST13069,10,57899.35,5789.9349999999995,15880.64,1,23.79,0.7,10.0
CUST13070,10,24336.51,2433.651,6904.04,0,20.538,0.5,0.0
CUST13071,10,66346.42,6634.642,21278.75,0,18.917,0.5,0.0
CUST13072,10,31989.53,3198.953,6730.4,0,20.359,0.1,0.0
CUST13073,10,29371.66,2937.166,8475.41,0,16.567,0.2,0.0
CUST13074,10,37254.75,3725.475,16286.18,0,16.712,0.3,0.0
CUST13075,10,26429.29,2642.929,6333.37,0,19.093,0.4,0.0
CUST13076,10,29644.69,2964.469,10364.65,0,21.965,0.2,0.0
CUST13077,10,32534.58,3253.458,10749.72,0,17.607,0.2,0.0
CUST13078,10,39454.31,3945.4309999999996,10539.43,1,20.106,0.4,10.0
CUST13079,10,53159.12,5315.912,15753.9,2,20.407,0.5,20.0
CUST13080,10,44138.51,4413.851000000001,8818.22,0,19.685,0.1,0.0
CUST13081,10,28536.17,2853.6169999999997,7655.86,0,24.381,0.2,0.0
CUST13082,10,46493.9,4649.39,10131.28,0,25.793,0.6,0.0
CUST13083,10,33656.83,3365.683,9323.2,0,19.291999999999998,0.5,0.0
CUST13084,10,44411.85,4441.1849999999995,14761.82,0,23.297,0.0,0.0
CUST13085,10,45981.229999999996,4598.123,14637.64,0,12.112,0.3,0.0
CUST13086,10,54187.06,5418.706,33440.27,1,14.709999999999999,0.2,10.0
CUST13087,10,46575.68,4657.568,15627.7,1,23.973,0.2,10.0
CUST13088,10,25565.81,2556.581,9821.35,0,23.116,0.6,0.0
CUST13089,10,30427.93,3042.793,8802.57,0,21.564,0.5,0.0
CUST13090,10,42924.22,4292.4220000000005,8347.22,0,19.032,0.1,0.0
CUST13091,10,42605.33,4260.533,12109.04,0,14.457999999999998,0.1,0.0
CUST13092,10,36741.0,3674.1,8347.25,0,23.082,0.4,0.0
CUST13093,10,30140.64,3014.064,14018.95,1,20.088,0.1,10.0
CUST13094,10,61262.89,6126.289,19108.11,0,26.361,0.1,0.0
CUST13095,10,31108.16,3110.816,14820.42,0,17.02,0.3,0.0
CUST13096,10,57152.05,5715.205,14937.95,0,16.285,0.3,0.0
CUST13097,10,113071.13,11307.113000000001,43353.07,1,21.313,0.6,10.0
CUST13098,10,29894.31,2989.431,6523.33,0,21.555,0.4,0.0
CUST13099,10,135543.81,13554.381,64027.53,0,23.628,0.5,0.0
CUST13100,10,26333.050000000003,2633.3050000000003,5573.14,0,14.879,0.5,0.0
CUST13101,10,54714.81,5471.481,15350.56,0,23.48,0.5,0.0
CUST13102,10,49143.78,4914.378,20586.51,0,31.524,0.4,0.0
CUST13103,10,24965.95,2496.5950000000003,8085.89,0,14.596,0.3,0.0
CUST13104,10,60307.81,6030.781,27572.3,0,20.011000000000003,0.1,0.0
CUST13105,10,29977.600000000002,2997.76,9664.67,0,20.419,0.3,0.0
CUST13106,10,56005.92,5600.592,11312.86,0,11.256,0.3,0.0
CUST13107,10,31713.92,3171.392,8774.63,0,16.963,0.3,0.0
CUST13108,10,39741.6,3974.16,8868.6,0,24.322,0.4,0.0
CUST13109,10,253649.63999999998,25364.964,208340.15,0,21.184,0.5,0.0
CUST13110,10,37931.48,3793.148,20861.09,0,13.669999999999998,0.2,0.0
CUST13111,10,33834.59,3383.459,7993.94,0,19.156,0.2,0.0
CUST13112,10,64461.090000000004,6446.109,18635.13,0,21.994,0.0,0.0
CUST13113,10,31530.309999999998,3153.031,12202.44,0,17.589,0.2,0.0
CUST13114,10,25875.88,2587.588,8738.47,1,21.428,1.0,10.0
CUST13115,10,31046.8,3104.68,9960.19,0,18.722,0.2,0.0
CUST13116,10,42597.75,4259.775,15469.81,0,17.85,0.5,0.0
CUST13117,10,34217.700000000004,3421.7700000000004,9560.7,0,24.755,0.6,0.0
CUST13118,10,21235.39,2123.5389999999998,7021.08,0,16.472,0.6,0.0
CUST13119,10,40369.27,4036.9269999999997,10661.51,0,20.968,0.1,0.0
CUST13120,10,24512.87,2451.287,5238.31,0,15.383000000000001,0.5,0.0
CUST13121,10,25404.59,2540.459,5730.33,0,27.967000000000002,0.6,0.0
CUST13122,10,27955.559999999998,2795.5559999999996,9624.59,0,23.71,0.4,0.0
CUST13123,10,23633.87,2363.3869999999997,8846.33,0,16.98,0.4,0.0
CUST13124,10,41883.69,4188.369000000001,15037.49,0,22.878999999999998,0.5,0.0
CUST13125,10,52309.01,5230.901,20960.38,0,22.568,0.3,0.0
CUST13126,10,46888.04,4688.804,15533.17,0,21.343,0.1,0.0
CUST13127,10,27336.38,2733.638,7183.66,0,15.599,0.5,0.0
CUST13128,10,38112.17,3811.2169999999996,13787.67,0,27.546,0.7,0.0
CUST13129,10,25351.59,2535.159,6152.15,0,19.455000000000002,0.0,0.0
CUST13130,10,21824.81,2182.481,5557.96,0,16.954,0.4,0.0
CUST13131,10,30190.05,3019.005,6920.53,2,26.744,1.4,20.0
CUST13132,10,40532.840000000004,4053.2840000000006,13068.99,0,21.991999999999997,0.1,0.0
CUST13133,10,23253.36,2325.3360000000002,9218.42,0,26.917,0.4,0.0
CUST13134,10,46664.71,4666.471,18863.98,0,23.788999999999998,0.3,0.0
CUST13135,10,36446.77,3644.6769999999997,11774.3,0,22.872,0.1,0.0
CUST13136,10,36074.64,3607.464,10848.96,1,14.709,0.3,10.0
CUST13137,10,55813.56,5581.356,25119.42,1,19.038,0.2,10.0
CUST13138,10,30271.42,3027.142,6478.48,0,17.041,0.3,0.0
CUST13139,10,21116.14,2111.614,5448.39,0,17.857999999999997,0.5,0.0
CUST13140,10,35652.4,3565.2400000000002,21679.83,0,29.036,0.0,0.0
CUST13141,10,50391.31,5039.130999999999,14494.23,0,26.122000000000003,0.5,0.0
CUST13142,10,25369.11,2536.911,5898.69,1,16.854,0.6,10.0
CUST13143,10,32763.37,3276.337,12811.89,0,22.718,0.4,0.0
CUST13144,10,72555.41,7255.541,30199.33,2,25.856,0.7,20.0
CUST13145,10,33427.95,3342.7949999999996,7383.11,0,25.04,0.2,0.0
CUST13146,10,47681.61,4768.161,13344.07,0,15.831,0.4,0.0
CUST13147,10,35865.3,3586.53,7949.87,0,20.41,0.6,0.0
CUST13148,10,30998.66,3099.866,7677.36,0,24.142,0.4,0.0
CUST13149,10,90049.17,9004.917,27970.55,1,18.643,0.2,10.0
CUST13150,10,54062.19,5406.219,19805.75,0,17.442,0.8,0.0
CUST13151,10,35505.43,3550.543,8835.34,1,18.958000000000002,0.2,10.0
CUST13152,10,73513.03,7351.303,34209.55,1,20.676,0.2,10.0
CUST13153,10,65628.19,6562.819,35341.9,1,21.295,0.3,10.0
CUST13154,10,40401.06,4040.1059999999998,9697.65,0,20.043,0.7,0.0
CUST13155,10,37848.28,3784.828,14839.55,0,17.489,0.5,0.0
CUST13156,10,53398.259999999995,5339.825999999999,27265.46,0,26.964,0.3,0.0
CUST13157,10,20079.829999999998,2007.9829999999997,4571.82,0,23.663,0.6,0.0
CUST13158,10,26602.65,2660.2650000000003,6602.49,0,13.751,0.1,0.0
CUST13159,10,57827.86,5782.786,25381.27,0,21.322,0.5,0.0
CUST13160,10,33689.68,3368.968,8192.98,0,20.383,0.2,0.0
CUST13161,10,44447.69,4444.769,11605.9,2,19.893,0.2,20.0
CUST13162,10,66098.86,6609.886,22614.63,1,15.254,0.1,10.0
CUST13163,10,34636.15,3463.6150000000002,15178.7,1,28.159000000000002,0.8,10.0
CUST13164,10,46686.38,4668.638,12050.5,0,20.764,0.3,0.0
CUST13165,10,30340.5,3034.05,7739.57,1,25.309,0.5,10.0
CUST13166,10,37964.86,3796.486,12148.71,0,25.594,0.4,0.0
CUST13167,10,62199.04,6219.904,25998.16,0,19.104,0.3,0.0
CUST13168,10,69146.58,6914.658,42047.83,0,18.919,0.4,0.0
CUST13169,10,37704.47,3770.447,11166.4,0,25.111,0.5,0.0
CUST13170,10,94565.73,9456.573,59815.87,0,15.181000000000001,0.3,0.0
CUST13171,10,43518.76,4351.876,13982.43,0,14.330000000000002,0.6,0.0
CUST13172,10,55931.240000000005,5593.124000000001,16287.36,1,25.639,0.2,10.0
CUST13173,10,39040.96,3904.096,11208.41,0,20.509,0.3,0.0
CUST13174,10,20009.1,2000.9099999999999,3596.18,1,26.282,0.5,10.0
CUST13175,10,32396.39,3239.639,15142.58,1,25.889,0.6,10.0
CUST13176,10,29377.96,2937.796,12552.42,0,23.396,0.3,0.0
CUST13177,10,43923.83,4392.383,16997.12,1,21.616999999999997,0.4,10.0
CUST13178,10,59598.89,5959.889,20986.31,0,20.755,0.3,0.0
CUST13179,10,58526.22,5852.622,23029.74,0,24.288,0.3,0.0
CUST13180,10,25009.52,2500.952,10972.36,0,22.518,0.1,0.0
CUST13181,10,25783.1,2578.31,10108.58,0,19.798,0.6,0.0
CUST13182,10,34528.83,3452.8830000000003,7636.3,0,18.928,0.3,0.0
CUST13183,10,28141.879999999997,2814.1879999999996,9819.49,0,18.798000000000002,0.2,0.0
CUST13184,10,54945.33,5494.533,26225.79,0,14.344,0.3,0.0
CUST13185,10,105127.85999999999,10512.785999999998,55258.31,0,18.743,0.1,0.0
CUST13186,10,41014.49,4101.449,15817.41,0,20.53,0.3,0.0
CUST13187,10,27318.260000000002,2731.826,6804.67,0,12.434999999999999,0.3,0.0
CUST13188,10,43207.36,4320.736,17677.89,0,13.600999999999999,0.1,0.0
CUST13189,10,37363.14,3736.314,7961.56,0,15.825,0.5,0.0
CUST13190,10,30430.25,3043.025,12259.09,0,20.855,0.3,0.0
CUST13191,10,26048.53,2604.853,5691.61,0,28.743000000000002,0.6,0.0
CUST13192,10,27437.27,2743.727,7182.39,1,26.546999999999997,0.5,10.0
CUST13193,10,26572.54,2657.254,7371.33,1,25.884000000000004,0.7,10.0
CUST13194,10,27232.850000000002,2723.2850000000003,7076.97,0,26.262,0.5,0.0
CUST13195,10,27228.7,2722.87,5338.13,0,22.843,0.3,0.0
CUST13196,10,27365.52,2736.552,5731.67,0,17.532999999999998,0.4,0.0
CUST13197,10,60223.09,6022.308999999999,29168.18,0,26.691000000000003,0.7,0.0
CUST13198,10,41732.770000000004,4173.277,8891.43,0,26.752,0.7,0.0
CUST13199,10,34310.64,3431.064,9369.84,2,21.527,0.6,20.0
CUST13200,10,32875.63,3287.5629999999996,13897.63,0,22.801,0.2,0.0
CUST13201,10,48778.36,4877.836,15092.45,1,20.032999999999998,0.1,10.0
CUST13202,10,19809.46,1980.946,5925.47,0,18.963,0.6,0.0
CUST13203,10,31416.43,3141.643,8867.98,0,27.373,0.2,0.0
CUST13204,10,39646.69,3964.6690000000003,10779.36,1,25.292,0.4,10.0
CUST13205,10,121510.32,12151.032000000001,39895.26,0,9.705,0.4,0.0
CUST13206,10,23081.17,2308.1169999999997,7013.3,0,14.696000000000002,0.8,0.0
CUST13207,10,34052.59,3405.2589999999996,8498.01,1,14.15,0.1,10.0
CUST13208,10,46913.42,4691.342,14745.38,0,14.932999999999998,0.2,0.0
CUST13209,10,55576.63,5557.663,23512.04,0,17.878,1.0,0.0
CUST13210,10,29376.65,2937.665,14696.29,0,24.329,0.3,0.0
CUST13211,10,54157.69,5415.769,29604.82,0,21.168,0.2,0.0
CUST13212,10,46004.79,4600.479,12683.26,0,17.029,0.5,0.0
CUST13213,10,49407.4,4940.74,12799.95,0,12.898,0.2,0.0
CUST13214,10,54109.57,5410.957,25542.28,0,15.163,0.3,0.0
CUST13215,10,39550.78,3955.078,10263.01,0,11.826,0.7,0.0
CUST13216,10,45168.68,4516.868,9357.23,0,21.581,0.4,0.0
CUST13217,10,42493.29,4249.329,16156.81,0,18.027,0.1,0.0
CUST13218,10,21125.41,2112.541,9732.62,0,20.009999999999998,0.5,0.0
CUST13219,10,47279.759999999995,4727.976,14828.8,0,20.273,0.6,0.0
CUST13220,10,30619.920000000002,3061.992,7079.82,0,19.819,0.3,0.0
CUST13221,10,67494.73,6749.473,35860.8,0,20.171,0.6,0.0
CUST13222,10,37601.950000000004,3760.1950000000006,21500.65,0,18.844,0.1,0.0
CUST13223,10,24402.33,2440.233,4661.39,2,31.524,0.9,20.0
CUST13224,10,43837.68,4383.768,13631.79,0,20.368000000000002,0.4,0.0
CUST13225,10,56166.43,5616.643,23971.36,0,16.481,0.7,0.0
CUST13226,10,29978.61,2997.861,9673.62,0,28.317,0.3,0.0
CUST13227,10,42804.28,4280.428,18048.57,1,15.847,0.4,10.0
CUST13228,10,23278.5,2327.85,5787.42,0,17.944,0.2,0.0
CUST13229,10,44687.01,4468.701,15281.87,1,23.830000000000002,0.5,10.0
CUST13230,10,44215.64,4421.564,12022.11,1,20.047,0.2,10.0
CUST13231,10,30415.9,3041.59,12654.63,0,27.807,0.5,0.0
CUST13232,10,21500.29,2150.029,7315.26,0,14.512,0.5,0.0
CUST13233,10,46762.740000000005,4676.274,17916.13,0,19.711000000000002,0.2,0.0
CUST13234,10,13715.51,1371.551,2203.74,0,18.637,0.3,0.0
CUST13235,10,24354.649999999998,2435.4649999999997,6909.92,0,12.469999999999999,0.1,0.0
CUST13236,10,44677.43,4467.743,12793.79,0,21.855,0.4,0.0
CUST13237,10,72982.66,7298.2660000000005,32608.24,0,19.213,0.6,0.0
CUST13238,10,45659.39,4565.939,10404.17,0,18.596,0.5,0.0
CUST13239,10,34169.66,3416.9660000000003,8016.69,0,20.031,0.8,0.0
CUST13240,10,60316.83,6031.683,15390.3,0,21.990000000000002,0.2,0.0
CUST13241,10,102405.83,10240.583,74459.89,0,18.357999999999997,0.4,0.0
CUST13242,10,77703.15000000001,7770.3150000000005,16034.08,0,14.15,0.0,0.0
CUST13243,10,22636.02,2263.602,4501.86,0,28.689999999999998,0.3,0.0
CUST13244,10,47557.39,4755.739,18347.26,1,34.637,0.9,10.0
CUST13245,10,61567.84,6156.784,31503.1,0,15.038,0.4,0.0
CUST13246,10,30093.29,3009.329,6304.75,0,30.814999999999998,0.4,0.0
CUST13247,10,52794.86,5279.486,13316.43,0,25.427999999999997,0.3,0.0
CUST13248,10,58564.21,5856.421,11731.36,0,19.703,0.7,0.0
CUST13249,10,68870.06,6887.005999999999,28703.97,0,22.447,0.5,0.0
CUST13250,10,47329.829999999994,4732.982999999999,17391.82,0,21.019,0.6,0.0
CUST13251,10,38016.01,3801.601,13590.32,0,17.47,0.3,0.0
CUST13252,10,62723.17999999999,6272.317999999999,40147.56,0,22.089,0.0,0.0
CUST13253,10,31833.260000000002,3183.326,6678.02,0,15.874,0.5,0.0
CUST13254,10,32238.16,3223.816,9476.79,0,13.804999999999998,0.4,0.0
CUST13255,10,79614.41,7961.441000000001,34470.54,0,22.224,0.5,0.0
CUST13256,10,43503.04,4350.304,14937.84,0,23.342000000000002,0.3,0.0
CUST13257,10,35429.21,3542.921,7130.22,0,18.952,0.5,0.0
CUST13258,10,57966.26,5796.626,23888.93,0,19.852,0.4,0.0
CUST13259,10,39582.76,3958.2760000000003,10170.89,0,28.379,0.7,0.0
CUST13260,10,29262.69,2926.269,9617.74,1,23.044,0.2,10.0
CUST13261,10,65970.43,6597.043,21135.11,1,19.408,0.3,10.0
CUST13262,10,56022.43,5602.243,14271.99,0,17.035,0.5,0.0
CUST13263,10,93040.43,9304.043,37752.95,0,18.878,0.0,0.0
CUST13264,10,57932.03,5793.2029999999995,29551.03,2,27.865999999999996,0.7,20.0
CUST13265,10,53555.3,5355.530000000001,17568.44,1,28.788,0.2,10.0
CUST13266,10,45892.850000000006,4589.285000000001,8939.6,0,22.441,0.1,0.0
CUST13267,10,46506.09,4650.6089999999995,18430.61,0,21.198,0.6,0.0
CUST13268,10,25330.71,2533.071,13632.92,0,21.628,0.3,0.0
CUST13269,10,27785.260000000002,2778.5260000000003,7396.54,0,24.613,0.3,0.0
CUST13270,10,30549.24,3054.924,11584.24,0,20.865000000000002,0.2,0.0
CUST13271,10,46305.46,4630.546,18669.66,1,18.750999999999998,0.5,10.0
CUST13272,10,43577.04,4357.704,17372.11,0,21.442,0.2,0.0
CUST13273,10,64815.659999999996,6481.566,21182.55,0,28.512999999999998,0.3,0.0
CUST13274,10,32711.94,3271.194,6350.15,0,17.416,0.4,0.0
CUST13275,10,50651.4,5065.14,11157.1,0,18.662,0.3,0.0
CUST13276,10,17549.34,1754.934,3857.55,0,20.466,0.3,0.0
CUST13277,10,38265.35,3826.535,13269.4,0,23.119,0.2,0.0
CUST13278,10,33759.03,3375.903,9120.53,1,20.692,0.6,10.0
CUST13279,10,18594.129999999997,1859.4129999999998,3518.18,1,21.644,0.3,10.0
CUST13280,10,25570.510000000002,2557.0510000000004,9048.08,0,14.038,0.7,0.0
CUST13281,10,51786.2,5178.62,16462.39,0,20.597,0.5,0.0
CUST13282,10,131133.77000000002,13113.377000000002,100842.21,0,28.529000000000003,1.1,0.0
CUST13283,10,52091.799999999996,5209.179999999999,17651.78,0,12.751000000000001,0.2,0.0
CUST13284,10,66443.23000000001,6644.323000000001,26883.65,0,15.924000000000001,0.2,0.0
CUST13285,10,62053.3,6205.33,22599.43,0,15.707999999999998,0.0,0.0
CUST13286,10,55569.01,5556.901,19996.85,0,20.085,0.4,0.0
CUST13287,10,38673.19,3867.3190000000004,13073.18,0,21.522,0.2,0.0
CUST13288,10,22888.82,2288.882,5748.76,0,21.585,0.4,0.0
CUST13289,10,33867.54,3386.754,8455.91,0,16.082,0.3,0.0
CUST13290,10,32868.76,3286.876,11221.78,0,19.395,0.3,0.0
CUST13291,10,60775.4,6077.54,19103.71,0,22.989,0.3,0.0
CUST13292,10,66715.22,6671.522,22332.83,1,28.101999999999997,0.2,10.0
CUST13293,10,63636.85,6363.6849999999995,40021.23,1,16.241999999999997,0.4,10.0
CUST13294,10,48859.92,4885.992,17506.94,0,21.025,0.1,0.0
CUST13295,10,42977.97,4297.7970000000005,10824.14,1,16.025,0.3,10.0
CUST13296,10,51499.350000000006,5149.935,11846.84,0,23.788,0.7,0.0
CUST13297,10,40363.92,4036.392,13755.02,0,13.979,0.5,0.0
CUST13298,10,38442.31,3844.2309999999998,13287.66,0,20.398000000000003,0.4,0.0
CUST13299,10,51482.439999999995,5148.244,29481.87,1,11.972,0.6,10.0
CUST13300,10,30795.87,3079.587,6726.63,0,21.031,0.9,0.0
CUST13301,10,41271.13,4127.112999999999,12275.96,2,23.541000000000004,0.4,20.0
CUST13302,10,78784.44,7878.444,35858.13,0,17.136000000000003,0.1,0.0
CUST13303,10,47631.93,4763.193,14362.51,0,17.029,0.3,0.0
CUST13304,10,19317.52,1931.752,4766.87,0,18.244,0.1,0.0
CUST13305,10,32309.94,3230.9939999999997,12850.85,0,20.838,0.1,0.0
CUST13306,10,35876.990000000005,3587.6990000000005,10959.53,0,22.662,0.5,0.0
CUST13307,10,37726.049999999996,3772.6049999999996,11544.67,0,10.626999999999999,0.2,0.0
CUST13308,10,66699.91,6669.991,41620.72,1,20.187,0.6,10.0
CUST13309,10,25284.47,2528.447,4544.58,1,18.399,0.2,10.0
CUST13310,10,43699.049999999996,4369.905,11226.88,1,16.849,0.6,10.0
CUST13311,10,27297.17,2729.7169999999996,5630.86,0,24.817,0.6,0.0
CUST13312,10,35439.55,3543.9550000000004,5468.47,0,16.902,0.4,0.0
CUST13313,10,54208.29,5420.829,17147.76,0,20.105,0.1,0.0
CUST13314,10,41336.37,4133.637000000001,19999.12,0,17.697,0.3,0.0
CUST13315,10,56102.7,5610.2699999999995,10827.88,1,21.755000000000003,0.6,10.0
CUST13316,10,37227.49,3722.749,8461.67,0,30.403,0.7,0.0
CUST13317,10,37709.42,3770.942,10521.34,0,24.57,0.1,0.0
CUST13318,10,27807.97,2780.797,7467.64,0,17.224,0.3,0.0
CUST13319,10,24613.83,2461.3830000000003,5062.7,0,14.62,0.2,0.0
CUST13320,10,33766.58,3376.6580000000004,7035.4,0,18.508,0.2,0.0
CUST13321,10,15365.38,1536.538,5029.42,1,21.176,0.2,10.0
CUST13322,10,97508.47,9750.847,34753.36,0,24.582,0.3,0.0
CUST13323,10,28685.91,2868.591,7438.96,0,14.368,0.4,0.0
CUST13324,10,44467.47,4446.747,8680.1,0,23.94,0.1,0.0
CUST13325,10,25410.83,2541.083,10557.59,0,19.134999999999998,0.2,0.0
CUST13326,10,63165.38,6316.538,27707.9,0,25.605,0.1,0.0
CUST13327,10,90034.48,9003.448,31564.39,0,20.912,0.4,0.0
CUST13328,10,19936.85,1993.685,6071.2,0,22.488999999999997,0.4,0.0
CUST13329,10,28793.16,2879.316,7676.8,1,21.990000000000002,0.5,10.0
CUST13330,10,22465.83,2246.583,7658.14,1,20.032,0.4,10.0
CUST13331,10,31820.78,3182.078,9478.19,0,33.122,0.7,0.0
CUST13332,10,19530.72,1953.0720000000001,3522.15,0,24.439,0.2,0.0
CUST13333,10,73739.39,7373.939,30523.25,0,25.448,0.2,0.0
CUST13334,10,38186.88,3818.6879999999996,6510.5,0,21.121000000000002,0.2,0.0
CUST13335,10,54698.0,5469.8,34111.92,1,26.252999999999997,0.4,10.0
CUST13336,10,36723.32,3672.332,12442.01,0,27.704,0.2,0.0
CUST13337,10,27108.78,2710.8779999999997,9043.71,0,22.092,0.5,0.0
CUST13338,10,28611.37,2861.1369999999997,5855.36,0,19.637,0.4,0.0
CUST13339,10,31217.06,3121.706,6862.84,0,25.209,0.1,0.0
CUST13340,10,34776.11,3477.611,12926.8,0,16.426,0.4,0.0
CUST13341,10,87494.16,8749.416000000001,43035.75,0,22.741,0.4,0.0
CUST13342,10,31428.36,3142.8360000000002,7536.54,0,15.940999999999999,0.2,0.0
CUST13343,10,34488.149999999994,3448.8149999999996,8810.14,0,21.204,0.3,0.0
CUST13344,10,113970.17,11397.017,45788.95,0,23.091,0.3,0.0
CUST13345,10,32934.75,3293.475,9043.1,0,27.060000000000002,0.5,0.0
CUST13346,10,29339.22,2933.922,7962.02,0,29.024,0.9,0.0
CUST13347,10,162696.83,16269.682999999999,133851.59,0,18.884,0.1,0.0
CUST13348,10,88541.8,8854.18,38909.57,1,17.083,0.4,10.0
CUST13349,10,46124.93,4612.493,13643.75,0,24.477,0.3,0.0
CUST13350,10,41964.479999999996,4196.447999999999,14863.41,0,22.163,0.4,0.0
CUST13351,10,30240.850000000002,3024.085,8203.26,0,16.325,0.3,0.0
CUST13352,10,51103.43,5110.343,9122.56,0,22.968,0.2,0.0
CUST13353,10,64876.95,6487.695,41823.68,0,18.538999999999998,0.6,0.0
CUST13354,10,60662.81,6066.281,17771.92,0,19.625999999999998,0.4,0.0
CUST13355,10,29783.22,2978.322,8845.57,0,17.826,0.5,0.0
CUST13356,10,56366.12,5636.612,16191.37,0,25.993000000000002,0.5,0.0
CUST13357,10,115067.79,11506.778999999999,85764.01,0,22.316,0.3,0.0
CUST13358,10,27836.4,2783.6400000000003,8432.13,0,26.999000000000002,0.1,0.0
CUST13359,10,35378.21,3537.821,11778.01,0,20.444,0.1,0.0
CUST13360,10,70927.77,7092.777,22660.25,0,25.299,0.1,0.0
CUST13361,10,48570.380000000005,4857.0380000000005,11886.74,1,26.778,0.3,10.0
CUST13362,10,43554.46,4355.446,15133.13,1,19.029000000000003,0.2,10.0
CUST13363,10,21171.75,2117.175,5029.44,0,16.354999999999997,0.2,0.0
CUST13364,10,39957.91,3995.791,10287.16,1,19.987000000000002,0.2,10.0
CUST13365,10,45660.98,4566.098,13578.54,0,20.786,0.3,0.0
CUST13366,10,20641.35,2064.1349999999998,6743.17,0,17.923000000000002,0.3,0.0
CUST13367,10,18960.22,1896.0220000000002,6027.49,0,18.472,0.1,0.0
CUST13368,10,27756.46,2775.6459999999997,6231.27,0,21.511000000000003,0.5,0.0
CUST13369,10,41861.01,4186.101000000001,9354.74,0,26.124000000000002,0.5,0.0
CUST13370,10,26750.649999999998,2675.0649999999996,9048.48,1,21.387,0.4,10.0
CUST13371,10,34139.5,3413.95,9731.34,0,18.174,0.5,0.0
CUST13372,10,17722.19,1772.2189999999998,4530.28,1,19.919999999999998,1.2,10.0
CUST13373,10,47881.759999999995,4788.1759999999995,26779.1,1,25.490000000000002,0.6,10.0
CUST13374,10,21362.76,2136.276,6639.38,0,20.378,0.3,0.0
CUST13375,10,31968.46,3196.846,8684.63,0,17.746000000000002,0.4,0.0
CUST13376,10,69918.90000000001,6991.890000000001,46239.8,0,17.093,0.2,0.0
CUST13377,10,55309.3,5530.93,10979.65,0,19.179,0.4,0.0
CUST13378,10,64125.12,6412.512000000001,15803.79,0,20.565,0.2,0.0
CUST13379,10,20741.61,2074.161,4723.49,0,16.523,0.6,0.0
CUST13380,10,24442.33,2444.233,6016.74,0,18.36,0.1,0.0
CUST13381,10,38966.659999999996,3896.6659999999997,21982.66,0,17.236,0.1,0.0
CUST13382,10,31694.309999999998,3169.4309999999996,9776.07,0,19.607999999999997,0.3,0.0
CUST13383,10,136489.22,13648.922,84072.12,0,15.932999999999998,0.4,0.0
CUST13384,10,28916.12,2891.612,5018.53,1,26.445999999999998,0.1,10.0
CUST13385,10,56380.96,5638.096,23749.46,0,21.637999999999998,0.5,0.0
CUST13386,10,56924.490000000005,5692.4490000000005,29564.56,0,20.668,0.2,0.0
CUST13387,10,51968.5,5196.85,24578.13,0,20.187,0.6,0.0
CUST13388,10,50156.79,5015.679,11841.43,0,27.556,0.3,0.0
CUST13389,10,90456.57,9045.657000000001,52487.4,1,28.988999999999997,0.3,10.0
CUST13390,10,47558.340000000004,4755.834000000001,16019.93,0,34.400999999999996,1.1,0.0
CUST13391,10,50712.93,5071.293,29326.13,0,22.415,0.4,0.0
CUST13392,10,38543.15,3854.315,8174.36,0,22.598,0.7,0.0
CUST13393,10,121831.29,12183.128999999999,72564.94,0,16.935,0.5,0.0
CUST13394,10,47679.32,4767.932,23837.57,0,18.339,0.1,0.0
CUST13395,10,48611.57,4861.157,15035.23,1,18.541,0.2,10.0
CUST13396,10,23581.48,2358.148,5082.48,0,17.2,0.2,0.0
CUST13397,10,28791.64,2879.1639999999998,8544.56,0,24.529,0.2,0.0
CUST13398,10,21339.11,2133.911,3070.01,2,34.916000000000004,0.8,20.0
CUST13399,10,27233.13,2723.313,6406.22,0,18.002000000000002,0.1,0.0
CUST13400,10,32139.09,3213.909,14039.62,0,20.025,0.9,0.0
CUST13401,10,44256.85,4425.6849999999995,14865.43,0,27.810000000000002,0.3,0.0
CUST13402,10,37397.79,3739.779,16738.36,0,20.813,0.2,0.0
CUST13403,10,68354.84,6835.4839999999995,16056.55,0,17.136,0.3,0.0
CUST13404,10,47001.130000000005,4700.113,9867.66,0,12.805000000000001,0.3,0.0
CUST13405,10,44056.57,4405.657,8801.29,2,28.572000000000003,0.9,20.0
CUST13406,10,42767.57,4276.757,11100.34,0,14.099,0.2,0.0
CUST13407,10,72998.11,7299.811,26055.22,0,21.322,0.2,0.0
CUST13408,10,23182.489999999998,2318.249,11594.06,0,15.361,0.4,0.0
CUST13409,10,30129.78,3012.978,7415.97,1,21.715,0.6,10.0
CUST13410,10,41297.58,4129.758,12617.38,0,19.035,0.4,0.0
CUST13411,10,46328.82,4632.882,9250.7,1,22.373,0.3,10.0
CUST13412,10,28524.37,2852.437,6521.5,0,14.169,0.4,0.0
CUST13413,10,23377.86,2337.786,4816.81,0,23.305,0.2,0.0
CUST13414,10,23355.1,2335.5099999999998,6779.16,0,17.389,0.5,0.0
CUST13415,10,42857.520000000004,4285.752,13329.29,0,21.446,0.1,0.0
CUST13416,10,34153.33,3415.333,16327.13,1,25.089000000000002,0.6,10.0
CUST13417,10,38095.17,3809.517,16787.55,0,19.759999999999998,0.1,0.0
CUST13418,10,68788.86,6878.886,39571.63,0,19.553,0.6,0.0
CUST13419,10,163335.49,16333.548999999999,113936.47,1,18.697,0.7,10.0
CUST13420,10,44215.270000000004,4421.527,31755.32,0,19.406,0.7,0.0
CUST13421,10,43047.36,4304.736,8079.42,0,24.634,0.3,0.0
CUST13422,10,41930.060000000005,4193.006,9393.93,0,23.528,0.5,0.0
CUST13423,10,37359.03,3735.903,9097.38,0,20.017000000000003,0.4,0.0
CUST13424,10,20575.440000000002,2057.5440000000003,5474.52,0,23.715,0.3,0.0
CUST13425,10,40422.65,4042.2650000000003,14161.22,0,20.184,0.3,0.0
CUST13426,10,55892.49,5589.249,11746.16,1,15.430000000000001,0.1,10.0
CUST13427,10,47892.11,4789.211,13503.99,0,24.645,0.6,0.0
CUST13428,10,23835.7,2383.57,5391.35,0,19.168,0.1,0.0
CUST13429,10,62121.89,6212.189,27845.69,0,18.528,0.4,0.0
CUST13430,10,24504.27,2450.427,7810.59,0,30.316000000000003,0.9,0.0
CUST13431,10,32872.3,3287.2300000000005,10580.61,0,27.067,0.5,0.0
CUST13432,10,40959.17,4095.917,13876.59,1,19.736,0.2,10.0
CUST13433,10,24164.399999999998,2416.4399999999996,4593.45,0,20.736,0.0,0.0
CUST13434,10,24773.989999999998,2477.399,6275.32,0,19.738,0.3,0.0
CUST13435,10,68155.87,6815.5869999999995,20727.68,0,13.264,0.3,0.0
CUST13436,10,92176.23000000001,9217.623000000001,35593.12,0,18.732999999999997,0.4,0.0
CUST13437,10,23355.579999999998,2335.558,7162.47,0,21.072,0.2,0.0
CUST13438,10,70898.31999999999,7089.831999999999,39834.67,0,20.747999999999998,0.3,0.0
CUST13439,10,23928.97,2392.897,3721.91,0,18.613,0.4,0.0
CUST13440,10,34315.62,3431.5620000000004,5256.08,0,18.27,0.2,0.0
CUST13441,10,50810.64,5081.064,13098.51,0,16.098,0.3,0.0
CUST13442,10,39127.35,3912.7349999999997,18572.12,0,18.738,0.5,0.0
CUST13443,10,63633.71,6363.371,19423.1,0,21.065,0.8,0.0
CUST13444,10,26476.879999999997,2647.6879999999996,8376.64,0,18.401999999999997,0.3,0.0
CUST13445,10,31986.76,3198.676,7444.34,2,29.216,0.6,20.0
CUST13446,10,33285.590000000004,3328.559,10356.68,0,23.517000000000003,0.0,0.0
CUST13447,10,60170.4,6017.04,21390.47,0,24.969,0.3,0.0
CUST13448,10,49113.93,4911.393,19899.36,0,24.809,0.0,0.0
CUST13449,10,54143.54,5414.354,21510.72,0,21.756999999999998,0.3,0.0
CUST13450,10,30938.17,3093.817,13569.81,0,18.416,0.0,0.0
CUST13451,10,55478.26,5547.826,23928.86,0,25.009,0.1,0.0
CUST13452,10,33881.43,3388.143,13686.15,0,18.216,0.3,0.0
CUST13453,10,42650.64,4265.064,6539.75,0,17.948,0.3,0.0
CUST13454,10,20499.98,2049.998,4706.38,0,19.1,0.5,0.0
CUST13455,10,39428.36,3942.8360000000002,8685.43,1,17.903,0.5,10.0
CUST13456,10,50617.95,5061.795,17751.92,0,15.699000000000002,0.5,0.0
CUST13457,10,58109.68,5810.968,11032.69,0,22.851,0.1,0.0
CUST13458,10,47131.11,4713.111,10376.82,0,17.412,0.2,0.0
CUST13459,10,126293.44,12629.344000000001,106342.11,0,20.228,0.4,0.0
CUST13460,10,40927.64,4092.764,10455.23,0,19.96,0.7,0.0
CUST13461,10,58946.76,5894.676,26149.74,0,13.912,0.1,0.0
CUST13462,10,39393.29,3939.329,12174.98,0,20.606,0.6,0.0
CUST13463,10,25022.49,2502.2490000000003,5220.84,1,22.191,0.9,10.0
CUST13464,10,32941.92,3294.192,12312.55,0,25.413,0.3,0.0
CUST13465,10,48552.41,4855.241,10517.85,0,25.727999999999998,0.5,0.0
CUST13466,10,22253.84,2225.384,5487.66,1,21.668,0.5,10.0
CUST13467,10,76004.88,7600.488,45887.48,0,21.016,0.2,0.0
CUST13468,10,62733.939999999995,6273.393999999999,29385.37,0,20.262,0.2,0.0
CUST13469,10,44200.61,4420.061,14538.79,0,24.643,0.4,0.0
CUST13470,10,46795.79,4679.579,11444.77,0,23.737000000000002,0.3,0.0
CUST13471,10,39434.47,3943.447,16800.67,0,21.589000000000002,0.7,0.0
CUST13472,10,61637.49,6163.749,16839.67,0,17.175,0.3,0.0
CUST13473,10,43436.16,4343.616,17288.9,0,22.160999999999998,0.3,0.0
CUST13474,10,58105.55,5810.555,19812.58,0,15.081999999999999,0.5,0.0
CUST13475,10,30396.65,3039.665,6025.51,0,21.762999999999998,0.6,0.0
CUST13476,10,28380.54,2838.054,8362.5,1,26.136000000000003,0.7,10.0
CUST13477,10,43378.08,4337.808,11938.09,0,22.053,0.3,0.0
CUST13478,10,37888.869999999995,3788.8869999999997,10769.0,0,22.041,0.3,0.0
CUST13479,10,47656.4,4765.64,21947.1,1,14.257,0.2,10.0
CUST13480,10,39330.4,3933.04,9585.37,3,18.213,0.5,30.0
CUST13481,10,49342.39,4934.239,9518.82,0,18.504,0.4,0.0
CUST13482,10,68140.97,6814.097,32326.89,0,25.186,0.5,0.0
CUST13483,10,39143.13,3914.3129999999996,9131.43,0,16.988,0.6,0.0
CUST13484,10,31331.05,3133.105,9766.02,0,17.986,0.1,0.0
CUST13485,10,37776.79,3777.679,12227.64,0,16.409,0.3,0.0
CUST13486,10,48390.26,4839.026,13530.29,0,13.663,0.7,0.0
CUST13487,10,63153.659999999996,6315.366,34940.25,0,26.187,0.4,0.0
CUST13488,10,34028.71,3402.871,9518.7,0,21.351999999999997,0.1,0.0
CUST13489,10,20633.14,2063.314,10033.95,0,16.968,0.2,0.0
CUST13490,10,32283.690000000002,3228.369,8019.37,0,12.609,0.3,0.0
CUST13491,10,79218.72,7921.872,47643.87,0,17.122999999999998,0.3,0.0
CUST13492,10,37589.63,3758.9629999999997,9781.78,1,15.422,0.4,10.0
CUST13493,10,32857.57,3285.757,9117.35,0,18.181,0.1,0.0
CUST13494,10,63661.76,6366.176,23741.31,0,16.862000000000002,0.5,0.0
CUST13495,10,46058.380000000005,4605.838000000001,12630.03,0,15.135,0.3,0.0
CUST13496,10,26819.62,2681.962,9288.46,1,24.147,0.2,10.0
CUST13497,10,26888.18,2688.818,6903.1,1,19.981,0.2,10.0
CUST13498,10,35582.4,3558.2400000000002,13191.5,0,19.907,0.4,0.0
CUST13499,10,38744.66,3874.4660000000003,9213.51,0,20.857,0.2,0.0
CUST13500,10,37341.75,3734.175,11041.75,1,19.633,0.4,10.0
CUST13501,10,37907.31,3790.7309999999998,7794.85,0,21.75,0.3,0.0
CUST13502,10,25007.23,2500.723,9926.15,0,21.479,0.3,0.0
CUST13503,10,34430.520000000004,3443.0520000000006,9212.77,0,17.026,0.6,0.0
CUST13504,10,26037.85,2603.785,7970.28,0,23.66,0.4,0.0
CUST13505,10,45638.92,4563.892,10777.47,1,23.412,0.4,10.0
CUST13506,10,33501.63,3350.1629999999996,7715.88,0,22.982,0.3,0.0
CUST13507,10,42529.29,4252.929,16851.11,0,17.256999999999998,0.2,0.0
CUST13508,10,40618.130000000005,4061.8130000000006,16171.69,0,15.222,0.1,0.0
CUST13509,10,43174.03,4317.403,11295.69,0,14.574000000000002,0.2,0.0
CUST13510,10,78502.51000000001,7850.251000000001,26006.7,0,24.419999999999998,0.3,0.0
CUST13511,10,50160.92,5016.092,21645.21,0,18.15,0.1,0.0
CUST13512,10,19935.34,1993.534,4047.46,0,16.535,0.3,0.0
CUST13513,10,22503.05,2250.305,4411.19,1,20.095,0.2,10.0
CUST13514,10,28456.84,2845.684,5631.53,0,22.461,0.6,0.0
CUST13515,10,44571.75,4457.175,12314.98,0,20.902,0.1,0.0
CUST13516,10,83507.73000000001,8350.773000000001,34706.44,0,26.189999999999998,0.2,0.0
CUST13517,10,20740.170000000002,2074.0170000000003,4814.02,0,14.879,0.2,0.0
CUST13518,10,39878.67,3987.8669999999997,11497.92,0,23.661,0.1,0.0
CUST13519,10,42345.119999999995,4234.512,16228.38,0,16.881,0.3,0.0
CUST13520,10,31268.36,3126.8360000000002,5502.89,0,18.627000000000002,0.4,0.0
CUST13521,10,45018.29,4501.829,19597.04,0,13.857999999999999,0.5,0.0
CUST13522,10,20588.21,2058.821,6248.13,1,15.684000000000001,0.7,10.0
CUST13523,10,42490.25,4249.025,14887.74,0,27.227999999999998,0.7,0.0
CUST13524,10,66946.76,6694.6759999999995,19173.33,0,19.693,0.6,0.0
CUST13525,10,37340.08,3734.0080000000003,8643.63,0,14.172,0.4,0.0
CUST13526,10,42357.219999999994,4235.722,16640.85,1,28.098000000000003,1.3,10.0
CUST13527,10,34801.65,3480.165,22184.57,0,20.245,0.4,0.0
CUST13528,10,100124.19000000002,10012.419000000002,75842.1,0,18.262,0.5,0.0
CUST13529,10,44978.79,4497.879,17818.6,0,27.162,0.8,0.0
CUST13530,10,28649.08,2864.9080000000004,10040.67,0,15.769,0.8,0.0
CUST13531,10,54861.630000000005,5486.1630000000005,21944.39,0,15.178999999999998,0.4,0.0
CUST13532,10,32943.2,3294.3199999999997,11598.03,1,18.579,0.7,10.0
CUST13533,10,32097.89,3209.7889999999998,14770.44,0,12.499,0.2,0.0
CUST13534,10,28160.05,2816.005,6803.79,1,22.639,0.3,10.0
CUST13535,10,61609.15,6160.915,23226.24,0,18.361,0.3,0.0
CUST13536,10,45079.39,4507.939,10736.62,2,23.862000000000002,0.7,20.0
CUST13537,10,38059.94,3805.994,7237.75,0,19.809,0.2,0.0
CUST13538,10,34736.08,3473.608,8295.18,0,20.128,0.4,0.0
CUST13539,10,45953.79,4595.379,18011.67,0,18.066,0.7,0.0
CUST13540,10,82717.0,8271.7,51586.51,0,21.185,0.2,0.0
CUST13541,10,53525.33,5352.533,13312.59,1,21.721,0.0,10.0
CUST13542,10,39095.49,3909.549,16142.79,0,17.606,0.5,0.0
CUST13543,10,49911.86,4991.186,12599.05,0,25.18,0.4,0.0
CUST13544,10,35989.08,3598.9080000000004,6183.07,1,17.750999999999998,0.0,10.0
CUST13545,10,27121.28,2712.1279999999997,8317.52,0,27.764,0.2,0.0
CUST13546,10,56388.82000000001,5638.8820000000005,19569.33,0,19.285999999999998,0.4,0.0
CUST13547,10,31907.980000000003,3190.7980000000002,9426.7,0,14.928,0.3,0.0
CUST13548,10,66795.63,6679.563,35935.46,0,22.095,0.3,0.0
CUST13549,10,31718.68,3171.868,10922.95,0,12.158,0.3,0.0
CUST13550,10,72770.48,7277.048,24807.42,1,20.151,0.1,10.0
CUST13551,10,36213.31,3621.3309999999997,8859.34,0,22.383000000000003,0.4,0.0
CUST13552,10,18319.58,1831.958,4056.95,1,24.491,0.5,10.0
CUST13553,10,27978.469999999998,2797.8469999999998,4719.44,0,16.580000000000002,0.3,0.0
CUST13554,10,47417.729999999996,4741.772999999999,11577.34,0,16.538,0.7,0.0
CUST13555,10,37481.37,3748.137,17116.97,1,18.366999999999997,0.4,10.0
CUST13556,10,31632.64,3163.264,7926.31,1,19.912,0.5,10.0
CUST13557,10,44312.68,4431.268,11248.28,0,25.125,0.5,0.0
CUST13558,10,23504.41,2350.441,5877.75,0,19.556,0.0,0.0
CUST13559,10,32982.619999999995,3298.2619999999997,7606.82,0,21.005000000000003,0.3,0.0
CUST13560,10,43751.53,4375.153,7705.05,0,18.782,0.2,0.0
CUST13561,10,35936.48,3593.648,11007.61,0,23.056,0.4,0.0
CUST13562,10,21125.489999999998,2112.549,7967.17,0,18.516,0.4,0.0
CUST13563,10,21093.55,2109.355,6420.69,0,15.141,0.4,0.0
CUST13564,10,43711.91,4371.191000000001,18729.77,0,23.409,0.4,0.0
CUST13565,10,33682.21,3368.221,5995.95,0,23.728,0.2,0.0
CUST13566,10,38226.340000000004,3822.6340000000005,11285.7,0,21.052,0.1,0.0
CUST13567,10,35601.83,3560.183,8391.36,1,19.116,0.4,10.0
CUST13568,10,48494.18,4849.418,25267.71,0,19.996,0.5,0.0
CUST13569,10,26255.79,2625.579,5472.32,0,17.855,0.2,0.0
CUST13570,10,26552.69,2655.269,5987.87,0,24.088,0.2,0.0
CUST13571,10,23794.1,2379.41,7426.92,1,18.662,0.0,10.0
CUST13572,10,57359.020000000004,5735.902,28832.69,0,23.456,0.3,0.0
CUST13573,10,39507.8,3950.78,11114.19,0,20.188,0.3,0.0
CUST13574,10,37744.56,3774.4559999999997,7866.86,0,12.338,0.1,0.0
CUST13575,10,36953.479999999996,3695.3479999999995,10540.48,0,18.454,0.1,0.0
CUST13576,10,45297.35,4529.735,11420.44,0,17.528,0.5,0.0
CUST13577,10,32880.46,3288.046,10922.8,1,22.737000000000002,0.1,10.0
CUST13578,10,47516.87,4751.687,25491.52,0,14.8,0.3,0.0
CUST13579,10,34843.28,3484.328,10757.15,1,16.213,0.4,10.0
CUST13580,10,35248.37,3524.8370000000004,14053.33,0,26.986,0.3,0.0
CUST13581,10,37256.0,3725.6,12432.53,0,25.827999999999996,0.2,0.0
CUST13582,10,47831.44,4783.144,23241.18,0,17.747999999999998,0.4,0.0
CUST13583,10,42842.53,4284.253,16136.61,1,13.834,0.2,10.0
CUST13584,10,33546.53,3354.653,14923.72,0,15.886000000000001,0.3,0.0
CUST13585,10,22098.97,2209.897,6975.35,0,18.532,0.3,0.0
CUST13586,10,24530.81,2453.081,6959.6,0,11.671000000000001,0.1,0.0
CUST13587,10,51814.97,5181.497,17903.38,0,20.296,0.6,0.0
CUST13588,10,48319.99,4831.999,15881.79,0,30.826,0.1,0.0
CUST13589,10,34530.22,3453.022,11292.87,2,26.272000000000002,0.4,20.0
CUST13590,10,35012.55,3501.255,6887.45,0,21.770999999999997,0.2,0.0
CUST13591,10,37629.8,3762.9800000000005,15789.42,0,22.887999999999998,0.6,0.0
CUST13592,10,24030.42,2403.042,5672.79,0,17.81,0.1,0.0
CUST13593,10,24554.29,2455.429,5275.34,0,14.059000000000001,0.3,0.0
CUST13594,10,33063.619999999995,3306.3619999999996,9719.71,0,15.828999999999999,0.2,0.0
CUST13595,10,36550.520000000004,3655.0520000000006,8658.29,0,24.03,0.0,0.0
CUST13596,10,33274.57,3327.457,12800.7,0,22.844,0.6,0.0
CUST13597,10,21703.58,2170.358,5119.96,0,20.128,0.5,0.0
CUST13598,10,17502.5,1750.25,4290.92,1,14.14,0.4,10.0
CUST13599,10,36557.37,3655.737,9278.58,0,23.444,0.1,0.0
CUST13600,10,26680.61,2668.061,9824.85,0,15.071000000000002,0.6,0.0
CUST13601,10,63507.47,6350.747,21326.68,0,17.994,0.6,0.0
CUST13602,10,40131.17,4013.1169999999997,10386.02,0,18.887,0.5,0.0
CUST13603,10,28922.64,2892.264,5632.14,0,13.382,0.1,0.0
CUST13604,10,22767.89,2276.7889999999998,5397.4,0,21.148000000000003,0.3,0.0
CUST13605,10,77054.76999999999,7705.476999999999,48928.49,1,19.65,0.2,10.0
CUST13606,10,33564.06,3356.406,16270.37,0,14.492,0.4,0.0
CUST13607,10,43587.65,4358.765,23727.69,0,24.54,0.4,0.0
CUST13608,10,32241.460000000003,3224.146,5560.43,0,19.003999999999998,0.3,0.0
CUST13609,10,51041.700000000004,5104.17,11423.27,0,15.388,0.0,0.0
CUST13610,10,52368.58,5236.858,17635.71,0,21.415,0.2,0.0
CUST13611,10,33072.93,3307.293,10407.47,0,13.693000000000001,0.3,0.0
CUST13612,10,95472.78,9547.278,33506.18,0,25.059,0.0,0.0
CUST13613,10,40874.19,4087.4190000000003,18787.63,0,26.568,0.2,0.0
CUST13614,10,40673.63,4067.363,8382.09,0,24.924,0.3,0.0
CUST13615,10,33647.15,3364.715,8666.96,0,20.932,0.5,0.0
CUST13616,10,29575.57,2957.557,7839.12,0,22.73,0.5,0.0
CUST13617,10,28751.89,2875.189,13059.21,0,17.481,0.6,0.0
CUST13618,10,26067.39,2606.739,4516.82,0,19.21,0.1,0.0
CUST13619,10,33829.41,3382.9410000000003,9799.51,0,26.046,0.8,0.0
CUST13620,10,25984.19,2598.419,9999.99,0,21.45,0.3,0.0
CUST13621,10,46710.380000000005,4671.0380000000005,12843.35,0,15.927000000000001,0.2,0.0
CUST13622,10,23923.53,2392.353,6394.19,0,19.183,0.4,0.0
CUST13623,10,27947.27,2794.727,7169.06,0,29.863,0.3,0.0
CUST13624,10,18710.44,1871.0439999999999,4209.38,0,18.625,0.7,0.0
CUST13625,10,57208.41,5720.841,16788.88,0,23.905,0.4,0.0
CUST13626,10,66226.90000000001,6622.6900000000005,26765.34,0,23.455000000000002,0.3,0.0
CUST13627,10,54075.97,5407.597,16277.24,0,23.402,0.3,0.0
CUST13628,10,103730.56999999999,10373.056999999999,75537.03,0,19.151,0.6,0.0
CUST13629,10,50959.69,5095.969,19356.57,1,29.145,0.4,10.0
CUST13630,10,54858.619999999995,5485.861999999999,20019.94,0,20.043,0.3,0.0
CUST13631,10,27381.649999999998,2738.165,6274.17,0,21.884999999999998,0.2,0.0
CUST13632,10,27071.48,2707.148,7173.24,0,19.707,0.3,0.0
CUST13633,10,34301.65,3430.165,10810.69,0,16.341,0.8,0.0
CUST13634,10,77463.42,7746.342,24636.5,0,22.0,0.3,0.0
CUST13635,10,20945.77,2094.577,7445.03,0,18.235999999999997,0.4,0.0
CUST13636,10,37437.22,3743.722,11514.05,0,19.830999999999996,0.4,0.0
CUST13637,10,25442.190000000002,2544.219,6194.06,1,17.946,0.2,10.0
CUST13638,10,20168.82,2016.882,6235.43,0,15.784,0.4,0.0
CUST13639,10,44199.81,4419.981,18827.31,0,17.766,0.5,0.0
CUST13640,10,37748.93,3774.893,10497.54,0,20.102,0.6,0.0
CUST13641,10,46521.65,4652.165,11844.09,0,15.756,0.6,0.0
CUST13642,10,59972.41,5997.241,19486.33,0,23.619,0.4,0.0
CUST13643,10,48887.08,4888.7080000000005,12497.21,1,17.334,0.5,10.0
CUST13644,10,12623.41,1262.341,4278.3,0,25.905,0.3,0.0
CUST13645,10,76936.43,7693.642999999999,35480.46,1,18.359,0.3,10.0
CUST13646,10,23856.19,2385.6189999999997,4817.35,0,20.413999999999998,0.2,0.0
CUST13647,10,37519.51,3751.951,14927.26,0,16.992,0.4,0.0
CUST13648,10,53405.240000000005,5340.524,19063.74,0,18.177,0.4,0.0
CUST13649,10,24498.16,2449.816,6092.24,0,17.184,0.5,0.0
CUST13650,10,37648.159999999996,3764.816,10325.31,1,18.324,0.3,10.0
CUST13651,10,74809.64,7480.964,21993.73,0,26.302999999999997,0.6,0.0
CUST13652,10,39544.17,3954.417,8541.75,2,27.125,0.5,20.0
CUST13653,10,52044.63,5204.463,26153.3,0,34.476,0.8,0.0
CUST13654,10,38653.59,3865.3589999999995,6568.68,0,23.717,0.2,0.0
CUST13655,10,61489.53,6148.9529999999995,19461.71,0,17.151999999999997,0.1,0.0
CUST13656,10,47040.29,4704.029,12708.53,0,23.716,0.3,0.0
CUST13657,10,38695.65,3869.565,15384.56,0,15.347999999999999,0.6,0.0
CUST13658,10,18412.0,1841.2,4181.03,0,22.946,0.4,0.0
CUST13659,10,66390.04,6639.003999999999,25125.82,0,19.8,0.4,0.0
CUST13660,10,28475.41,2847.541,5058.58,0,17.821,0.3,0.0
CUST13661,10,22590.16,2259.016,3904.17,0,19.35,0.3,0.0
CUST13662,10,29906.84,2990.684,5202.55,1,22.903,0.3,10.0
CUST13663,10,21612.52,2161.252,5086.83,0,20.610999999999997,0.5,0.0
CUST13664,10,37199.119999999995,3719.9119999999994,15083.65,0,22.982,0.3,0.0
CUST13665,10,39010.8,3901.0800000000004,7214.02,0,22.743000000000002,0.3,0.0
CUST13666,10,26723.44,2672.344,12274.57,0,15.032,0.2,0.0
CUST13667,10,28731.4,2873.1400000000003,5485.74,0,32.714,0.8,0.0
CUST13668,10,40713.48,4071.3480000000004,13740.71,1,23.932,0.4,10.0
CUST13669,10,41623.18,4162.318,8140.71,0,26.3,0.2,0.0
CUST13670,10,62766.69,6276.669,16259.91,0,17.503999999999998,0.6,0.0
CUST13671,10,92084.51999999999,9208.452,55375.34,1,19.81,0.4,10.0
CUST13672,10,29169.57,2916.957,7282.16,0,20.901,0.1,0.0
CUST13673,10,30998.09,3099.809,5330.23,0,28.305,0.0,0.0
CUST13674,10,31287.84,3128.784,6574.56,1,24.378999999999998,0.4,10.0
CUST13675,10,54932.36,5493.236,19218.2,0,26.042,0.7,0.0
CUST13676,10,32691.17,3269.1169999999997,12713.74,0,22.744,0.4,0.0
CUST13677,10,36442.8,3644.28,8485.27,0,28.487000000000002,0.0,0.0
CUST13678,10,19926.8,1992.6799999999998,4294.45,1,18.927,0.5,10.0
CUST13679,10,30776.49,3077.6490000000003,7669.12,0,18.15,0.7,0.0
CUST13680,10,66418.02,6641.802000000001,20180.98,0,17.835,0.4,0.0
CUST13681,10,36508.11,3650.811,12571.25,0,15.422,0.4,0.0
CUST13682,10,35674.16,3567.416,10974.35,0,14.774000000000001,0.3,0.0
CUST13683,10,24785.05,2478.505,6557.14,0,21.576,0.2,0.0
CUST13684,10,67661.62,6766.161999999999,18951.34,0,24.876,0.4,0.0
CUST13685,10,80271.75,8027.175,28593.24,0,20.06,0.4,0.0
CUST13686,10,35220.39,3522.0389999999998,10894.35,0,22.208,0.4,0.0
CUST13687,10,29425.07,2942.507,6469.27,0,19.919999999999998,0.3,0.0
CUST13688,10,35319.97,3531.9970000000003,8224.9,1,21.848,0.3,10.0
CUST13689,10,39639.56,3963.9559999999997,7916.86,0,18.1,0.4,0.0
CUST13690,10,46691.71,4669.171,12720.53,0,14.202000000000002,0.5,0.0
CUST13691,10,54996.98,5499.698,32274.76,0,17.781,0.2,0.0
CUST13692,10,32274.92,3227.4919999999997,11436.29,0,25.933999999999997,0.5,0.0
CUST13693,10,49541.42,4954.142,26426.02,0,20.157,0.2,0.0
CUST13694,10,47325.34,4732.534,14817.3,0,23.476,0.2,0.0
CUST13695,10,56102.55,5610.255,17056.67,1,24.319,0.8,10.0
CUST13696,10,53626.65,5362.665,13724.23,0,26.246999999999996,0.2,0.0
CUST13697,10,57617.08,5761.7080000000005,18868.14,1,25.887,0.7,10.0
CUST13698,10,30839.51,3083.951,7422.62,0,15.628,0.4,0.0
CUST13699,10,50328.119999999995,5032.812,27594.26,1,28.199,0.4,10.0
CUST13700,10,107910.40999999999,10791.041,91727.42,0,37.952,0.4,0.0
CUST13701,10,40132.43,4013.243,11574.48,0,24.343,0.1,0.0
CUST13702,10,45310.41,4531.041,13248.2,0,13.003,0.5,0.0
CUST13703,10,43158.26,4315.826,16127.12,0,18.994,0.6,0.0
CUST13704,10,70946.5,7094.65,22142.18,1,18.143,0.8,10.0
CUST13705,10,18571.45,1857.145,3055.25,1,25.226999999999997,1.0,10.0
CUST13706,10,82428.11,8242.811,43132.02,0,24.291,0.5,0.0
CUST13707,10,50315.19,5031.519,16589.96,0,19.675,0.5,0.0
CUST13708,10,67398.53,6739.853,27195.94,1,28.761000000000003,0.5,10.0
CUST13709,10,32444.08,3244.4080000000004,12135.19,0,22.78,0.6,0.0
CUST13710,10,55816.56,5581.656,16393.75,0,19.569,0.3,0.0
CUST13711,10,35426.520000000004,3542.6520000000005,17523.09,0,23.401999999999997,0.3,0.0
CUST13712,10,32834.84,3283.4839999999995,10430.63,0,18.397,0.2,0.0
CUST13713,10,51593.280000000006,5159.328,28968.24,0,13.356,0.1,0.0
CUST13714,10,33720.35,3372.035,9843.74,0,14.325,0.3,0.0
CUST13715,10,40179.28,4017.928,7959.49,0,14.732999999999999,0.2,0.0
CUST13716,10,35560.81,3556.0809999999997,7768.59,1,14.580000000000002,0.4,10.0
CUST13717,10,41566.99,4156.699,16804.35,0,25.312,0.4,0.0
CUST13718,10,52412.26,5241.226000000001,21649.61,0,24.59,0.4,0.0
CUST13719,10,52160.2,5216.0199999999995,18321.97,1,19.413,0.4,10.0
CUST13720,10,51131.08,5113.108,29203.53,0,14.789000000000001,0.5,0.0
CUST13721,10,50610.63,5061.063,18413.82,0,19.105,0.5,0.0
CUST13722,10,41918.86,4191.886,8993.75,0,27.365999999999996,0.4,0.0
CUST13723,10,31945.09,3194.509,8628.61,0,17.951,0.4,0.0
CUST13724,10,16579.739999999998,1657.9739999999997,4152.15,0,24.276999999999997,0.3,0.0
CUST13725,10,52841.100000000006,5284.110000000001,24490.99,1,24.128999999999998,0.5,10.0
CUST13726,10,86423.55,8642.355,23667.1,0,23.886000000000003,0.4,0.0
CUST13727,10,101497.76,10149.776,60629.49,0,22.557,0.5,0.0
CUST13728,10,37999.43,3799.943,10340.39,0,20.262999999999998,0.5,0.0
CUST13729,10,38610.29,3861.029,12534.4,0,21.088,0.2,0.0
CUST13730,10,29631.43,2963.143,6131.71,0,20.25,0.5,0.0
CUST13731,10,29139.85,2913.9849999999997,4835.19,0,17.807,0.5,0.0
CUST13732,10,32726.079999999998,3272.6079999999997,11388.34,0,22.237000000000002,0.0,0.0
CUST13733,10,24655.54,2465.554,6978.59,0,20.237000000000002,0.3,0.0
CUST13734,10,44578.05,4457.805,22348.33,0,18.482,0.0,0.0
CUST13735,10,39388.42,3938.8419999999996,7476.77,0,22.644,0.6,0.0
CUST13736,10,22259.05,2225.9049999999997,3223.02,0,16.381,0.2,0.0
CUST13737,10,30916.52,3091.652,8538.64,0,27.557,0.5,0.0
CUST13738,10,45858.659999999996,4585.866,10904.48,0,20.634999999999998,0.3,0.0
CUST13739,10,23598.83,2359.8830000000003,3756.61,0,20.779000000000003,0.5,0.0
CUST13740,10,39702.91,3970.291,9962.0,0,17.228,0.5,0.0
CUST13741,10,26611.5,2661.15,11240.06,0,17.772,0.3,0.0
CUST13742,10,19511.510000000002,1951.1510000000003,4576.39,0,13.907,0.5,0.0
CUST13743,10,24529.28,2452.928,6677.58,0,24.134999999999998,0.3,0.0
CUST13744,10,43602.43,4360.243,10170.9,0,21.893,0.2,0.0
CUST13745,10,33058.64,3305.864,12804.39,0,21.705000000000002,0.2,0.0
CUST13746,10,29197.760000000002,2919.7760000000003,11800.34,0,21.105,0.4,0.0
CUST13747,10,33423.67,3342.3669999999997,13187.36,0,19.509999999999998,0.5,0.0
CUST13748,10,78646.83,7864.683,41907.72,1,15.762,0.6,10.0
CUST13749,10,34569.51,3456.951,8933.53,1,22.569,0.4,10.0
CUST13750,10,24423.46,2442.346,5748.47,0,13.548000000000002,0.5,0.0
CUST13751,10,33960.5,3396.05,7407.29,0,26.385,0.2,0.0
CUST13752,10,38368.39,3836.839,9877.53,0,20.639,0.2,0.0
CUST13753,10,40225.149999999994,4022.5149999999994,20986.19,0,20.157999999999998,0.4,0.0
CUST13754,10,73185.84,7318.584,30137.43,0,19.797,0.4,0.0
CUST13755,10,43286.28,4328.628,11846.67,1,16.802,0.4,10.0
CUST13756,10,122705.59,12270.559,56215.49,0,23.422000000000004,0.5,0.0
CUST13757,10,41990.51,4199.051,14195.53,0,23.622999999999998,0.5,0.0
CUST13758,10,57356.75,5735.675,15890.16,1,20.546,0.5,10.0
CUST13759,10,79363.48,7936.348,23161.01,0,24.396,0.7,0.0
CUST13760,10,24258.2,2425.82,5697.21,0,19.705000000000002,0.4,0.0
CUST13761,10,60280.79,6028.079,23424.13,0,20.226,0.2,0.0
CUST13762,10,49644.16,4964.416,15128.86,0,12.822,0.4,0.0
CUST13763,10,26216.010000000002,2621.601,6992.35,0,23.546,0.4,0.0
CUST13764,10,59743.66,5974.366,25124.39,0,14.153,0.4,0.0
CUST13765,10,34270.59,3427.0589999999997,6538.61,0,18.731,0.3,0.0
CUST13766,10,44253.85,4425.385,11642.84,0,13.885,0.2,0.0
CUST13767,10,27449.05,2744.9049999999997,6421.89,0,19.679,0.4,0.0
CUST13768,10,34171.43,3417.143,7649.74,0,21.237000000000002,0.4,0.0
CUST13769,10,51880.76,5188.076,16749.34,0,22.783,0.5,0.0
CUST13770,10,43127.42,4312.742,17667.11,0,18.484,0.0,0.0
CUST13771,10,35168.51,3516.851,14213.15,0,26.282999999999998,0.0,0.0
CUST13772,10,44596.96,4459.696,13334.6,0,23.776,0.2,0.0
CUST13773,10,43890.19,4389.019,20842.84,0,19.134,0.2,0.0
CUST13774,10,59830.2,5983.0199999999995,16715.68,0,24.534,0.5,0.0
CUST13775,10,33562.49,3356.249,8969.98,0,19.749000000000002,0.3,0.0
CUST13776,10,43429.340000000004,4342.934,10589.29,0,25.224,0.1,0.0
CUST13777,10,56652.75,5665.275,32967.66,0,20.2,0.1,0.0
CUST13778,10,36331.78,3633.178,12486.18,0,16.833,0.3,0.0
CUST13779,10,63554.299999999996,6355.429999999999,19570.73,0,24.303,0.2,0.0
CUST13780,10,37982.84,3798.2839999999997,17491.79,0,20.423,0.6,0.0
CUST13781,10,21824.92,2182.4919999999997,4634.12,0,15.265,0.3,0.0
CUST13782,10,44378.5,4437.85,15611.48,1,25.184,1.2,10.0
CUST13783,10,29107.54,2910.754,6513.47,0,19.162,0.6,0.0
CUST13784,10,35857.65,3585.7650000000003,8552.38,0,19.558,0.2,0.0
CUST13785,10,55638.87,5563.887000000001,15725.7,0,21.148,0.2,0.0
CUST13786,10,27974.1,2797.41,5503.1,1,21.012,0.4,10.0
CUST13787,10,28258.43,2825.843,7449.87,0,12.463,0.3,0.0
CUST13788,10,30787.269999999997,3078.727,8331.65,1,23.457,0.3,10.0
CUST13789,10,27315.21,2731.5209999999997,8862.29,0,22.462,0.4,0.0
CUST13790,10,37913.74,3791.374,11189.48,0,20.623,0.2,0.0
CUST13791,10,46350.29,4635.029,24210.43,0,27.857999999999997,0.3,0.0
CUST13792,10,54453.0,5445.3,19139.96,0,26.478999999999996,0.8,0.0
CUST13793,10,45403.05,4540.305,9293.88,0,21.225,0.6,0.0
CUST13794,10,32602.52,3260.252,10118.62,0,23.942,0.7,0.0
CUST13795,10,41973.49,4197.349,9109.52,1,20.826,0.4,10.0
CUST13796,10,44496.76,4449.676,17250.66,1,16.47,0.2,10.0
CUST13797,10,35753.81,3575.381,12407.33,0,19.034,0.6,0.0
CUST13798,10,18941.489999999998,1894.149,5899.37,0,13.562000000000001,0.4,0.0
CUST13799,10,70213.8,7021.38,52992.58,0,19.212,0.3,0.0
CUST13800,10,54840.409999999996,5484.040999999999,17785.28,0,17.714000000000002,0.5,0.0
CUST13801,10,35843.22,3584.322,14257.41,0,18.734,0.4,0.0
CUST13802,10,38992.59,3899.2589999999996,13797.45,1,15.822,0.3,10.0
CUST13803,10,42059.96,4205.996,13128.44,2,22.398999999999997,0.6,20.0
CUST13804,10,44707.8,4470.780000000001,11495.92,1,16.990000000000002,0.4,10.0
CUST13805,10,25304.36,2530.436,4582.21,1,30.933999999999997,0.3,10.0
CUST13806,10,29182.76,2918.276,11833.01,0,15.628,0.3,0.0
CUST13807,10,25447.48,2544.748,7617.29,0,17.71,0.1,0.0
CUST13808,10,40138.04,4013.804,9076.67,1,16.488999999999997,0.3,10.0
CUST13809,10,22810.85,2281.085,4124.24,0,15.059000000000001,0.0,0.0
CUST13810,10,41031.64,4103.164,23210.5,0,22.939,0.3,0.0
CUST13811,10,16708.84,1670.884,4454.87,0,34.665,0.5,0.0
CUST13812,10,50526.53,5052.653,12587.14,0,21.375,0.4,0.0
CUST13813,10,32396.58,3239.6580000000004,16559.69,0,22.688,0.1,0.0
CUST13814,10,34767.43,3476.743,11956.02,1,17.582,0.3,10.0
CUST13815,10,39075.68,3907.568,16288.71,1,19.909,0.3,10.0
CUST13816,10,37847.05,3784.7050000000004,14622.36,0,14.443000000000001,0.3,0.0
CUST13817,10,35923.26,3592.326,20118.23,0,19.812,0.2,0.0
CUST13818,10,28124.12,2812.412,9483.91,0,14.992,0.4,0.0
CUST13819,10,62182.71,6218.271,41262.28,1,21.917,0.4,10.0
CUST13820,10,38168.99,3816.899,8300.33,0,14.638,0.2,0.0
CUST13821,10,53437.41,5343.741,16862.12,0,20.674,0.4,0.0
CUST13822,10,81893.52,8189.352000000001,35838.42,1,16.566,0.7,10.0
CUST13823,10,40557.06,4055.7059999999997,14499.69,0,21.423,0.2,0.0
CUST13824,10,40798.1,4079.81,11791.31,0,20.673000000000002,0.4,0.0
CUST13825,10,111174.92,11117.492,81604.15,0,21.488999999999997,0.0,0.0
CUST13826,10,38259.93,3825.993,11989.85,0,23.402,0.3,0.0
CUST13827,10,30329.32,3032.932,6786.28,0,18.939,0.6,0.0
CUST13828,10,30265.379999999997,3026.5379999999996,7525.28,1,25.403,0.6,10.0
CUST13829,10,31013.8,3101.38,7996.81,0,23.66,0.6,0.0
CUST13830,10,100895.01,10089.501,27756.78,0,26.246,0.2,0.0
CUST13831,10,44000.32,4400.032,11086.33,0,24.945,0.6,0.0
CUST13832,10,22199.11,2219.911,5140.87,0,21.096,0.0,0.0
CUST13833,10,46785.979999999996,4678.598,9986.9,0,23.032,0.5,0.0
CUST13834,10,47527.75,4752.775,16035.4,0,27.441999999999997,0.5,0.0
CUST13835,10,32445.36,3244.536,8535.8,1,22.596,0.1,10.0
CUST13836,10,27187.190000000002,2718.719,6745.05,0,20.54,0.0,0.0
CUST13837,10,51964.909999999996,5196.491,15017.92,1,9.518,0.1,10.0
CUST13838,10,32621.48,3262.148,6759.67,1,21.341,0.3,10.0
CUST13839,10,105920.52,10592.052,67846.53,0,16.344,0.4,0.0
CUST13840,10,48680.24,4868.023999999999,18023.67,1,25.095,0.6,10.0
CUST13841,10,31588.15,3158.815,14240.18,0,21.655,0.5,0.0
CUST13842,10,21278.69,2127.8689999999997,4584.78,0,12.078,0.2,0.0
CUST13843,10,26766.01,2676.6009999999997,7632.51,1,17.355,0.8,10.0
CUST13844,10,61996.740000000005,6199.674000000001,20603.49,0,22.589999999999996,0.7,0.0
CUST13845,10,49094.41,4909.441000000001,21747.45,0,19.943,0.2,0.0
CUST13846,10,30038.4,3003.84,8878.33,0,27.610000000000003,0.5,0.0
CUST13847,10,24931.14,2493.114,5842.51,0,19.77,0.3,0.0
CUST13848,10,49981.07,4998.107,13109.3,0,18.991999999999997,0.2,0.0
CUST13849,10,34244.91,3424.4910000000004,7206.37,0,19.875,0.3,0.0
CUST13850,10,79989.54,7998.954,22494.12,0,22.740000000000002,0.2,0.0
CUST13851,10,64133.17,6413.317,23357.84,1,20.856,0.3,10.0
CUST13852,10,38054.7,3805.47,11166.01,0,19.921,0.4,0.0
CUST13853,10,32505.98,3250.598,11750.82,1,28.202999999999996,0.6,10.0
CUST13854,10,28467.55,2846.755,5496.69,0,22.176,0.3,0.0
CUST13855,10,25992.13,2599.213,13465.14,0,15.766,0.4,0.0
CUST13856,10,30350.14,3035.014,9275.24,1,23.988999999999997,0.3,10.0
CUST13857,10,45684.78,4568.478,15988.33,0,28.148000000000003,0.1,0.0
CUST13858,10,35502.42,3550.2419999999997,10495.72,0,21.965,0.5,0.0
CUST13859,10,74917.47,7491.747,25603.41,0,19.184,0.0,0.0
CUST13860,10,33427.85,3342.785,7003.4,0,20.196,0.5,0.0
CUST13861,10,36289.24,3628.924,7155.41,1,20.593,0.2,10.0
CUST13862,10,45183.399999999994,4518.339999999999,12915.55,0,18.972,0.2,0.0
CUST13863,10,42939.880000000005,4293.988,11918.78,1,18.633,0.7,10.0
CUST13864,10,71329.9,7132.99,23048.52,0,22.431,0.3,0.0
CUST13865,10,167070.62,16707.061999999998,127268.32,0,18.601,0.5,0.0
CUST13866,10,43677.26,4367.726000000001,26121.78,0,22.218,0.4,0.0
CUST13867,10,41570.93,4157.093,6644.26,0,23.875,0.3,0.0
CUST13868,10,21730.28,2173.028,4573.95,0,22.619999999999997,0.6,0.0
CUST13869,10,27875.15,2787.5150000000003,8529.43,0,19.526,0.4,0.0
CUST13870,10,46783.32,4678.332,15413.89,0,31.826,0.9,0.0
CUST13871,10,31391.37,3139.1369999999997,14506.17,1,16.717000000000002,0.2,10.0
CUST13872,10,47250.17,4725.017,12358.44,0,24.729,0.3,0.0
CUST13873,10,24450.37,2445.037,5316.19,0,20.569,0.2,0.0
CUST13874,10,43387.38,4338.737999999999,10746.27,1,21.379,0.4,10.0
CUST13875,10,20022.52,2002.252,3692.04,0,21.991999999999997,0.3,0.0
CUST13876,10,68354.57,6835.457,39626.11,0,24.296,0.4,0.0
CUST13877,10,37942.009999999995,3794.2009999999996,18436.92,0,15.931999999999999,0.4,0.0
CUST13878,10,41317.12,4131.712,12721.49,1,13.019,0.4,10.0
CUST13879,10,35921.869999999995,3592.1869999999994,9996.26,0,22.435,0.4,0.0
CUST13880,10,37523.869999999995,3752.3869999999997,12112.07,0,21.434,0.6,0.0
CUST13881,10,50766.85,5076.6849999999995,13027.63,0,17.291999999999998,0.4,0.0
CUST13882,10,66898.6,6689.860000000001,44211.42,0,21.827,0.2,0.0
CUST13883,10,35106.28,3510.6279999999997,8289.65,0,19.913,0.1,0.0
CUST13884,10,33839.17,3383.917,9414.95,1,17.916,0.3,10.0
CUST13885,10,28296.54,2829.654,9511.33,0,23.009,0.3,0.0
CUST13886,10,49544.93,4954.493,12638.58,0,28.149,0.2,0.0
CUST13887,10,52947.54,5294.754,19663.06,0,21.366,0.6,0.0
CUST13888,10,91004.01,9100.401,50328.08,0,23.308,0.2,0.0
CUST13889,10,47159.07,4715.907,11829.26,0,19.955,0.4,0.0
CUST13890,10,39251.17,3925.1169999999997,9051.22,0,15.931000000000001,0.4,0.0
CUST13891,10,27558.57,2755.857,7615.93,0,18.741,0.5,0.0
CUST13892,10,32502.2,3250.2200000000003,8941.43,1,29.797000000000004,0.9,10.0
CUST13893,10,55693.29,5569.329,9374.73,0,28.762999999999998,0.6,0.0
CUST13894,10,36561.25,3656.125,8789.75,0,19.005000000000003,0.6,0.0
CUST13895,10,62393.25,6239.325,21687.32,1,16.466,0.4,10.0
CUST13896,10,50764.08,5076.408,18958.24,0,18.898,0.1,0.0
CUST13897,10,29162.53,2916.2529999999997,8486.41,0,18.256999999999998,0.7,0.0
CUST13898,10,104598.67,10459.867,57235.91,1,23.740000000000002,0.8,10.0
CUST13899,10,82531.18,8253.117999999999,45144.31,0,21.691,0.4,0.0
CUST13900,10,26548.78,2654.8779999999997,5695.85,0,17.646,0.5,0.0
CUST13901,10,43101.39,4310.139,12874.77,0,26.963,0.4,0.0
CUST13902,10,114030.19,11403.019,87255.04,0,17.696,0.3,0.0
CUST13903,10,63109.979999999996,6310.998,16983.45,0,22.724,0.4,0.0
CUST13904,10,39748.35,3974.835,13985.47,0,17.657999999999998,0.6,0.0
CUST13905,10,33060.85,3306.085,10425.88,0,20.975,0.3,0.0
CUST13906,10,23381.27,2338.127,7777.53,0,20.462,0.3,0.0
CUST13907,10,19617.66,1961.766,3788.06,0,23.044999999999998,0.2,0.0
CUST13908,10,56050.579999999994,5605.057999999999,15028.4,0,18.984,0.2,0.0
CUST13909,10,49748.060000000005,4974.8060000000005,16992.0,0,23.81,0.1,0.0
CUST13910,10,36669.41,3666.9410000000003,11547.13,0,20.360999999999997,0.2,0.0
CUST13911,10,49067.5,4906.75,19732.79,0,19.918,0.2,0.0
CUST13912,10,71522.67,7152.267,35538.46,0,21.433,0.5,0.0
CUST13913,10,51849.6,5184.96,25439.03,0,20.351,0.2,0.0
CUST13914,10,30920.57,3092.057,7120.58,0,19.151,0.6,0.0
CUST13915,10,65460.55,6546.055,18019.88,0,24.465,0.3,0.0
CUST13916,10,36163.91,3616.3910000000005,11954.81,1,20.979000000000003,0.2,10.0
CUST13917,10,24849.06,2484.906,4527.47,1,19.453,0.5,10.0
CUST13918,10,60567.64,6056.764,23477.7,0,19.936,0.3,0.0
CUST13919,10,32266.850000000002,3226.6850000000004,9953.1,0,21.662,0.5,0.0
CUST13920,10,62042.92,6204.2919999999995,12749.8,0,22.329,0.1,0.0
CUST13921,10,35043.25,3504.325,10970.57,0,14.315999999999999,0.4,0.0
CUST13922,10,40301.54,4030.154,10329.04,2,20.253999999999998,0.3,20.0
CUST13923,10,49394.07,4939.407,8645.92,0,21.594,0.2,0.0
CUST13924,10,25921.64,2592.1639999999998,8087.67,1,16.937,0.2,10.0
CUST13925,10,47113.899999999994,4711.389999999999,14900.8,0,18.413,0.1,0.0
CUST13926,10,24107.68,2410.768,5242.49,0,16.830000000000002,0.5,0.0
CUST13927,10,80657.61,8065.761,64523.25,1,26.502999999999997,0.4,10.0
CUST13928,10,44499.9,4449.99,12057.8,0,16.253,0.5,0.0
CUST13929,10,103331.85,10333.185000000001,51649.9,0,24.481,0.4,0.0
CUST13930,10,30490.670000000002,3049.067,9940.34,0,20.68,0.1,0.0
CUST13931,10,28709.71,2870.971,8814.8,0,22.613999999999997,0.3,0.0
CUST13932,10,56878.21,5687.821,30925.48,1,24.756999999999998,0.7,10.0
CUST13933,10,39758.61,3975.861,10120.31,0,23.453,0.1,0.0
CUST13934,10,46066.66,4606.666,19135.68,0,18.886,0.5,0.0
CUST13935,10,32143.4,3214.34,9092.36,0,13.309000000000001,0.0,0.0
CUST13936,10,43177.520000000004,4317.752,14126.74,1,27.054000000000002,0.3,10.0
CUST13937,10,62095.5,6209.55,37248.31,0,23.993000000000002,0.8,0.0
CUST13938,10,11406.27,1140.627,4347.74,0,21.657,0.0,0.0
CUST13939,10,23905.46,2390.546,6047.41,0,13.263,0.3,0.0
CUST13940,10,46208.69,4620.869000000001,13653.91,0,27.937,0.3,0.0
CUST13941,10,35772.829999999994,3577.2829999999994,11782.21,0,22.103,0.1,0.0
CUST13942,10,24300.82,2430.082,6147.04,1,26.712,0.1,10.0
CUST13943,10,38035.56,3803.5559999999996,7973.67,0,19.894,0.5,0.0
CUST13944,10,16594.18,1659.4180000000001,4439.18,0,19.781,0.3,0.0
CUST13945,10,27471.38,2747.138,4310.43,1,22.869,1.2,10.0
CUST13946,10,94072.81,9407.280999999999,46134.81,0,31.827999999999996,0.9,0.0
CUST13947,10,48360.6,4836.0599999999995,21931.5,0,22.252000000000002,0.5,0.0
CUST13948,10,62216.7,6221.67,12881.14,1,22.933,0.6,10.0
CUST13949,10,18217.12,1821.712,4247.85,0,16.378,0.6,0.0
CUST13950,10,28398.829999999998,2839.883,5782.65,0,22.604,0.5,0.0
CUST13951,10,99742.15,9974.215,27383.39,0,20.805,0.2,0.0
CUST13952,10,39626.45,3962.6449999999995,12487.8,0,26.454,0.5,0.0
CUST13953,10,64802.86,6480.286,19542.44,0,15.320999999999998,0.4,0.0
CUST13954,10,45452.520000000004,4545.252,9989.28,0,20.366,0.4,0.0
CUST13955,10,31756.47,3175.647,7248.3,0,21.788,0.8,0.0
CUST13956,10,43442.7,4344.2699999999995,15139.07,0,18.173,0.1,0.0
CUST13957,10,40978.54,4097.854,18353.54,1,20.227,0.4,10.0
CUST13958,10,41266.57,4126.657,11481.36,0,18.037,0.1,0.0
CUST13959,10,34631.62,3463.1620000000003,16191.01,0,25.374000000000002,0.8,0.0
CUST13960,10,64730.32000000001,6473.032000000001,24116.68,0,10.186,0.4,0.0
CUST13961,10,35287.52,3528.7519999999995,11608.71,1,12.683,0.5,10.0
CUST13962,10,33436.5,3343.65,8387.14,0,25.238999999999997,0.6,0.0
CUST13963,10,42444.76,4244.476000000001,9156.27,1,23.826999999999998,0.9,10.0
CUST13964,10,53569.42999999999,5356.942999999999,21534.73,0,17.488,0.1,0.0
CUST13965,10,60757.52,6075.7519999999995,31984.18,0,13.041999999999998,0.4,0.0
CUST13966,10,43409.09,4340.909,12727.26,0,19.409,0.1,0.0
CUST13967,10,23400.86,2340.0860000000002,4170.67,0,26.405,0.3,0.0
CUST13968,10,64141.89,6414.189,15491.87,0,15.128,0.4,0.0
CUST13969,10,29192.96,2919.296,6367.13,0,13.004,0.2,0.0
CUST13970,10,67151.89,6715.189,27964.76,1,23.331,0.4,10.0
CUST13971,10,27150.2,2715.02,4395.45,1,15.519,0.4,10.0
CUST13972,10,32956.24,3295.624,7677.83,0,24.335,0.2,0.0
CUST13973,10,70025.05,7002.505,17971.59,0,17.031,0.5,0.0
CUST13974,10,50242.75,5024.275,15618.33,0,20.476,0.4,0.0
CUST13975,10,33705.82,3370.582,12646.94,0,19.562,0.6,0.0
CUST13976,10,32427.850000000002,3242.7850000000003,13750.43,0,22.619,0.5,0.0
CUST13977,10,39224.920000000006,3922.4920000000006,18712.04,1,22.999000000000002,0.1,10.0
CUST13978,10,74759.87000000001,7475.987000000001,42511.22,0,18.904,0.2,0.0
CUST13979,10,35990.41,3599.041,14178.91,0,24.021,1.2,0.0
CUST13980,10,32400.19,3240.019,9960.47,0,17.634999999999998,0.2,0.0
CUST13981,10,39967.32,3996.732,14456.43,0,30.9,0.4,0.0
CUST13982,10,45313.47,4531.347,11585.7,0,26.466,0.1,0.0
CUST13983,10,30630.79,3063.079,9450.0,0,24.231,0.2,0.0
CUST13984,10,27124.61,2712.4610000000002,9341.88,1,20.121000000000002,0.4,10.0
CUST13985,10,20147.190000000002,2014.7190000000003,5168.13,0,19.86,0.5,0.0
CUST13986,10,74790.27,7479.027,33706.32,0,18.023,0.3,0.0
CUST13987,10,29170.5,2917.05,6690.57,1,15.399000000000001,0.6,10.0
CUST13988,10,41433.14,4143.314,9883.67,0,10.464,0.5,0.0
CUST13989,10,51994.61,5199.461,25139.05,0,18.392,0.5,0.0
CUST13990,10,49799.7,4979.969999999999,17168.37,1,31.639,0.9,10.0
CUST13991,10,50912.68,5091.268,15473.5,0,17.282999999999998,0.3,0.0
CUST13992,10,23491.35,2349.1349999999998,6757.84,0,20.366,0.4,0.0
CUST13993,10,27975.510000000002,2797.5510000000004,6696.78,0,19.057,0.2,0.0
CUST13994,10,28167.9,2816.79,7798.82,0,18.145,0.1,0.0
CUST13995,10,36567.27,3656.727,9596.6,0,27.321999999999996,0.3,0.0
CUST13996,10,16155.109999999999,1615.511,3868.06,0,15.318999999999999,0.2,0.0
CUST13997,10,30621.22,3062.1220000000003,12725.52,0,24.407,0.5,0.0
CUST13998,10,38632.15,3863.215,14041.45,0,25.346,0.2,0.0
CUST13999,10,28269.86,2826.986,7147.91,0,19.398,0.8,0.0
CUST14000,10,57672.34,5767.2339999999995,19245.53,0,15.042000000000002,0.2,0.0
CUST14001,10,34594.16,3459.416,13368.83,0,11.139999999999999,0.2,0.0
CUST14002,10,71394.72,7139.472,23381.12,0,18.913,0.3,0.0
CUST14003,10,58153.08,5815.308,32572.06,0,21.423,0.3,0.0
CUST14004,10,39943.270000000004,3994.327,15541.77,0,15.700999999999999,0.5,0.0
CUST14005,10,25669.97,2566.9970000000003,4997.8,0,21.213,0.8,0.0
CUST14006,10,30439.41,3043.941,13632.42,0,23.32,0.3,0.0
CUST14007,10,43730.58,4373.058,16038.83,0,17.217000000000002,0.4,0.0
CUST14008,10,48646.840000000004,4864.684,14411.45,0,13.659,0.4,0.0
CUST14009,10,35692.87,3569.2870000000003,13021.02,0,17.089,0.5,0.0
CUST14010,10,45915.19,4591.519,14406.37,0,22.663999999999998,0.4,0.0
CUST14011,10,43543.3,4354.33,12183.3,0,20.403,0.5,0.0
CUST14012,10,49653.15,4965.3150000000005,11398.99,0,22.273000000000003,0.1,0.0
CUST14013,10,60349.89,6034.989,42236.71,0,21.925,0.3,0.0
CUST14014,10,62337.07,6233.707,34064.32,1,23.64,0.4,10.0
CUST14015,10,48261.12,4826.112,17327.73,0,11.954,0.8,0.0
CUST14016,10,37207.2,3720.72,18298.91,1,23.185000000000002,0.3,10.0
CUST14017,10,37870.25,3787.025,8327.82,1,26.281,0.3,10.0
CUST14018,10,55540.55,5554.055,16995.27,0,14.456,0.6,0.0
CUST14019,10,34403.06,3440.3059999999996,15143.72,0,16.968,0.2,0.0
CUST14020,10,40663.94,4066.3940000000002,16098.98,0,11.317,0.1,0.0
CUST14021,10,36826.69,3682.6690000000003,8977.08,0,20.691000000000003,0.3,0.0
CUST14022,10,35795.58,3579.558,8887.99,0,16.274,0.3,0.0
CUST14023,10,36800.81,3680.0809999999997,17089.56,0,23.198,0.4,0.0
CUST14024,10,30841.41,3084.141,7450.41,0,23.684,0.4,0.0
CUST14025,10,56529.659999999996,5652.965999999999,37040.27,0,21.381,0.5,0.0
CUST14026,10,45489.99,4548.999,12291.48,0,27.838,0.2,0.0
CUST14027,10,26729.4,2672.94,11472.79,0,15.632,0.1,0.0
CUST14028,10,39230.19,3923.0190000000002,15422.5,1,17.601,0.0,10.0
CUST14029,10,30295.83,3029.583,7131.72,0,14.751,0.2,0.0
CUST14030,10,30503.4,3050.34,5955.03,0,20.292,0.7,0.0
CUST14031,10,30673.98,3067.398,13237.13,0,26.232,0.3,0.0
CUST14032,10,43392.16,4339.216,12691.0,0,23.649,0.3,0.0
CUST14033,10,45895.76,4589.576,19381.02,0,18.788999999999998,0.1,0.0
CUST14034,10,40482.17,4048.2169999999996,11047.63,0,23.11,0.9,0.0
CUST14035,10,40642.31,4064.2309999999998,12094.12,0,27.238,0.2,0.0
CUST14036,10,25943.109999999997,2594.3109999999997,9214.38,0,23.065,0.5,0.0
CUST14037,10,50332.72,5033.272,15418.08,0,13.752,0.5,0.0
CUST14038,10,39830.43,3983.043,11124.88,0,20.332,0.2,0.0
CUST14039,10,46529.51,4652.951,11367.83,0,22.819,0.5,0.0
CUST14040,10,38920.03,3892.0029999999997,11841.53,0,25.441,0.0,0.0
CUST14041,10,40899.1,4089.91,10892.44,0,25.676,0.2,0.0
CUST14042,10,34429.96,3442.996,8770.57,0,24.449,0.2,0.0
CUST14043,10,35194.03,3519.403,7388.86,0,23.252000000000002,0.5,0.0
CUST14044,10,30159.17,3015.917,8192.58,0,19.839,0.4,0.0
CUST14045,10,49597.6,4959.76,21021.62,0,14.975999999999999,0.3,0.0
CUST14046,10,38638.44,3863.844,16830.53,0,24.228,0.4,0.0
CUST14047,10,59565.509999999995,5956.5509999999995,35084.88,0,14.424000000000001,0.1,0.0
CUST14048,10,27841.82,2784.182,10177.36,2,23.598000000000003,1.0,20.0
CUST14049,10,43576.0,4357.6,12055.81,1,28.294999999999998,0.8,10.0
CUST14050,10,35526.69,3552.6690000000003,13068.64,0,16.238999999999997,0.4,0.0
CUST14051,10,20607.64,2060.764,5619.26,0,19.121000000000002,0.5,0.0
CUST14052,10,30104.43,3010.443,6376.5,0,25.299,0.4,0.0
CUST14053,10,36378.32,3637.832,9464.78,0,26.463,0.8,0.0
CUST14054,10,104389.6,10438.960000000001,56308.72,0,23.242,0.5,0.0
CUST14055,10,48627.25,4862.725,12659.87,0,26.770999999999997,0.5,0.0
CUST14056,10,38069.46,3806.946,12107.23,0,21.735,0.4,0.0
CUST14057,10,31524.07,3152.407,8100.0,1,20.454,0.3,10.0
CUST14058,10,27803.88,2780.388,7157.04,0,18.923,0.5,0.0
CUST14059,10,27703.92,2770.392,4824.69,1,20.603,0.0,10.0
CUST14060,10,18887.52,1888.752,4014.06,0,15.73,0.2,0.0
CUST14061,10,39218.42,3921.8419999999996,13466.22,0,24.503,0.3,0.0
CUST14062,10,42564.85,4256.485,11311.01,0,19.605,0.3,0.0
CUST14063,10,55765.82,5576.582,30682.9,0,18.783,0.2,0.0
CUST14064,10,39588.12,3958.8120000000004,14381.92,0,18.905,0.3,0.0
CUST14065,10,24585.33,2458.5330000000004,4982.01,0,25.962,0.3,0.0
CUST14066,10,59121.649999999994,5912.164999999999,24369.67,0,26.32,0.6,0.0
CUST14067,10,28960.14,2896.014,8165.83,0,16.319,0.1,0.0
CUST14068,10,57059.490000000005,5705.9490000000005,31325.07,1,18.276999999999997,0.4,10.0
CUST14069,10,43246.56,4324.656,15220.21,0,25.824,0.4,0.0
CUST14070,10,46931.270000000004,4693.127,13161.83,0,13.365,0.2,0.0
CUST14071,10,33261.02,3326.102,10475.92,0,16.172,0.2,0.0
CUST14072,10,25881.21,2588.121,6071.47,0,29.243000000000002,0.6,0.0
CUST14073,10,70767.47,7076.747,32726.57,0,26.846999999999998,0.4,0.0
CUST14074,10,38980.44,3898.0440000000003,8859.49,0,24.7,0.8,0.0
CUST14075,10,30814.71,3081.471,5865.29,1,22.255,0.3,10.0
CUST14076,10,43631.9,4363.1900000000005,13695.47,0,26.213,0.4,0.0
CUST14077,10,26615.48,2661.548,6780.51,0,17.592,0.3,0.0
CUST14078,10,37527.07,3752.707,8651.97,0,14.452000000000002,0.5,0.0
CUST14079,10,36881.7,3688.1699999999996,10342.61,0,20.972,0.3,0.0
CUST14080,10,24688.64,2468.864,4710.2,0,19.637,0.3,0.0
CUST14081,10,46111.52,4611.152,16461.1,1,22.678,0.5,10.0
CUST14082,10,46568.799999999996,4656.879999999999,9471.23,0,12.203,0.4,0.0
CUST14083,10,24665.65,2466.565,7195.34,0,18.157,0.3,0.0
CUST14084,10,68264.94,6826.494000000001,39585.67,0,18.604,0.6,0.0
CUST14085,10,33789.94,3378.994,12068.09,0,16.094,0.4,0.0
CUST14086,10,68210.51000000001,6821.051000000001,44571.73,0,18.521,0.5,0.0
CUST14087,10,36768.04,3676.804,9400.46,0,21.489,0.1,0.0
CUST14088,10,29836.27,2983.627,7151.83,0,15.038,0.6,0.0
CUST14089,10,41603.0,4160.3,8629.96,0,14.422999999999998,0.1,0.0
CUST14090,10,35278.95,3527.8949999999995,9491.99,0,24.576,0.3,0.0
CUST14091,10,20858.2,2085.82,6234.06,0,16.002,0.4,0.0
CUST14092,10,51892.42,5189.242,23935.46,0,20.862000000000002,0.6,0.0
CUST14093,10,23366.170000000002,2336.617,4472.6,0,26.977999999999998,0.1,0.0
CUST14094,10,46259.1,4625.91,9512.09,0,21.179,0.3,0.0
CUST14095,10,24982.25,2498.225,5941.07,0,18.584,0.4,0.0
CUST14096,10,52683.869999999995,5268.387,16385.87,0,20.695,0.4,0.0
CUST14097,10,31750.35,3175.035,6546.14,0,23.224,0.3,0.0
CUST14098,10,40372.909999999996,4037.2909999999997,17515.96,0,18.472,0.2,0.0
CUST14099,10,29979.81,2997.981,5689.03,0,18.719,0.4,0.0
CUST14100,10,33469.57,3346.957,7576.16,0,19.169999999999998,0.3,0.0
CUST14101,10,40249.46,4024.946,13867.2,0,27.546,0.2,0.0
CUST14102,10,32627.670000000002,3262.7670000000003,8398.69,0,14.023000000000001,0.1,0.0
CUST14103,10,24430.16,2443.016,5355.09,0,25.299,0.3,0.0
CUST14104,10,30575.7,3057.57,7725.09,0,18.868000000000002,0.4,0.0
CUST14105,10,41661.770000000004,4166.177000000001,11220.77,1,20.696,0.4,10.0
CUST14106,10,38462.88,3846.2879999999996,14704.63,1,25.849,0.5,10.0
CUST14107,10,57739.409999999996,5773.941,17725.3,0,20.095,0.5,0.0
CUST14108,10,21764.3,2176.43,7120.05,0,16.003999999999998,0.2,0.0
CUST14109,10,58913.86,5891.386,23179.67,0,15.808000000000002,0.7,0.0
CUST14110,10,30620.22,3062.022,8805.85,0,30.694,0.6,0.0
CUST14111,10,57741.420000000006,5774.142000000001,24694.4,0,19.712,0.3,0.0
CUST14112,10,24874.71,2487.471,8177.92,0,18.016,0.6,0.0
CUST14113,10,69286.83,6928.683,13291.17,1,25.468,0.1,10.0
CUST14114,10,34525.28,3452.528,8483.45,0,19.538999999999998,0.3,0.0
CUST14115,10,53299.71,5329.971,19303.57,0,18.078,0.0,0.0
CUST14116,10,20129.05,2012.905,3999.02,0,23.48,0.2,0.0
CUST14117,10,33504.68,3350.468,12978.18,0,24.35,0.0,0.0
CUST14118,10,43676.93,4367.693,10400.18,0,31.794999999999998,0.6,0.0
CUST14119,10,49843.85,4984.385,11481.32,0,17.872,0.3,0.0
CUST14120,10,76319.93,7631.9929999999995,26348.34,0,16.616,0.2,0.0
CUST14121,10,51808.119999999995,5180.812,17018.98,0,19.986,0.9,0.0
CUST14122,10,21385.27,2138.527,5626.23,0,19.725,0.5,0.0
CUST14123,10,43846.83,4384.683,25087.71,1,18.406,0.6,10.0
CUST14124,10,33465.93,3346.593,8580.37,0,24.299,0.3,0.0
CUST14125,10,33371.4,3337.1400000000003,7746.49,1,22.375,0.4,10.0
CUST14126,10,46207.92,4620.7919999999995,12708.53,0,21.604,0.4,0.0
CUST14127,10,23726.510000000002,2372.6510000000003,7366.03,0,16.644,0.4,0.0
CUST14128,10,20494.05,2049.4049999999997,4467.3,0,26.746000000000002,0.5,0.0
CUST14129,10,17403.28,1740.328,5353.96,1,11.744000000000002,0.3,10.0
CUST14130,10,33867.229999999996,3386.7229999999995,9679.09,1,20.380000000000003,0.5,10.0
CUST14131,10,54192.21,5419.221,17951.52,1,18.404,0.6,10.0
CUST14132,10,55246.1,5524.61,18687.89,0,18.634999999999998,0.6,0.0
CUST14133,10,39186.69,3918.6690000000003,12046.3,0,21.454,0.4,0.0
CUST14134,10,38803.28,3880.328,9663.2,0,22.296,0.3,0.0
CUST14135,10,36718.02,3671.8019999999997,7263.27,0,26.588,0.1,0.0
CUST14136,10,25762.12,2576.212,8834.55,1,22.056,0.0,10.0
CUST14137,10,38798.86,3879.886,9857.98,0,12.013,0.6,0.0
CUST14138,10,40367.2,4036.72,16620.18,0,24.631,0.0,0.0
CUST14139,10,30674.960000000003,3067.496,12373.54,0,19.166,0.5,0.0
CUST14140,10,55082.369999999995,5508.236999999999,15597.64,0,19.735,0.6,0.0
CUST14141,10,36675.53,3667.553,11542.93,0,25.338,0.5,0.0
CUST14142,10,74623.35,7462.335000000001,32552.11,1,21.338,0.3,10.0
CUST14143,10,28739.82,2873.982,6149.62,0,20.052,0.2,0.0
CUST14144,10,41815.75,4181.575,18720.5,0,15.77,0.1,0.0
CUST14145,10,43934.979999999996,4393.498,9466.51,0,26.467000000000002,0.5,0.0
CUST14146,10,44331.51,4433.151,19852.05,1,21.086000000000002,0.4,10.0
CUST14147,10,23706.87,2370.687,4693.67,0,24.799,0.3,0.0
CUST14148,10,41474.53,4147.4529999999995,13753.91,0,20.191,0.6,0.0
CUST14149,10,15555.23,1555.523,3951.56,2,31.190999999999995,0.5,20.0
CUST14150,10,41661.63,4166.163,8497.79,0,22.308,0.4,0.0
CUST14151,10,22510.98,2251.098,4741.94,0,19.205000000000002,0.4,0.0
CUST14152,10,41851.369999999995,4185.137,10681.31,0,20.012,0.3,0.0
CUST14153,10,68580.36,6858.036,18871.72,0,15.133,0.2,0.0
CUST14154,10,35899.45,3589.9449999999997,12449.18,0,11.02,0.3,0.0
CUST14155,10,40403.68,4040.368,9753.98,0,17.104999999999997,0.6,0.0
CUST14156,10,24481.07,2448.107,4806.48,0,15.607,0.4,0.0
CUST14157,10,43661.38,4366.138,10080.75,1,16.472,0.7,10.0
CUST14158,10,24204.989999999998,2420.499,5194.65,0,19.093,0.5,0.0
CUST14159,10,65927.06,6592.706,27281.18,0,21.3,0.4,0.0
CUST14160,10,23459.8,2345.98,4135.68,1,24.274,0.8,10.0
CUST14161,10,37183.08,3718.308,11540.66,0,22.556,0.1,0.0
CUST14162,10,34706.67,3470.667,7929.33,0,19.924,0.4,0.0
CUST14163,10,75939.21,7593.921,40378.25,2,24.761000000000003,0.3,20.0
CUST14164,10,40566.47,4056.647,18688.35,0,14.568000000000001,0.4,0.0
CUST14165,10,34713.64,3471.364,14537.83,0,28.798000000000002,0.6,0.0
CUST14166,10,46716.19,4671.619000000001,20130.32,0,23.275,0.2,0.0
CUST14167,10,80052.34999999999,8005.234999999999,29943.43,0,22.149,0.2,0.0
CUST14168,10,27244.28,2724.428,6976.76,0,23.442,0.2,0.0
CUST14169,10,34051.96,3405.196,6035.03,0,22.542,0.6,0.0
CUST14170,10,29127.1,2912.71,8724.66,0,21.899,0.6,0.0
CUST14171,10,49025.71,4902.571,14001.05,0,20.18,0.5,0.0
CUST14172,10,40523.24,4052.3239999999996,11817.16,0,21.428,0.0,0.0
CUST14173,10,41360.880000000005,4136.088000000001,12798.43,0,16.982999999999997,0.4,0.0
CUST14174,10,62379.07,6237.907,19305.96,0,17.378,0.2,0.0
CUST14175,10,38522.92,3852.292,10918.48,0,16.124000000000002,0.3,0.0
CUST14176,10,63601.729999999996,6360.173,17013.27,0,20.413,0.2,0.0
CUST14177,10,47595.34,4759.534,22193.79,0,15.383000000000001,0.3,0.0
CUST14178,10,28196.63,2819.663,7632.75,1,25.834000000000003,0.6,10.0
CUST14179,10,26340.61,2634.061,10865.22,1,21.629,0.6,10.0
CUST14180,10,27054.02,2705.402,7143.75,0,24.253999999999998,1.0,0.0
CUST14181,10,37763.21,3776.321,8857.95,1,19.938,0.4,10.0
CUST14182,10,39456.35,3945.6349999999998,20161.5,0,21.891,0.0,0.0
CUST14183,10,63065.67,6306.567,28060.14,1,13.02,0.3,10.0
CUST14184,10,26499.3,2649.93,5479.24,0,23.345,1.0,0.0
CUST14185,10,115552.98,11555.297999999999,64307.92,1,22.703,0.5,10.0
CUST14186,10,54132.25,5413.225,16172.81,0,21.618000000000002,0.1,0.0
CUST14187,10,60367.81,6036.781,27278.7,1,16.53,0.5,10.0
CUST14188,10,40118.62,4011.862,12037.65,1,20.217000000000002,0.6,10.0
CUST14189,10,77080.31,7708.031,23261.91,0,22.398,0.4,0.0
CUST14190,10,26274.45,2627.445,6312.45,1,21.857999999999997,0.2,10.0
CUST14191,10,78077.0,7807.7,33106.07,0,17.461000000000002,0.4,0.0
CUST14192,10,36594.38,3659.4379999999996,7855.46,0,15.065999999999999,0.4,0.0
CUST14193,10,50339.56,5033.956,21295.32,1,17.183,0.4,10.0
CUST14194,10,96836.31,9683.631,28351.72,0,28.058999999999997,0.2,0.0
CUST14195,10,31369.38,3136.938,8002.34,0,21.234,0.4,0.0
CUST14196,10,38234.77,3823.477,19989.14,0,19.196,0.2,0.0
CUST14197,10,57484.95,5748.495,28276.52,0,20.325,0.0,0.0
CUST14198,10,46080.9,4608.09,8900.24,0,20.755000000000003,0.2,0.0
CUST14199,10,32251.510000000002,3225.1510000000003,6297.21,0,15.937999999999999,0.3,0.0
CUST14200,10,45518.8,4551.88,19007.81,0,18.153,0.2,0.0
CUST14201,10,36068.35,3606.835,7978.5,0,19.613999999999997,0.4,0.0
CUST14202,10,37999.939999999995,3799.9939999999997,14067.9,0,14.609,0.3,0.0
CUST14203,10,37691.31,3769.131,10470.76,0,21.018,0.2,0.0
CUST14204,10,35935.8,3593.5800000000004,15842.29,0,16.298000000000002,0.1,0.0
CUST14205,10,49116.44,4911.644,24194.13,0,17.798,0.3,0.0
CUST14206,10,34766.14,3476.614,8693.14,0,19.901999999999997,0.2,0.0
CUST14207,10,40947.520000000004,4094.7520000000004,6748.55,0,17.41,0.5,0.0
CUST14208,10,89537.33,8953.733,52935.7,0,22.956,0.5,0.0
CUST14209,10,45493.24,4549.324,21323.6,0,14.221,0.1,0.0
CUST14210,10,79658.69,7965.869000000001,43371.26,0,18.724,0.5,0.0
CUST14211,10,66515.63,6651.563,26213.31,0,17.080000000000002,0.2,0.0
CUST14212,10,53361.01,5336.101000000001,22272.81,0,16.684,0.4,0.0
CUST14213,10,33073.87,3307.387,15540.48,0,21.105,0.2,0.0
CUST14214,10,16014.18,1601.4180000000001,3879.55,0,20.829,0.4,0.0
CUST14215,10,31901.429999999997,3190.1429999999996,9582.3,0,18.059,0.6,0.0
CUST14216,10,28951.79,2895.179,4785.13,0,28.583,0.2,0.0
CUST14217,10,27124.39,2712.439,9182.9,0,20.677,0.6,0.0
CUST14218,10,28017.93,2801.793,6896.78,0,20.77,0.4,0.0
CUST14219,10,25128.2,2512.82,11866.74,0,17.097,0.4,0.0
CUST14220,10,46519.49,4651.949,10275.78,0,14.014,0.2,0.0
CUST14221,10,31302.4,3130.2400000000002,8725.37,0,19.665,0.2,0.0
CUST14222,10,24104.870000000003,2410.487,6230.12,0,18.274,0.3,0.0
CUST14223,10,52121.56,5212.156,17759.94,0,27.536,0.6,0.0
CUST14224,10,25807.440000000002,2580.744,5001.98,0,18.322,0.4,0.0
CUST14225,10,45049.15,4504.915,7780.62,0,20.006,0.6,0.0
CUST14226,10,24459.2,2445.92,7077.97,0,24.855,0.5,0.0
CUST14227,10,68581.48,6858.147999999999,27708.34,0,19.976,0.1,0.0
CUST14228,10,36016.590000000004,3601.6590000000006,9077.14,1,21.543,0.5,10.0
CUST14229,10,70848.03,7084.803,40846.25,0,22.2,0.3,0.0
CUST14230,10,55940.47,5594.0470000000005,20560.02,0,21.628,0.1,0.0
CUST14231,10,23404.1,2340.41,5240.61,0,16.66,0.6,0.0
CUST14232,10,21845.54,2184.554,5680.56,0,21.121000000000002,0.3,0.0
CUST14233,10,36931.59,3693.1589999999997,8154.93,0,13.466,0.5,0.0
CUST14234,10,46387.49,4638.749,10628.92,1,20.911,0.4,10.0
CUST14235,10,52048.86,5204.886,15235.52,0,24.892000000000003,0.6,0.0
CUST14236,10,32283.55,3228.355,11402.36,0,23.099,0.5,0.0
CUST14237,10,79855.89,7985.589,34873.95,0,12.239,0.3,0.0
CUST14238,10,49944.69,4994.469,16263.49,0,13.953999999999999,0.5,0.0
CUST14239,10,36153.92,3615.392,13316.33,0,26.172000000000004,0.9,0.0
CUST14240,10,33064.77,3306.477,6859.66,1,15.651,0.7,10.0
CUST14241,10,26408.01,2640.801,6920.96,0,19.329,0.6,0.0
CUST14242,10,37497.26,3749.726,10160.45,0,19.108,0.6,0.0
CUST14243,10,37713.81,3771.381,12863.34,0,26.933,0.5,0.0
CUST14244,10,34685.53,3468.553,8076.83,0,15.495,0.5,0.0
CUST14245,10,28188.260000000002,2818.826,4985.56,1,26.273000000000003,0.6,10.0
CUST14246,10,45069.28,4506.928,27862.68,0,25.375,0.3,0.0
CUST14247,10,23615.850000000002,2361.585,12328.77,0,18.639,0.1,0.0
CUST14248,10,49618.89,4961.889,18967.95,0,18.894,0.2,0.0
CUST14249,10,34086.67,3408.667,13293.87,1,25.424,0.2,10.0
CUST14250,10,23311.65,2331.165,4520.42,0,17.309,0.4,0.0
CUST14251,10,25028.08,2502.808,6482.63,1,27.936,0.4,10.0
CUST14252,10,38542.44,3854.244,16183.98,0,24.699,0.1,0.0
CUST14253,10,53165.479999999996,5316.548,15704.03,1,19.913,0.5,10.0
CUST14254,10,36449.35,3644.935,7967.31,0,22.253999999999998,0.4,0.0
CUST14255,10,26701.2,2670.12,7682.43,0,17.785,0.3,0.0
CUST14256,10,44386.77,4438.677,15733.28,0,26.379,0.7,0.0
CUST14257,10,26904.63,2690.463,8345.13,0,19.838,0.1,0.0
CUST14258,10,40189.75,4018.975,10966.45,1,24.259,0.3,10.0
CUST14259,10,24624.54,2462.454,6559.77,0,21.86,0.4,0.0
CUST14260,10,33103.95,3310.3949999999995,12714.9,0,17.222,0.2,0.0
CUST14261,10,23923.79,2392.379,7694.42,0,17.357999999999997,0.7,0.0
CUST14262,10,45131.229999999996,4513.123,20319.57,0,20.364,0.3,0.0
CUST14263,10,31471.45,3147.145,9045.26,1,20.662,0.5,10.0
CUST14264,10,41873.48,4187.348,11877.79,0,17.963,0.5,0.0
CUST14265,10,34065.13,3406.513,17455.13,0,18.174,0.2,0.0
CUST14266,10,41349.37,4134.937,10738.33,0,22.833,0.3,0.0
CUST14267,10,33067.51,3306.751,10470.51,0,21.469,0.0,0.0
CUST14268,10,87001.78,8700.178,42737.37,0,19.726,0.4,0.0
CUST14269,10,28302.82,2830.282,5331.98,0,20.289,0.2,0.0
CUST14270,10,38524.29,3852.429,10249.43,0,18.212,0.3,0.0
CUST14271,10,75219.37,7521.937,21632.38,0,15.655000000000001,0.3,0.0
CUST14272,10,42623.13,4262.313,24258.03,1,19.853,1.0,10.0
CUST14273,10,65803.14,6580.314,35710.17,0,20.582,0.2,0.0
CUST14274,10,50943.16,5094.316000000001,16053.0,0,17.949,0.4,0.0
CUST14275,10,59687.89,5968.789,16698.32,0,15.472,0.2,0.0
CUST14276,10,62768.51,6276.851000000001,22425.36,1,19.291999999999998,0.4,10.0
CUST14277,10,18565.13,1856.5130000000001,2641.08,0,16.426,0.6,0.0
CUST14278,10,26332.78,2633.278,6562.87,0,16.992,0.3,0.0
CUST14279,10,35612.0,3561.2,5913.0,0,21.322,0.4,0.0
CUST14280,10,34280.2,3428.0199999999995,14209.49,0,24.192,0.4,0.0
CUST14281,10,32047.05,3204.705,12440.97,0,17.500999999999998,0.3,0.0
CUST14282,10,40763.880000000005,4076.3880000000004,10902.36,0,17.802,0.4,0.0
CUST14283,10,38964.909999999996,3896.4909999999995,19504.01,0,22.1,0.4,0.0
CUST14284,10,47922.81,4792.281,18226.51,0,22.512999999999998,0.3,0.0
CUST14285,10,55999.72,5599.972,12782.46,0,19.246000000000002,0.5,0.0
CUST14286,10,42726.23,4272.6230000000005,8079.79,0,24.379,0.2,0.0
CUST14287,10,74383.62,7438.361999999999,37669.31,0,19.446,0.2,0.0
CUST14288,10,51090.4,5109.04,18019.24,0,12.485,0.3,0.0
CUST14289,10,44486.18,4448.618,13660.08,0,21.134999999999998,0.2,0.0
CUST14290,10,12922.9,1292.29,2710.69,0,23.005000000000003,0.3,0.0
CUST14291,10,101218.12000000001,10121.812000000002,68206.32,0,14.402000000000001,0.4,0.0
CUST14292,10,31565.77,3156.577,7582.91,1,20.747,0.2,10.0
CUST14293,10,52079.13,5207.913,15017.57,0,22.108,0.0,0.0
CUST14294,10,101144.17,10114.417,49569.81,1,24.493000000000002,1.1,10.0
CUST14295,10,35692.54,3569.254,17795.36,0,20.09,0.3,0.0
CUST14296,10,33936.39,3393.639,9091.2,0,19.285,0.3,0.0
CUST14297,10,39432.51,3943.251,16736.74,2,28.840999999999998,0.1,20.0
CUST14298,10,30814.91,3081.491,7774.76,0,21.277,0.3,0.0
CUST14299,10,56976.81,5697.681,13997.54,0,25.128,0.2,0.0
CUST14300,10,24673.52,2467.352,5448.67,0,24.906,0.7,0.0
CUST14301,10,30630.66,3063.066,5780.39,0,19.344,0.3,0.0
CUST14302,10,52983.43,5298.343,15476.26,0,17.002,0.3,0.0
CUST14303,10,23856.12,2385.612,4561.41,0,25.97,0.4,0.0
CUST14304,10,39211.03,3921.103,7477.08,0,13.562999999999999,0.5,0.0
CUST14305,10,30677.86,3067.786,12385.74,0,14.575999999999999,0.4,0.0
CUST14306,10,86522.55,8652.255000000001,62090.92,0,21.344,0.5,0.0
CUST14307,10,27918.15,2791.815,7887.56,0,13.143,0.3,0.0
CUST14308,10,32064.82,3206.482,10487.29,0,20.465,0.2,0.0
CUST14309,10,62291.47,6229.147,17251.69,0,22.415,0.4,0.0
CUST14310,10,31377.050000000003,3137.7050000000004,8378.27,0,19.046,0.8,0.0
CUST14311,10,55628.01,5562.801,20789.5,0,17.528,0.2,0.0
CUST14312,10,75455.12,7545.512,33449.95,1,18.764,0.1,10.0
CUST14313,10,43297.26,4329.726000000001,14862.67,0,13.901,0.1,0.0
CUST14314,10,161497.37,16149.737,133830.09,0,22.761,0.1,0.0
CUST14315,10,22139.489999999998,2213.9489999999996,8130.48,0,23.526,0.4,0.0
CUST14316,10,26194.91,2619.491,8230.88,1,20.921,0.5,10.0
CUST14317,10,36715.87,3671.5870000000004,23482.29,0,27.243000000000002,0.2,0.0
CUST14318,10,62910.8,6291.08,25487.56,0,19.374000000000002,0.2,0.0
CUST14319,10,28579.28,2857.928,4428.26,0,18.612000000000002,0.8,0.0
CUST14320,10,59464.740000000005,5946.474,20580.47,0,27.439999999999998,0.1,0.0
CUST14321,10,52347.17,5234.717,21202.42,0,24.255000000000003,0.2,0.0
CUST14322,10,66158.72,6615.872,26040.82,1,20.298000000000002,0.3,10.0
CUST14323,10,36140.2,3614.0199999999995,9247.8,1,20.325,0.3,10.0
CUST14324,10,108905.95,10890.595,43669.27,0,16.383000000000003,0.4,0.0
CUST14325,10,58724.47,5872.447,20458.08,1,18.116,0.6,10.0
CUST14326,10,37123.33,3712.333,22821.73,0,19.831,0.2,0.0
CUST14327,10,40773.14,4077.314,11861.57,0,19.519,0.6,0.0
CUST14328,10,82558.47,8255.847,50275.75,0,19.628,0.1,0.0
CUST14329,10,26913.989999999998,2691.399,8146.04,0,21.036,0.6,0.0
CUST14330,10,62711.28,6271.128,23000.51,0,22.878999999999998,0.3,0.0
CUST14331,10,62556.44,6255.644,40153.75,0,24.556,0.3,0.0
CUST14332,10,51417.57,5141.757,17563.92,0,14.940999999999999,0.0,0.0
CUST14333,10,37743.32,3774.332,8776.16,0,22.2,0.1,0.0
CUST14334,10,51389.63,5138.963,14415.04,0,22.353,0.2,0.0
CUST14335,10,50620.07,5062.007,22599.01,0,16.884999999999998,0.5,0.0
CUST14336,10,30540.760000000002,3054.076,4809.96,1,23.009,0.6,10.0
CUST14337,10,35348.42,3534.8419999999996,8811.17,0,17.077,0.5,0.0
CUST14338,10,25756.98,2575.698,5842.07,0,19.889,0.5,0.0
CUST14339,10,43096.77,4309.677,15249.05,0,18.959,0.3,0.0
CUST14340,10,40490.3,4049.03,15070.65,0,20.953,0.5,0.0
CUST14341,10,73353.08,7335.308,30970.87,0,20.056,0.4,0.0
CUST14342,10,47965.770000000004,4796.577,14105.62,1,15.391,0.5,10.0
CUST14343,10,76793.75,7679.375,28751.02,0,17.851,0.1,0.0
CUST14344,10,38248.490000000005,3824.8490000000006,10565.69,0,21.369999999999997,0.1,0.0
CUST14345,10,71049.23999999999,7104.923999999999,22931.6,0,20.253,0.1,0.0
CUST14346,10,32165.18,3216.518,8658.67,0,17.492,0.4,0.0
CUST14347,10,48723.66,4872.366,23847.7,0,20.079,0.1,0.0
CUST14348,10,24378.43,2437.843,5264.85,0,27.393,0.2,0.0
CUST14349,10,33532.44,3353.244,13937.28,0,20.618000000000002,0.1,0.0
CUST14350,10,30051.16,3005.116,7368.53,0,24.041999999999998,0.2,0.0
CUST14351,10,83719.81999999999,8371.982,39433.31,0,24.224,0.7,0.0
CUST14352,10,84505.04,8450.503999999999,52922.77,0,13.3,0.3,0.0
CUST14353,10,39724.29,3972.429,11518.27,0,15.016,0.4,0.0
CUST14354,10,55111.13,5511.112999999999,15256.72,0,25.55,0.3,0.0
CUST14355,10,23412.68,2341.268,4867.07,0,15.897,0.1,0.0
CUST14356,10,26090.75,2609.075,10724.85,0,21.927,0.3,0.0
CUST14357,10,51922.37,5192.237,13549.53,0,26.736,0.1,0.0
CUST14358,10,42953.21,4295.321,14134.14,1,20.64,0.2,10.0
CUST14359,10,82044.9,8204.49,25514.6,1,18.354,0.5,10.0
CUST14360,10,22101.530000000002,2210.1530000000002,7833.68,0,22.229000000000003,0.2,0.0
CUST14361,10,51108.21,5110.821,18858.58,0,18.919,0.4,0.0
CUST14362,10,25854.59,2585.459,7500.05,0,20.644,0.1,0.0
CUST14363,10,29976.42,2997.642,7832.05,0,22.983,0.8,0.0
CUST14364,10,24649.739999999998,2464.9739999999997,4790.53,1,24.351,0.8,10.0
CUST14365,10,32838.12,3283.8120000000004,11403.4,0,16.907,0.5,0.0
CUST14366,10,34846.21,3484.621,11740.0,0,19.377000000000002,0.4,0.0
CUST14367,10,15021.74,1502.174,3530.25,0,17.494999999999997,0.5,0.0
CUST14368,10,104782.44,10478.244,67758.38,0,22.628999999999998,0.3,0.0
CUST14369,10,50677.729999999996,5067.772999999999,23340.77,0,20.411,0.2,0.0
CUST14370,10,22323.870000000003,2232.387,6232.77,0,17.469,0.1,0.0
CUST14371,10,24839.98,2483.998,3730.62,0,22.144,0.3,0.0
CUST14372,10,28688.39,2868.839,9595.26,0,16.725,0.3,0.0
CUST14373,10,30731.48,3073.148,9521.91,0,18.731,0.0,0.0
CUST14374,10,30138.75,3013.875,11396.25,0,24.701,0.4,0.0
CUST14375,10,31026.2,3102.62,9971.06,0,17.038999999999998,0.5,0.0
CUST14376,10,22493.03,2249.303,7804.55,0,16.845,0.8,0.0
CUST14377,10,46057.99,4605.799,12602.12,0,12.452,0.3,0.0
CUST14378,10,31267.579999999998,3126.758,18845.48,0,20.016,0.4,0.0
CUST14379,10,30800.97,3080.097,6420.23,0,15.842000000000002,0.1,0.0
CUST14380,10,35896.520000000004,3589.6520000000005,7679.83,0,22.479,0.8,0.0
CUST14381,10,26694.7,2669.4700000000003,8030.93,0,19.71,0.2,0.0
CUST14382,10,28002.64,2800.264,7708.52,0,17.71,0.2,0.0
CUST14383,10,33559.479999999996,3355.9479999999994,8237.27,0,24.017000000000003,0.3,0.0
CUST14384,10,35743.17,3574.317,13652.9,0,14.321000000000002,0.3,0.0
CUST14385,10,40403.26,4040.326,14114.72,0,25.832,0.2,0.0
CUST14386,10,94392.06,9439.206,50250.02,0,18.334,0.2,0.0
CUST14387,10,29176.210000000003,2917.621,7507.93,0,17.308,0.1,0.0
CUST14388,10,19366.45,1936.645,4743.93,1,13.477,0.3,10.0
CUST14389,10,22407.25,2240.725,4101.95,0,15.634,0.6,0.0
CUST14390,10,34472.82,3447.282,16226.29,0,19.434,0.3,0.0
CUST14391,10,43657.73,4365.773,12213.29,0,27.130000000000003,0.2,0.0
CUST14392,10,38652.6,3865.2599999999998,11423.11,1,30.329,1.0,10.0
CUST14393,10,79334.0,7933.4,28337.23,0,31.136000000000003,0.6,0.0
CUST14394,10,56796.850000000006,5679.685,16598.11,0,18.23,0.3,0.0
CUST14395,10,35500.71,3550.071,7715.78,0,21.406,0.1,0.0
CUST14396,10,54099.15,5409.915,25966.32,0,24.976999999999997,0.4,0.0
CUST14397,10,55659.670000000006,5565.967000000001,25366.88,0,24.253999999999998,0.3,0.0
CUST14398,10,46112.77,4611.277,12027.18,1,11.463,0.7,10.0
CUST14399,10,57680.3,5768.030000000001,27751.81,2,18.497,0.3,20.0
CUST14400,10,36150.55,3615.0550000000003,8670.32,0,18.032,0.1,0.0
CUST14401,10,33096.02,3309.602,11619.25,0,23.909,0.1,0.0
CUST14402,10,52305.83,5230.5830000000005,22118.6,0,19.179,0.3,0.0
CUST14403,10,39749.99,3974.999,11335.91,0,20.482999999999997,0.2,0.0
CUST14404,10,34872.3,3487.2300000000005,8067.68,0,20.94,0.8,0.0
CUST14405,10,41316.67,4131.6669999999995,12822.0,0,15.776999999999997,0.6,0.0
CUST14406,10,31528.43,3152.843,5504.06,0,13.581999999999999,0.3,0.0
CUST14407,10,47891.48,4789.148,17799.11,0,12.393,0.1,0.0
CUST14408,10,22580.039999999997,2258.004,6681.5,1,24.509,0.4,10.0
CUST14409,10,39346.51,3934.6510000000003,8810.52,0,27.219,0.5,0.0
CUST14410,10,33132.05,3313.2050000000004,14734.87,0,16.529,0.4,0.0
CUST14411,10,31752.61,3175.261,9547.95,0,22.621000000000002,0.6,0.0
CUST14412,10,28017.31,2801.731,9001.02,2,15.788999999999998,0.2,20.0
CUST14413,10,74309.95,7430.995,57273.77,0,15.315000000000001,0.3,0.0
CUST14414,10,37812.61,3781.261,11682.65,0,21.508,0.2,0.0
CUST14415,10,41549.96,4154.996,22822.71,0,26.177,0.3,0.0
CUST14416,10,42874.26,4287.426,21686.54,0,19.621000000000002,0.3,0.0
CUST14417,10,52693.85,5269.385,16706.51,0,15.428999999999998,0.2,0.0
CUST14418,10,41575.63,4157.563,17588.39,0,21.556,0.3,0.0
CUST14419,10,39561.020000000004,3956.1020000000003,11355.49,0,17.806,0.4,0.0
CUST14420,10,38421.65,3842.165,8367.43,1,18.528,0.4,10.0
CUST14421,10,33649.51,3364.951,7519.8,0,18.029000000000003,1.0,0.0
CUST14422,10,37124.95,3712.495,11393.36,1,18.515,0.5,10.0
CUST14423,10,36517.28,3651.728,16458.85,0,20.056,0.6,0.0
CUST14424,10,34876.14,3487.614,14034.47,0,14.443000000000001,0.1,0.0
CUST14425,10,39116.409999999996,3911.6409999999996,12292.46,0,19.215,0.2,0.0
CUST14426,10,54733.0,5473.3,16473.58,0,27.073,0.3,0.0
CUST14427,10,37026.09,3702.6089999999995,13488.93,0,19.923000000000002,0.3,0.0
CUST14428,10,30741.010000000002,3074.101,13736.04,0,22.404000000000003,0.3,0.0
CUST14429,10,37983.990000000005,3798.3990000000003,10742.7,1,23.387999999999998,0.2,10.0
CUST14430,10,108675.57,10867.557,41723.75,1,17.419,0.5,10.0
CUST14431,10,38403.979999999996,3840.3979999999997,6269.19,0,22.292,0.4,0.0
CUST14432,10,54363.31,5436.331,18023.31,1,19.741,0.6,10.0
CUST14433,10,36521.73,3652.1730000000002,6993.19,0,21.919999999999998,0.3,0.0
CUST14434,10,28098.58,2809.858,8037.6,0,19.380000000000003,0.9,0.0
CUST14435,10,55060.47,5506.0470000000005,15179.07,1,25.375,0.4,10.0
CUST14436,10,36038.05,3603.8050000000003,7555.54,0,15.505,0.4,0.0
CUST14437,10,69114.62,6911.4619999999995,35942.96,0,17.514000000000003,0.3,0.0
CUST14438,10,63626.41,6362.6410000000005,26499.68,0,17.896,0.5,0.0
CUST14439,10,19231.6,1923.1599999999999,7408.98,1,13.373,0.1,10.0
CUST14440,10,33694.4,3369.44,5566.53,0,19.020000000000003,0.4,0.0
CUST14441,10,54213.719999999994,5421.371999999999,22980.01,1,15.449000000000002,0.3,10.0
CUST14442,10,48372.68,4837.268,15073.28,1,17.738999999999997,0.4,10.0
CUST14443,10,27785.83,2778.583,6787.33,0,22.078,0.2,0.0
CUST14444,10,29318.85,2931.8849999999998,6812.12,0,24.261,0.2,0.0
CUST14445,10,32122.78,3212.278,6146.62,0,17.543,0.3,0.0
CUST14446,10,48992.28,4899.228,21255.0,1,17.437,0.4,10.0
CUST14447,10,59804.0,5980.4,38784.14,2,19.843,0.2,20.0
CUST14448,10,48599.73,4859.973,8163.59,1,21.871000000000002,0.6,10.0
CUST14449,10,41961.55,4196.155000000001,10116.03,0,11.447,0.5,0.0
CUST14450,10,15472.369999999999,1547.2369999999999,3198.48,0,23.777,0.3,0.0
CUST14451,10,26519.75,2651.975,8442.81,0,20.868000000000002,1.1,0.0
CUST14452,10,31208.960000000003,3120.896,10277.93,0,18.752000000000002,0.1,0.0
CUST14453,10,53439.97,5343.997,14060.04,1,16.901,0.5,10.0
CUST14454,10,49074.93,4907.493,15115.3,0,16.177,0.3,0.0
CUST14455,10,44483.65,4448.365,12748.37,0,16.722,0.5,0.0
CUST14456,10,40454.74,4045.4739999999997,9691.54,0,20.875,0.1,0.0
CUST14457,10,40634.68,4063.468,18834.83,0,29.182,0.4,0.0
CUST14458,10,45929.47,4592.947,15102.99,0,17.222,0.9,0.0
CUST14459,10,52293.74,5229.374,9217.71,0,19.209,0.5,0.0
CUST14460,10,72670.89,7267.089,31260.7,0,12.059999999999999,0.4,0.0
CUST14461,10,130602.24,13060.224,58263.04,0,17.243000000000002,0.2,0.0
CUST14462,10,28200.57,2820.057,15410.61,0,21.712,0.4,0.0
CUST14463,10,37695.88,3769.5879999999997,7245.64,2,25.472,0.4,20.0
CUST14464,10,65415.11,6541.511,33048.84,0,18.579,0.5,0.0
CUST14465,10,44003.06,4400.306,9560.73,0,26.206,0.4,0.0
CUST14466,10,60215.86,6021.586,17332.57,0,24.975,0.4,0.0
CUST14467,10,35139.19,3513.9190000000003,9332.66,0,17.653,0.6,0.0
CUST14468,10,23899.789999999997,2389.979,9576.49,0,10.684000000000001,0.4,0.0
CUST14469,10,17925.66,1792.566,5859.28,1,18.258,0.3,10.0
CUST14470,10,42677.63,4267.763,11112.4,0,26.381999999999998,0.2,0.0
CUST14471,10,51108.520000000004,5110.852000000001,10346.31,0,17.136,0.3,0.0
CUST14472,10,41613.770000000004,4161.377,10114.12,0,21.034,0.3,0.0
CUST14473,10,25802.6,2580.2599999999998,7456.99,0,26.232999999999997,0.5,0.0
CUST14474,10,34490.72,3449.072,10086.67,0,19.585,0.3,0.0
CUST14475,10,31165.8,3116.58,7335.29,0,20.027,0.2,0.0
CUST14476,10,39133.65,3913.3650000000002,15796.01,0,18.862000000000002,0.3,0.0
CUST14477,10,24632.98,2463.298,6466.08,1,26.092000000000002,0.4,10.0
CUST14478,10,34678.19,3467.8190000000004,9981.98,0,19.853,0.3,0.0
CUST14479,10,165472.88,16547.288,138347.57,0,21.224,0.5,0.0
CUST14480,10,55783.939999999995,5578.393999999999,16657.14,0,21.837,0.2,0.0
CUST14481,10,117305.79,11730.579,50383.75,0,19.048,0.7,0.0
CUST14482,10,30256.69,3025.669,8115.82,0,20.887,0.4,0.0
CUST14483,10,56387.14,5638.714,27380.71,0,16.332,0.2,0.0
CUST14484,10,29603.71,2960.371,7967.22,1,11.452000000000002,0.6,10.0
CUST14485,10,26931.489999999998,2693.149,7742.59,0,13.023,0.1,0.0
CUST14486,10,22960.5,2296.05,4817.48,0,20.047,0.3,0.0
CUST14487,10,57095.5,5709.55,27876.25,0,19.125999999999998,0.2,0.0
CUST14488,10,19455.43,1945.5430000000001,4784.86,0,17.875999999999998,0.7,0.0
CUST14489,10,38890.83,3889.083,14323.64,0,18.186,0.2,0.0
CUST14490,10,30505.09,3050.509,7712.95,0,19.429,0.4,0.0
CUST14491,10,53319.3,5331.93,16596.36,0,18.301,0.2,0.0
CUST14492,10,34786.34,3478.6339999999996,13155.24,0,27.054000000000002,0.3,0.0
CUST14493,10,27483.87,2748.3869999999997,5463.92,0,18.537,0.4,0.0
CUST14494,10,42529.87,4252.987,12381.27,0,12.631,0.3,0.0
CUST14495,10,42011.17,4201.117,12525.64,0,20.12,0.2,0.0
CUST14496,10,37557.0,3755.7,8681.25,0,20.694,0.5,0.0
CUST14497,10,54693.11,5469.311,22902.08,1,28.798000000000002,0.4,10.0
CUST14498,10,46892.72,4689.272,15891.21,0,24.968,0.5,0.0
CUST14499,10,53246.49,5324.648999999999,19267.46,0,22.564,0.1,0.0
CUST14500,10,96336.73000000001,9633.673,24730.37,0,20.038999999999998,0.4,0.0
CUST14501,10,90707.91,9070.791000000001,75859.31,0,14.556000000000001,0.1,0.0
CUST14502,10,34239.78,3423.978,14645.0,0,20.278,0.2,0.0
CUST14503,10,17961.74,1796.1740000000002,3909.87,0,22.957,0.6,0.0
CUST14504,10,38862.14,3886.214,19114.89,1,19.901999999999997,0.4,10.0
CUST14505,10,38331.32,3833.132,17799.9,0,26.830000000000002,0.1,0.0
CUST14506,10,54046.45,5404.6449999999995,22825.15,0,28.326999999999998,0.3,0.0
CUST14507,10,72097.83,7209.783,40673.86,0,18.467,0.7,0.0
CUST14508,10,54393.67,5439.367,14948.95,0,22.053,0.4,0.0
CUST14509,10,49966.189999999995,4996.619,11423.25,0,18.035,0.2,0.0
CUST14510,10,60868.68,6086.868,27815.14,0,24.555,0.7,0.0
CUST14511,10,53986.49,5398.648999999999,21264.37,0,19.841,0.7,0.0
CUST14512,10,49095.16,4909.5160000000005,9201.55,2,20.601999999999997,0.8,20.0
CUST14513,10,52031.72,5203.1720000000005,22750.09,0,23.586000000000002,0.3,0.0
CUST14514,10,50748.58,5074.858,15371.58,1,22.758,0.2,10.0
CUST14515,10,45371.020000000004,4537.102000000001,17796.9,0,27.949,0.3,0.0
CUST14516,10,41482.94,4148.294,13451.04,0,24.009,0.3,0.0
CUST14517,10,40697.130000000005,4069.7130000000006,8101.48,0,17.008000000000003,0.3,0.0
CUST14518,10,33437.06,3343.7059999999997,9593.33,0,16.788,0.5,0.0
CUST14519,10,37752.31,3775.2309999999998,13361.51,0,15.371,0.5,0.0
CUST14520,10,40365.8,4036.5800000000004,15235.1,0,13.172999999999998,0.2,0.0
CUST14521,10,71391.51000000001,7139.151000000001,19620.83,0,26.15,0.6,0.0
CUST14522,10,24076.1,2407.6099999999997,5445.03,0,13.207999999999998,0.3,0.0
CUST14523,10,12334.78,1233.478,1771.41,1,20.240000000000002,0.3,10.0
CUST14524,10,62997.33,6299.733,22669.74,0,12.916,0.4,0.0
CUST14525,10,23749.08,2374.9080000000004,5265.27,0,21.98,0.6,0.0
CUST14526,10,36438.99,3643.899,9707.16,0,26.315999999999995,0.4,0.0
CUST14527,10,35702.35,3570.2349999999997,7464.18,1,27.911,0.6,10.0
CUST14528,10,38621.01,3862.101,13261.44,0,18.195,0.3,0.0
CUST14529,10,40111.090000000004,4011.1090000000004,11047.61,1,27.125999999999998,0.8,10.0
CUST14530,10,40839.869999999995,4083.9869999999996,15115.14,1,27.214999999999996,0.3,10.0
CUST14531,10,36854.67,3685.4669999999996,8107.2,2,23.404,0.8,20.0
CUST14532,10,27582.81,2758.281,6837.9,0,16.572,0.4,0.0
CUST14533,10,78469.15,7846.914999999999,57742.84,0,19.915,0.4,0.0
CUST14534,10,25383.949999999997,2538.3949999999995,6122.4,0,18.332,0.2,0.0
CUST14535,10,36893.05,3689.3050000000003,9935.78,0,15.996,0.4,0.0
CUST14536,10,32667.010000000002,3266.701,9795.99,0,17.186,0.1,0.0
CUST14537,10,21812.7,2181.27,3879.84,0,18.9,0.7,0.0
CUST14538,10,29967.190000000002,2996.719,12636.86,0,22.097,0.1,0.0
CUST14539,10,28829.760000000002,2882.976,10565.53,0,19.524,0.6,0.0
CUST14540,10,27991.65,2799.165,7232.59,0,19.618000000000002,0.3,0.0
CUST14541,10,46589.2,4658.92,17400.39,1,14.01,0.2,10.0
CUST14542,10,23019.02,2301.902,8450.03,0,16.244999999999997,0.3,0.0
CUST14543,10,41250.520000000004,4125.052000000001,11884.1,0,15.998,0.4,0.0
CUST14544,10,23704.57,2370.457,6349.21,0,22.338,0.9,0.0
CUST14545,10,35080.03,3508.0029999999997,11945.7,0,20.024,0.2,0.0
CUST14546,10,15756.36,1575.636,3417.03,0,22.673,0.1,0.0
CUST14547,10,38933.979999999996,3893.3979999999997,9564.88,0,22.347,0.0,0.0
CUST14548,10,63824.66,6382.466,22605.79,0,28.234,0.3,0.0
CUST14549,10,30374.54,3037.454,6790.82,0,14.190000000000001,0.3,0.0
CUST14550,10,38541.69,3854.1690000000003,6885.93,0,23.112000000000002,0.3,0.0
CUST14551,10,97552.79000000001,9755.279,47733.12,0,17.024,0.4,0.0
CUST14552,10,94207.61,9420.761,55040.35,0,18.871000000000002,0.8,0.0
CUST14553,10,51853.88,5185.388,21615.13,1,25.576,0.5,10.0
CUST14554,10,22716.670000000002,2271.6670000000004,4459.16,1,17.002000000000002,0.5,10.0
CUST14555,10,67486.16,6748.616,29755.91,0,17.692,0.1,0.0
CUST14556,10,81737.56999999999,8173.757,34774.42,0,21.837,0.3,0.0
CUST14557,10,34681.96,3468.196,8746.25,0,15.61,0.2,0.0
CUST14558,10,21867.15,2186.715,6718.53,0,14.328,0.6,0.0
CUST14559,10,65738.93,6573.892999999999,35453.27,0,16.872999999999998,0.1,0.0
CUST14560,10,46700.68,4670.068,14400.01,0,22.558,0.2,0.0
CUST14561,10,56688.21,5668.821,15171.96,0,14.680000000000001,0.4,0.0
CUST14562,10,32109.58,3210.958,7615.52,0,15.416,0.6,0.0
CUST14563,10,32558.53,3255.853,7074.61,1,24.281,0.6,10.0
CUST14564,10,45515.5,4551.55,9702.78,0,15.331,0.3,0.0
CUST14565,10,308431.61000000004,30843.161000000004,285244.94,1,17.185,0.4,10.0
CUST14566,10,35023.83,3502.3830000000003,10351.61,0,14.729,0.4,0.0
CUST14567,10,44484.78,4448.478,9746.72,0,15.022,0.5,0.0
CUST14568,10,70897.13,7089.713000000001,22238.74,0,19.8,0.5,0.0
CUST14569,10,16630.3,1663.03,3282.21,1,25.241,0.4,10.0
CUST14570,10,20940.670000000002,2094.067,5315.13,0,27.092000000000002,0.1,0.0
CUST14571,10,21070.0,2107.0,5764.31,0,24.543,0.2,0.0
CUST14572,10,23528.75,2352.875,4615.53,0,28.317,0.7,0.0
CUST14573,10,26709.69,2670.969,7647.98,0,17.107999999999997,0.2,0.0
CUST14574,10,322305.33,32230.533000000003,294283.44,0,20.625999999999998,0.2,0.0
CUST14575,10,35672.939999999995,3567.2939999999994,9934.72,0,22.609,0.3,0.0
CUST14576,10,60683.149999999994,6068.315,29408.1,1,22.681,0.2,10.0
CUST14577,10,50210.22,5021.022,10845.22,0,21.577,0.4,0.0
CUST14578,10,25953.37,2595.337,9656.33,0,17.018,0.2,0.0
CUST14579,10,69006.84000000001,6900.684000000001,47644.04,0,21.06,0.2,0.0
CUST14580,10,38905.89,3890.589,14487.77,0,14.675999999999998,0.2,0.0
CUST14581,10,34806.67,3480.667,10235.96,0,20.694,0.2,0.0
CUST14582,10,39387.08,3938.708,7160.41,0,18.378,0.2,0.0
CUST14583,10,31736.83,3173.683,7198.0,0,21.576,0.4,0.0
CUST14584,10,47957.03,4795.7029999999995,21696.08,0,19.720999999999997,0.6,0.0
CUST14585,10,24337.67,2433.767,5962.86,1,15.553,0.1,10.0
CUST14586,10,39748.19,3974.8190000000004,12629.88,0,19.907,0.1,0.0
CUST14587,10,45552.43,4555.243,14761.43,1,21.833000000000002,0.1,10.0
CUST14588,10,57726.6,5772.66,13891.53,1,23.256999999999998,1.1,10.0
CUST14589,10,37060.87,3706.0870000000004,20559.25,0,13.9,0.5,0.0
CUST14590,10,122966.34999999999,12296.634999999998,74361.93,0,24.368000000000002,0.3,0.0
CUST14591,10,36628.85,3662.8849999999998,12933.35,0,27.189,0.5,0.0
CUST14592,10,49750.76,4975.076,19069.38,0,16.152,0.4,0.0
CUST14593,10,38827.58,3882.7580000000003,6586.42,0,19.862000000000002,0.2,0.0
CUST14594,10,39414.93,3941.493,15982.5,0,26.256,0.7,0.0
CUST14595,10,40418.5,4041.85,18044.86,0,16.171,0.6,0.0
CUST14596,10,61918.91,6191.8910000000005,22743.8,1,24.416999999999998,0.4,10.0
CUST14597,10,93337.09,9333.708999999999,45795.06,0,17.259,0.2,0.0
CUST14598,10,39520.770000000004,3952.077,13492.64,1,14.472,0.7,10.0
CUST14599,10,44572.340000000004,4457.234,16011.19,0,18.348,0.2,0.0
CUST14600,10,38766.4,3876.6400000000003,24560.98,0,15.285999999999998,0.1,0.0
CUST14601,10,42317.11,4231.711,14312.19,0,20.012,0.0,0.0
CUST14602,10,34941.91,3494.1910000000003,9933.39,0,21.986,0.3,0.0
CUST14603,10,27621.79,2762.179,11748.99,0,20.199,0.4,0.0
CUST14604,10,43464.380000000005,4346.438,11723.54,0,17.75,0.6,0.0
CUST14605,10,25274.84,2527.484,7333.14,0,19.494,0.6,0.0
CUST14606,10,23279.97,2327.9970000000003,5942.04,1,23.764,0.4,10.0
CUST14607,10,27247.94,2724.794,6513.63,0,27.52,0.2,0.0
CUST14608,10,49978.22,4997.822,11399.37,0,26.158000000000005,0.2,0.0
CUST14609,10,29395.17,2939.517,5796.91,0,17.014,0.1,0.0
CUST14610,10,47401.26,4740.126,12489.94,1,14.811000000000002,0.2,10.0
CUST14611,10,41163.01,4116.301,21590.99,0,24.241999999999997,0.5,0.0
CUST14612,10,44223.71,4422.371,11702.57,0,20.058,0.3,0.0
CUST14613,10,35576.2,3557.62,8982.45,0,19.875,0.5,0.0
CUST14614,10,30590.94,3059.094,5571.04,1,27.034,0.1,10.0
CUST14615,10,60054.16,6005.416,11103.03,0,20.419,0.6,0.0
CUST14616,10,44404.4,4440.4400000000005,13019.25,0,17.317,0.2,0.0
CUST14617,10,28293.5,2829.35,6206.69,0,12.422,0.6,0.0
CUST14618,10,26967.79,2696.779,6515.29,0,15.211000000000002,0.3,0.0
CUST14619,10,47168.21,4716.821,16543.9,0,20.695,0.4,0.0
CUST14620,10,92858.88,9285.888,42573.19,0,25.630000000000003,1.0,0.0
CUST14621,10,71667.6,7166.76,27539.1,0,23.233,0.4,0.0
CUST14622,10,38254.08,3825.4080000000004,13071.5,0,18.35,0.3,0.0
CUST14623,10,64913.840000000004,6491.384,19337.46,0,23.495,0.4,0.0
CUST14624,10,29508.120000000003,2950.8120000000004,10109.17,0,32.469,0.5,0.0
CUST14625,10,16386.78,1638.6779999999999,2831.68,0,12.886,0.6,0.0
CUST14626,10,78854.38,7885.438,26952.47,0,15.513,0.4,0.0
CUST14627,10,21217.99,2121.799,8322.04,0,18.085,0.4,0.0
CUST14628,10,25043.84,2504.384,8735.22,0,21.672,0.1,0.0
CUST14629,10,37243.54,3724.3540000000003,10886.58,0,12.924000000000001,0.7,0.0
CUST14630,10,29990.85,2999.085,8596.74,0,16.512999999999998,0.3,0.0
CUST14631,10,36370.18,3637.018,8410.74,0,16.146,0.4,0.0
CUST14632,10,29438.48,2943.848,10447.13,0,27.218,0.4,0.0
CUST14633,10,80061.04999999999,8006.104999999999,54901.57,1,20.943,0.2,10.0
CUST14634,10,33221.880000000005,3322.1880000000006,8796.28,0,24.592000000000002,0.6,0.0
CUST14635,10,39631.93,3963.193,10555.05,0,11.452,0.2,0.0
CUST14636,10,63371.22,6337.122,20722.85,0,19.372999999999998,0.4,0.0
CUST14637,10,35050.23,3505.023,8120.64,0,17.921,0.3,0.0
CUST14638,10,49988.35,4998.835,24812.43,0,19.869999999999997,0.5,0.0
CUST14639,10,43682.35,4368.235,7067.49,1,24.830000000000002,0.2,10.0
CUST14640,10,44095.39,4409.539,9909.65,1,27.7,0.7,10.0
CUST14641,10,40919.94,4091.994,9003.53,0,16.676,0.3,0.0
CUST14642,10,29498.01,2949.801,9989.16,0,29.444,0.3,0.0
CUST14643,10,46825.68,4682.568,19597.06,0,16.826,0.2,0.0
CUST14644,10,50159.04,5015.904,20011.49,0,23.788999999999998,0.2,0.0
CUST14645,10,135768.31,13576.831,89210.55,0,17.412,0.4,0.0
CUST14646,10,52519.31,5251.931,13500.24,0,18.505000000000003,0.4,0.0
CUST14647,10,70573.86,7057.386,17773.99,0,22.212,0.4,0.0
CUST14648,10,30054.02,3005.402,13287.66,0,12.712,0.3,0.0
CUST14649,10,31098.32,3109.832,10952.54,0,14.522,0.3,0.0
CUST14650,10,39888.65,3988.8650000000002,17668.66,0,20.762999999999998,0.2,0.0
CUST14651,10,79765.75,7976.575,38252.9,0,19.948,0.8,0.0
CUST14652,10,36949.61,3694.9610000000002,18037.31,0,19.294999999999998,0.6,0.0
CUST14653,10,89492.79999999999,8949.279999999999,57351.18,0,19.288,0.1,0.0
CUST14654,10,36589.21,3658.921,13170.03,0,19.435,0.1,0.0
CUST14655,10,43923.64,4392.364,11614.06,0,20.883,0.4,0.0
CUST14656,10,34936.62,3493.6620000000003,8478.34,0,13.184000000000001,0.3,0.0
CUST14657,10,43880.28,4388.028,10387.68,1,20.657,0.6,10.0
CUST14658,10,25439.690000000002,2543.969,9089.61,0,16.497999999999998,0.5,0.0
CUST14659,10,44421.53,4442.153,26474.46,0,20.011000000000003,0.3,0.0
CUST14660,10,26724.76,2672.4759999999997,5965.16,0,11.775,0.5,0.0
CUST14661,10,65540.82,6554.082,12026.78,1,19.671,0.3,10.0
CUST14662,10,54447.62,5444.762000000001,13385.46,0,15.639000000000001,0.1,0.0
CUST14663,10,38876.11,3887.611,10072.02,0,18.827,0.4,0.0
CUST14664,10,86445.73,8644.573,33015.22,1,21.509999999999998,0.8,10.0
CUST14665,10,47429.14,4742.914,17830.07,0,18.753999999999998,0.2,0.0
CUST14666,10,30893.29,3089.329,15797.7,1,17.994999999999997,0.4,10.0
CUST14667,10,28212.9,2821.29,9738.87,0,22.847,0.4,0.0
CUST14668,10,61962.6,6196.26,45190.38,0,19.305,0.2,0.0
CUST14669,10,39196.57,3919.657,14627.47,0,19.319,0.1,0.0
CUST14670,10,56134.700000000004,5613.47,18964.55,0,27.764999999999997,0.6,0.0
CUST14671,10,30554.45,3055.445,6314.05,0,14.578,0.4,0.0
CUST14672,10,24540.01,2454.0009999999997,6548.77,0,22.666999999999998,0.6,0.0
CUST14673,10,45333.87,4533.387000000001,21560.9,0,24.905,0.4,0.0
CUST14674,10,77862.0,7786.2,33757.23,0,24.285,0.5,0.0
CUST14675,10,25139.05,2513.9049999999997,6838.29,0,18.234,0.2,0.0
CUST14676,10,25856.329999999998,2585.633,6849.52,0,16.123,0.3,0.0
CUST14677,10,55367.88,5536.788,20838.8,1,24.244,0.8,10.0
CUST14678,10,39100.79,3910.079,8523.91,0,21.904999999999998,0.6,0.0
CUST14679,10,42931.05,4293.1050000000005,14861.29,0,21.791999999999998,0.4,0.0
CUST14680,10,26398.69,2639.8689999999997,5999.98,0,20.756999999999998,0.7,0.0
CUST14681,10,29614.8,2961.48,9427.16,0,14.330000000000002,0.0,0.0
CUST14682,10,74097.37,7409.736999999999,26435.49,0,21.288,0.2,0.0
CUST14683,10,66281.99,6628.1990000000005,15669.56,0,17.801,0.1,0.0
CUST14684,10,47753.34,4775.334,12320.75,0,19.855,0.3,0.0
CUST14685,10,56837.119999999995,5683.7119999999995,15778.96,0,19.749000000000002,0.4,0.0
CUST14686,10,38405.22,3840.522,15658.95,0,23.269,0.4,0.0
CUST14687,10,112135.67,11213.567,62047.28,0,21.451,0.3,0.0
CUST14688,10,33029.41,3302.9410000000003,7938.63,0,21.824,0.2,0.0
CUST14689,10,59371.149999999994,5937.115,23575.19,0,10.972,0.4,0.0
CUST14690,10,40064.95,4006.495,12020.43,0,25.114,0.3,0.0
CUST14691,10,48774.19,4877.419,12027.46,0,26.299,0.3,0.0
CUST14692,10,21685.31,2168.531,5734.68,1,11.299,0.4,10.0
CUST14693,10,48574.62,4857.462,12755.02,0,18.119,0.5,0.0
CUST14694,10,25198.56,2519.856,11414.24,0,20.698,0.2,0.0
CUST14695,10,31670.18,3167.018,7898.38,0,20.933,0.6,0.0
CUST14696,10,18417.93,1841.7930000000001,3153.34,0,18.25,0.1,0.0
CUST14697,10,32533.54,3253.3540000000003,5769.3,0,25.575,0.6,0.0
CUST14698,10,44094.47,4409.447,9424.65,2,18.431,0.3,20.0
CUST14699,10,70811.34,7081.134,22846.46,1,21.791,0.2,10.0
CUST14700,10,73924.68,7392.467999999999,31595.26,0,15.422,0.4,0.0
CUST14701,10,37659.29,3765.929,13376.14,1,19.89,0.6,10.0
CUST14702,10,25844.989999999998,2584.499,7912.28,0,18.884,0.4,0.0
CUST14703,10,57911.549999999996,5791.155,23746.66,0,25.454,0.4,0.0
CUST14704,10,58992.49,5899.249,25616.03,0,25.578,0.2,0.0
CUST14705,10,34935.43,3493.543,10681.59,0,20.727,0.5,0.0
CUST14706,10,56067.450000000004,5606.745000000001,21320.49,0,17.566,0.3,0.0
CUST14707,10,29896.629999999997,2989.6629999999996,13005.46,0,18.957,0.0,0.0
CUST14708,10,36286.54,3628.654,14466.4,0,22.809,0.5,0.0
CUST14709,10,20030.72,2003.0720000000001,4162.67,0,21.538999999999998,0.2,0.0
CUST14710,10,50545.049999999996,5054.504999999999,12320.06,0,19.184,0.1,0.0
CUST14711,10,34971.6,3497.16,13084.68,0,18.377000000000002,0.4,0.0
CUST14712,10,43996.25,4399.625,23114.39,0,21.315,0.4,0.0
CUST14713,10,55286.35,5528.635,28401.28,0,18.784,0.2,0.0
CUST14714,10,43232.119999999995,4323.2119999999995,30280.32,1,21.978,0.4,10.0
CUST14715,10,45498.0,4549.8,15327.36,1,21.107999999999997,0.3,10.0
CUST14716,10,41913.86,4191.386,11800.08,2,23.84,0.6,20.0
CUST14717,10,30256.04,3025.6040000000003,6338.89,0,25.464,0.7,0.0
CUST14718,10,30936.21,3093.621,9674.34,0,20.0,0.3,0.0
CUST14719,10,30363.03,3036.303,15549.26,0,22.987000000000002,0.2,0.0
CUST14720,10,50896.9,5089.6900000000005,28972.24,0,17.380000000000003,0.2,0.0
CUST14721,10,63310.43,6331.043,19403.25,0,19.517000000000003,0.3,0.0
CUST14722,10,61720.509999999995,6172.0509999999995,25650.6,0,20.372,0.4,0.0
CUST14723,10,31317.629999999997,3131.763,10798.98,0,17.506,0.7,0.0
CUST14724,10,73862.15,7386.214999999999,24617.53,0,19.14,0.2,0.0
CUST14725,10,58015.799999999996,5801.58,23564.17,0,14.134,0.1,0.0
CUST14726,10,55453.69,5545.369000000001,30953.83,0,23.691,0.9,0.0
CUST14727,10,72290.64,7229.064,26583.65,0,25.163,0.3,0.0
CUST14728,10,32839.16,3283.916,9175.66,0,23.816,0.4,0.0
CUST14729,10,36974.99,3697.499,9177.46,0,23.776,0.3,0.0
CUST14730,10,45839.770000000004,4583.977000000001,14943.66,0,18.923,0.1,0.0
CUST14731,10,46546.56,4654.656,13966.0,0,27.332,0.2,0.0
CUST14732,10,18298.34,1829.834,3941.65,0,18.603,0.3,0.0
CUST14733,10,31631.07,3163.107,8998.93,0,14.45,0.1,0.0
CUST14734,10,51287.35,5128.735,15313.57,0,18.309,0.4,0.0
CUST14735,10,65853.27,6585.327,38188.05,0,16.407999999999998,0.4,0.0
CUST14736,10,47805.81,4780.581,16945.53,1,19.330000000000002,0.2,10.0
CUST14737,10,52281.6,5228.16,21103.23,1,24.326999999999998,0.5,10.0
CUST14738,10,60088.46,6008.846,18842.0,0,23.061,0.4,0.0
CUST14739,10,34462.58,3446.2580000000003,11008.22,0,17.586000000000002,0.2,0.0
CUST14740,10,34839.16,3483.916,9357.29,0,21.555,0.4,0.0
CUST14741,10,33736.56,3373.656,8554.02,0,18.968,0.2,0.0
CUST14742,10,51858.78,5185.878,24432.04,0,14.491999999999999,0.3,0.0
CUST14743,10,73717.04,7371.704,23899.77,1,18.866,0.1,10.0
CUST14744,10,53597.68,5359.768,12787.92,0,26.526,0.6,0.0
CUST14745,10,33276.38,3327.638,7957.16,0,23.927,0.2,0.0
CUST14746,10,61249.84,6124.9839999999995,23639.67,0,16.106,0.5,0.0
CUST14747,10,159380.75,15938.075,52474.84,1,21.378999999999998,0.3,10.0
CUST14748,10,39640.45,3964.0449999999996,11478.83,0,23.778,0.7,0.0
CUST14749,10,26982.54,2698.254,5689.4,1,23.035999999999998,0.6,10.0
CUST14750,10,33331.43,3333.143,8918.3,0,14.459999999999999,0.2,0.0
CUST14751,10,30439.12,3043.912,9078.66,1,20.723000000000003,0.4,10.0
CUST14752,10,29685.54,2968.554,8841.75,0,15.028,0.2,0.0
CUST14753,10,35200.74,3520.0739999999996,13653.36,0,15.497,0.5,0.0
CUST14754,10,24949.239999999998,2494.924,9387.3,0,22.544,0.4,0.0
CUST14755,10,34270.42,3427.042,9627.21,0,16.929,0.3,0.0
CUST14756,10,75600.14,7560.014,24148.84,1,20.575,0.2,10.0
CUST14757,10,38987.880000000005,3898.7880000000005,12328.69,0,23.718,0.2,0.0
CUST14758,10,23039.41,2303.941,5352.61,2,24.611,0.6,20.0
CUST14759,10,144968.07,14496.807,120573.81,1,21.866,0.2,10.0
CUST14760,10,37918.62,3791.862,12637.52,0,15.413999999999998,0.5,0.0
CUST14761,10,91104.95,9110.494999999999,35300.32,0,19.925,0.5,0.0
CUST14762,10,31422.47,3142.2470000000003,11211.01,0,16.84,0.3,0.0
CUST14763,10,58811.88,5881.188,29708.71,0,18.452,0.4,0.0
CUST14764,10,30930.83,3093.083,13637.2,0,21.184,0.2,0.0
CUST14765,10,69158.51000000001,6915.851000000001,42247.55,2,24.377000000000002,0.2,20.0
CUST14766,10,22879.95,2287.995,4814.85,0,14.281,0.4,0.0
CUST14767,10,29818.7,2981.87,9266.94,1,29.565999999999995,0.5,10.0
CUST14768,10,33344.88,3334.488,9036.78,0,26.708999999999996,0.9,0.0
CUST14769,10,37114.19,3711.4190000000003,9669.29,0,13.688999999999998,0.4,0.0
CUST14770,10,47463.94,4746.394,17297.54,0,21.647,0.1,0.0
CUST14771,10,33287.75,3328.775,8765.22,0,19.07,0.6,0.0
CUST14772,10,19948.36,1994.836,5639.65,0,19.958,0.1,0.0
CUST14773,10,75298.23,7529.822999999999,36001.27,0,18.362000000000002,0.6,0.0
CUST14774,10,38054.96,3805.496,18824.05,1,13.672,0.2,10.0
CUST14775,10,41490.13,4149.013,9030.91,0,13.273,0.4,0.0
CUST14776,10,80557.7,8055.7699999999995,38738.55,1,29.909,0.8,10.0
CUST14777,10,31150.469999999998,3115.0469999999996,11620.72,1,24.838,0.3,10.0
CUST14778,10,24000.4,2400.04,9081.29,0,19.963,0.4,0.0
CUST14779,10,45963.8,4596.38,20556.59,0,22.098,0.2,0.0
CUST14780,10,23406.02,2340.602,6279.96,0,16.996000000000002,0.5,0.0
CUST14781,10,33523.4,3352.34,9815.49,0,21.913999999999998,0.3,0.0
CUST14782,10,45298.37,4529.837,9888.4,0,24.509999999999998,0.3,0.0
CUST14783,10,27235.48,2723.548,5930.78,0,21.766,0.7,0.0
CUST14784,10,73084.3,7308.43,37849.8,0,15.264,0.2,0.0
CUST14785,10,46521.14,4652.114,18750.44,0,24.759,0.5,0.0
CUST14786,10,66475.53,6647.553,27792.25,0,19.171,0.3,0.0
CUST14787,10,30201.41,3020.141,12276.13,0,21.939,0.0,0.0
CUST14788,10,34553.240000000005,3455.3240000000005,11853.11,0,16.762,0.5,0.0
CUST14789,10,67828.56,6782.856,21205.59,1,11.666,0.4,10.0
CUST14790,10,42501.9,4250.1900000000005,16159.52,0,18.461000000000002,0.7,0.0
CUST14791,10,23529.27,2352.927,8982.75,0,22.788,0.4,0.0
CUST14792,10,35188.62,3518.862,12854.65,0,16.086000000000002,0.4,0.0
CUST14793,10,21322.22,2132.222,5022.03,0,22.807000000000002,0.2,0.0
CUST14794,10,71037.34,7103.7339999999995,38409.21,0,24.522,0.3,0.0
CUST14795,10,22893.18,2289.318,4842.62,0,28.668,0.3,0.0
CUST14796,10,82257.22,8225.722,33391.28,0,19.288,0.5,0.0
CUST14797,10,83072.77,8307.277,54623.92,0,19.91,0.2,0.0
CUST14798,10,37728.54,3772.8540000000003,16805.01,0,20.324,0.3,0.0
CUST14799,10,46425.9,4642.59,9247.73,0,17.401,0.6,0.0
CUST14800,10,49214.83,4921.483,15035.12,0,15.947,0.3,0.0
CUST14801,10,27116.28,2711.6279999999997,8671.34,0,14.946000000000002,0.3,0.0
CUST14802,10,26537.93,2653.793,6840.04,1,23.208000000000002,0.7,10.0
CUST14803,10,28752.3,2875.23,9983.96,0,17.82,0.4,0.0
CUST14804,10,50905.56,5090.556,18888.14,0,19.374000000000002,0.4,0.0
CUST14805,10,24985.23,2498.523,5947.82,0,18.209,0.5,0.0
CUST14806,10,55555.19,5555.519,12938.91,0,20.529,0.4,0.0
CUST14807,10,47842.85,4784.285,12616.24,0,25.576999999999998,0.3,0.0
CUST14808,10,50860.94,5086.094,19358.0,0,24.389,0.7,0.0
CUST14809,10,39659.01,3965.9010000000003,9202.34,0,20.659,0.5,0.0
CUST14810,10,34999.53,3499.953,10283.77,0,20.795,0.0,0.0
CUST14811,10,37138.54,3713.8540000000003,6837.71,2,20.048,0.1,20.0
CUST14812,10,42331.74,4233.174,12973.08,0,19.433999999999997,0.7,0.0
CUST14813,10,38128.15,3812.815,8513.24,0,17.649,0.5,0.0
CUST14814,10,47408.51,4740.851000000001,21766.58,0,19.296,0.6,0.0
CUST14815,10,49756.94,4975.694,13048.49,1,16.622,0.3,10.0
CUST14816,10,82434.92,8243.492,39201.77,1,19.796,0.2,10.0
CUST14817,10,29273.89,2927.389,7676.89,0,18.445,0.5,0.0
CUST14818,10,35286.65,3528.665,10947.12,0,19.072,0.2,0.0
CUST14819,10,49504.66,4950.466,11173.94,0,21.310000000000002,0.4,0.0
CUST14820,10,36694.3,3669.4300000000003,7034.31,1,20.603,0.3,10.0
CUST14821,10,167811.93,16781.193,112521.7,0,19.490000000000002,0.4,0.0
CUST14822,10,96580.79000000001,9658.079000000002,27393.95,0,20.463,0.3,0.0
CUST14823,10,32194.41,3219.441,13398.13,0,24.596,0.5,0.0
CUST14824,10,29912.55,2991.255,7939.6,0,20.706,0.1,0.0
CUST14825,10,49836.729999999996,4983.673,14272.44,0,18.551000000000002,0.3,0.0
CUST14826,10,30239.46,3023.946,6430.75,0,24.448999999999998,0.1,0.0
CUST14827,10,48294.37,4829.437,16684.29,1,20.583,0.8,10.0
CUST14828,10,30715.52,3071.552,8149.77,2,18.313,0.3,20.0
CUST14829,10,25020.260000000002,2502.0260000000003,7400.32,0,22.969,0.2,0.0
CUST14830,10,25778.91,2577.891,6218.38,2,18.762999999999998,0.4,20.0
CUST14831,10,56141.03,5614.103,17518.16,0,20.575,1.0,0.0
CUST14832,10,36435.630000000005,3643.5630000000006,10043.45,0,19.035,0.2,0.0
CUST14833,10,27785.33,2778.5330000000004,10185.27,0,20.508000000000003,0.3,0.0
CUST14834,10,35882.42,3588.2419999999997,9749.51,0,20.633,0.4,0.0
CUST14835,10,29107.66,2910.766,6916.66,0,23.386000000000003,0.3,0.0
CUST14836,10,26919.93,2691.993,7297.21,0,21.728,0.4,0.0
CUST14837,10,28347.98,2834.798,8821.92,0,25.919999999999998,0.4,0.0
CUST14838,10,66114.79000000001,6611.479000000001,19229.72,0,16.383000000000003,0.3,0.0
CUST14839,10,35351.72,3535.172,10439.0,0,22.477,0.5,0.0
CUST14840,10,61774.72,6177.472,25766.53,0,20.979000000000003,0.5,0.0
CUST14841,10,128771.87999999999,12877.187999999998,91188.22,1,24.803,0.3,10.0
CUST14842,10,43149.33,4314.933,12238.23,0,21.725,0.1,0.0
CUST14843,10,206384.89,20638.489,171352.56,0,18.372,0.4,0.0
CUST14844,10,39725.47,3972.547,14893.8,0,18.541999999999998,0.4,0.0
CUST14845,10,33112.58,3311.2580000000003,10540.38,0,17.036,0.4,0.0
CUST14846,10,29818.96,2981.8959999999997,9758.79,0,16.042,0.2,0.0
CUST14847,10,50635.43,5063.543,11459.65,0,18.509,0.2,0.0
CUST14848,10,36748.0,3674.8,12006.02,0,15.793000000000001,0.1,0.0
CUST14849,10,50306.66,5030.666,16424.45,0,21.688,0.2,0.0
CUST14850,10,155886.81,15588.681,70012.44,0,18.618000000000002,0.2,0.0
CUST14851,10,32398.6,3239.8599999999997,5388.51,0,25.944,0.2,0.0
CUST14852,10,37907.08,3790.708,11008.27,0,22.324,0.1,0.0
CUST14853,10,32573.04,3257.304,6857.14,0,15.569999999999999,0.1,0.0
CUST14854,10,29229.35,2922.935,5352.72,0,20.0,0.2,0.0
CUST14855,10,41229.29,4122.929,14413.85,1,29.195,0.4,10.0
CUST14856,10,190719.71,19071.970999999998,142320.06,1,24.974,0.6,10.0
CUST14857,10,29128.24,2912.824,8824.92,0,18.122999999999998,0.5,0.0
CUST14858,10,93826.61,9382.661,64017.18,0,18.866,0.1,0.0
CUST14859,10,50438.65,5043.865,17703.23,0,22.255000000000003,0.2,0.0
CUST14860,10,114251.82999999999,11425.182999999999,80858.04,0,22.137,0.7,0.0
CUST14861,10,30413.38,3041.338,12142.77,0,12.936000000000002,0.3,0.0
CUST14862,10,25589.06,2558.906,5472.95,0,19.963,0.0,0.0
CUST14863,10,17548.48,1754.848,4630.82,0,20.955,0.6,0.0
CUST14864,10,35810.01,3581.001,9511.75,0,20.542,0.7,0.0
CUST14865,10,41318.39,4131.839,9603.78,1,28.449,0.7,10.0
CUST14866,10,52022.9,5202.29,22690.76,0,24.262,0.2,0.0
CUST14867,10,38933.729999999996,3893.3729999999996,10761.0,0,22.187,0.1,0.0
CUST14868,10,80854.49,8085.4490000000005,46613.68,0,16.218,0.7,0.0
CUST14869,10,19095.84,1909.584,5012.6,0,18.875999999999998,0.1,0.0
CUST14870,10,31592.83,3159.2830000000004,8152.64,1,16.221,0.3,10.0
CUST14871,10,54988.12,5498.812,13974.28,0,15.137,0.6,0.0
CUST14872,10,43025.72,4302.572,15994.54,1,18.698999999999998,0.2,10.0
CUST14873,10,43204.5,4320.45,11870.23,1,19.943,0.5,10.0
CUST14874,10,26338.03,2633.803,3673.9,1,27.244,0.8,10.0
CUST14875,10,43080.17,4308.017,12265.33,1,28.71,0.8,10.0
CUST14876,10,99275.14,9927.514,49366.75,0,19.399,0.6,0.0
CUST14877,10,32399.920000000002,3239.992,11774.19,0,27.913,0.7,0.0
CUST14878,10,33285.82,3328.582,11732.54,0,14.111,0.5,0.0
CUST14879,10,29630.620000000003,2963.0620000000004,10215.77,0,20.677,0.3,0.0
CUST14880,10,30401.82,3040.182,7052.59,0,20.931,0.0,0.0
CUST14881,10,29377.77,2937.777,7707.05,0,24.111,0.4,0.0
CUST14882,10,40084.99,4008.499,10903.28,1,19.098000000000003,0.3,10.0
CUST14883,10,21578.79,2157.879,7415.61,0,15.765,0.2,0.0
CUST14884,10,37765.72,3776.572,7465.19,0,24.503999999999998,0.7,0.0
CUST14885,10,25455.39,2545.5389999999998,5036.98,0,23.316,0.1,0.0
CUST14886,10,27761.04,2776.1040000000003,7866.33,0,30.466,0.8,0.0
CUST14887,10,33973.01,3397.3010000000004,9287.14,0,19.846,0.1,0.0
CUST14888,10,116360.97,11636.097,88881.71,1,25.393,0.9,10.0
CUST14889,10,61376.25,6137.625,31447.28,2,19.805,0.4,20.0
CUST14890,10,34058.15,3405.815,7045.1,0,13.141,0.2,0.0
CUST14891,10,32358.54,3235.8540000000003,7304.46,0,17.349,0.4,0.0
CUST14892,10,24017.69,2401.769,4731.76,0,20.871000000000002,0.4,0.0
CUST14893,10,66675.75,6667.575,30685.02,0,28.052,0.5,0.0
CUST14894,10,47629.0,4762.9,19354.9,1,31.750999999999998,0.6,10.0
CUST14895,10,53529.2,5352.92,22823.56,1,15.722999999999999,0.3,10.0
CUST14896,10,26359.09,2635.909,12970.25,1,22.181,0.3,10.0
CUST14897,10,177699.00999999998,17769.900999999998,151321.86,1,18.756,1.1,10.0
CUST14898,10,39245.3,3924.53,14277.28,0,20.806,0.1,0.0
CUST14899,10,47519.17,4751.9169999999995,9559.28,0,16.637999999999998,0.5,0.0
CUST14900,10,55500.94,5550.094,12459.77,0,31.461000000000002,0.2,0.0
CUST14901,10,28188.01,2818.801,9007.3,0,11.636,0.2,0.0
CUST14902,10,56072.29,5607.229,25436.45,1,23.415,0.1,10.0
CUST14903,10,67213.64,6721.364,28955.43,0,18.814,0.4,0.0
CUST14904,10,58068.17,5806.817,22557.87,0,18.96,0.3,0.0
CUST14905,10,33562.19,3356.219,10795.34,1,19.463,0.5,10.0
CUST14906,10,25200.36,2520.036,12844.4,0,24.580000000000002,0.5,0.0
CUST14907,10,25924.61,2592.4610000000002,8395.32,2,21.092000000000002,0.2,20.0
CUST14908,10,29817.590000000004,2981.7590000000005,15759.78,0,21.107000000000003,0.3,0.0
CUST14909,10,45567.75,4556.775,10232.42,0,20.752000000000002,0.0,0.0
CUST14910,10,71905.05,7190.505,30174.25,0,26.8,0.5,0.0
CUST14911,10,44860.07,4486.007,10457.16,0,15.828,0.2,0.0
CUST14912,10,40582.45,4058.245,18194.92,0,15.27,0.2,0.0
CUST14913,10,37319.96,3731.996,8593.81,1,16.319,0.0,10.0
CUST14914,10,33715.81,3371.5809999999997,10368.43,0,21.149,0.2,0.0
CUST14915,10,33316.79,3331.679,6629.26,0,20.883,0.3,0.0
CUST14916,10,22340.23,2234.023,3707.35,0,28.476999999999997,1.0,0.0
CUST14917,10,21255.48,2125.548,4745.93,1,20.192,0.3,10.0
CUST14918,10,43556.47,4355.647,9973.98,1,25.747999999999998,0.9,10.0
CUST14919,10,71204.58,7120.4580000000005,35162.15,0,26.287,0.7,0.0
CUST14920,10,43420.97,4342.097,13930.72,1,19.533,0.3,10.0
CUST14921,10,55323.62,5532.362,13193.2,0,16.134,0.5,0.0
CUST14922,10,69286.52,6928.652,12762.35,0,24.851,0.5,0.0
CUST14923,10,50593.57,5059.357,18029.69,0,22.285000000000004,0.9,0.0
CUST14924,10,46689.71,4668.971,11172.3,0,27.287,0.4,0.0
CUST14925,10,54970.490000000005,5497.049000000001,18533.8,0,16.249000000000002,0.1,0.0
CUST14926,10,31992.84,3199.284,12552.99,0,19.424,0.6,0.0
CUST14927,10,59848.39,5984.839,18096.98,1,29.083999999999996,0.8,10.0
CUST14928,10,32269.41,3226.941,7726.32,0,17.795,0.2,0.0
CUST14929,10,34233.67,3423.3669999999997,11001.05,0,21.665,0.2,0.0
CUST14930,10,25513.399999999998,2551.3399999999997,4185.15,0,20.216,0.4,0.0
CUST14931,10,21938.73,2193.873,5579.64,0,18.181,0.5,0.0
CUST14932,10,33095.0,3309.5,7460.01,1,17.524,0.2,10.0
CUST14933,10,28224.75,2822.475,7086.19,0,22.371000000000002,0.2,0.0
CUST14934,10,69846.12,6984.611999999999,25976.67,0,19.566,0.3,0.0
CUST14935,10,55692.07,5569.207,16767.66,0,11.449,0.6,0.0
CUST14936,10,41479.08,4147.908,8689.73,0,18.554,0.3,0.0
CUST14937,10,32818.59,3281.8589999999995,7449.23,0,24.577,0.3,0.0
CUST14938,10,42796.61,4279.661,9725.97,0,20.769,0.2,0.0
CUST14939,10,36929.43,3692.943,8736.33,0,20.726,0.6,0.0
CUST14940,10,43374.62,4337.462,17022.57,0,19.46,0.5,0.0
CUST14941,10,83641.97,8364.197,50333.96,1,14.478,0.6,10.0
CUST14942,10,60948.19,6094.819,19433.71,0,20.666000000000004,0.2,0.0
CUST14943,10,41589.35,4158.9349999999995,8554.16,0,17.294,0.3,0.0
CUST14944,10,29291.36,2929.136,5454.38,0,22.219,0.7,0.0
CUST14945,10,134897.89,13489.789,95996.99,0,21.261000000000003,0.9,0.0
CUST14946,10,50333.28,5033.3279999999995,16549.74,0,20.413999999999998,0.2,0.0
CUST14947,10,45863.18,4586.318,20236.82,0,22.256999999999998,0.2,0.0
CUST14948,10,51728.27,5172.826999999999,19993.27,0,22.204,0.2,0.0
CUST14949,10,21107.79,2110.779,8938.53,0,24.604,0.7,0.0
CUST14950,10,54481.6,5448.16,25272.37,0,18.964,0.3,0.0
CUST14951,10,82983.4,8298.34,36214.38,0,16.419,0.4,0.0
CUST14952,10,63729.07,6372.907,18480.55,1,18.366,0.5,10.0
CUST14953,10,22546.19,2254.6189999999997,5767.2,0,29.052,0.5,0.0
CUST14954,10,27316.64,2731.6639999999998,4946.39,0,21.005000000000003,0.3,0.0
CUST14955,10,46016.41,4601.6410000000005,14729.43,1,17.31,0.1,10.0
CUST14956,10,30249.93,3024.993,6894.44,0,19.038999999999998,0.1,0.0
CUST14957,10,39358.33,3935.833,11980.5,0,18.924,0.2,0.0
CUST14958,10,47739.05,4773.905000000001,24912.65,0,21.246000000000002,0.4,0.0
CUST14959,10,39956.15,3995.6150000000002,12385.54,0,15.221,0.1,0.0
CUST14960,10,28483.33,2848.333,6594.16,0,15.274000000000001,0.2,0.0
CUST14961,10,46529.01,4652.901,16078.14,0,12.036,0.3,0.0
CUST14962,10,40762.52,4076.2519999999995,15581.13,0,27.131,0.2,0.0
CUST14963,10,47563.16,4756.316000000001,19456.95,1,19.957,0.7,10.0
CUST14964,10,19740.07,1974.007,4900.66,0,19.051,0.4,0.0
CUST14965,10,59565.47,5956.5470000000005,20686.91,0,23.161,0.7,0.0
CUST14966,10,30645.17,3064.517,7011.19,0,25.707,0.4,0.0
CUST14967,10,23705.010000000002,2370.501,7615.56,0,22.226999999999997,0.7,0.0
CUST14968,10,28493.4,2849.34,7662.61,0,20.544999999999998,0.6,0.0
CUST14969,10,27661.77,2766.177,7015.55,0,16.256999999999998,0.3,0.0
CUST14970,10,125758.73,12575.873,82600.96,1,18.209,0.2,10.0
CUST14971,10,50642.86,5064.286,8551.57,0,16.898000000000003,0.7,0.0
CUST14972,10,27458.480000000003,2745.8480000000004,12099.53,1,18.399,0.3,10.0
CUST14973,10,42265.840000000004,4226.584000000001,16920.65,0,15.965,0.6,0.0
CUST14974,10,48367.27,4836.727,15839.35,0,12.578,0.5,0.0
CUST14975,10,58606.9,5860.6900000000005,18184.06,0,18.256,0.2,0.0
CUST14976,10,19628.3,1962.83,7214.35,0,19.204,0.5,0.0
CUST14977,10,83342.48999999999,8334.249,35157.95,0,17.509999999999998,0.1,0.0
CUST14978,10,23946.989999999998,2394.6989999999996,7246.23,1,15.547,1.0,10.0
CUST14979,10,37840.659999999996,3784.066,12362.75,0,19.826,0.5,0.0
CUST14980,10,35148.520000000004,3514.8520000000003,10510.7,0,21.189,0.7,0.0
CUST14981,10,35545.28,3554.528,8957.59,1,22.424,0.8,10.0
CUST14982,10,29642.92,2964.292,7579.47,0,18.808,0.3,0.0
CUST14983,10,39537.2,3953.72,11208.86,0,21.255000000000003,0.2,0.0
CUST14984,10,30876.890000000003,3087.6890000000003,7217.6,0,14.485,0.3,0.0
CUST14985,10,32021.340000000004,3202.1340000000005,10231.58,0,19.366,0.6,0.0
CUST14986,10,23507.67,2350.767,5087.39,0,19.216,0.5,0.0
CUST14987,10,27544.83,2754.483,7045.67,0,25.494,0.3,0.0
CUST14988,10,22948.84,2294.884,4520.31,1,16.714000000000002,0.5,10.0
CUST14989,10,33222.3,3322.2300000000005,10689.58,0,17.137,0.3,0.0
CUST14990,10,23622.46,2362.246,7871.5,0,24.323,0.2,0.0
CUST14991,10,22418.41,2241.841,6216.96,0,15.962,0.2,0.0
CUST14992,10,59877.14,5987.714,23134.65,0,25.551,0.1,0.0
CUST14993,10,17971.920000000002,1797.1920000000002,4102.14,0,18.474,0.2,0.0
CUST14994,10,29896.99,2989.699,7348.61,1,15.996,0.3,10.0
CUST14995,10,99577.67,9957.767,41214.96,1,22.807,0.2,10.0
CUST14996,10,25658.120000000003,2565.8120000000004,6042.38,0,18.130000000000003,0.2,0.0
CUST14997,10,32178.34,3217.834,12098.25,0,26.098000000000003,0.3,0.0
CUST14998,10,20952.35,2095.2349999999997,4371.19,0,17.347,0.7,0.0
CUST14999,10,40032.93,4003.293,10407.74,0,20.745,0.5,0.0
CUST15000,10,62712.41,6271.241,19811.75,0,25.288999999999998,0.3,0.0
